mtllib DomeTerrace.mtl
# vertices
v -43.23504273504295 86.96689395072463 500
v -30.855551797212684 108.41116635949584 500
v -13.445450792101571 138.56967210846904 492
v -43.235042735042825 86.96689395071967 492
v 8.366442498987453 138.56967210846906 492
v -21.79130761920647 108.41116635949585 500
v -118.76989218881727 107.76470588235298 492
v -118.76989218881728 108.41116635947766 492
v -119.43785183043656 108.41116635947766 491.72332205732346
v -119.02385422342023 107.76470588235298 491.8948054809396
v -93.67615180229768 217.95508713589328 470.94181742605724
v -113.65781994292047 217.95508713588939 462.66513948337524
v -97.86488475079155 138.5696721084655 492
v -90.57206218911233 245.58266980846383 455.33650512658824
v 119.02385422407333 107.76470588235298 491.89480548066825
v 90.57206218903525 245.58266980915323 455.33650512619886
v 113.65781994353091 217.95508713590866 462.6651394831114
v 119.43785183109581 108.4111663594837 491.7233220570496
v 93.67615180229791 217.95508713589342 470.9418174260572
v 118.76989218881532 108.41116635948362 492
v 97.86488475079531 138.5696721084655 492
v 118.76989218881525 107.76470588235298 492
v 6.976099281768256 107.76470588235316 491.8948054809407
v 8.456095115601784 107.36814219387634 492
v 6.976099281770032 107.76470588235298 492
v 118.76989218881863 107.36814219387573 492
v 119.02385422341588 107.76470588235316 491.89480548094053
v 118.76989218881135 107.76470588235298 492
v -118.76989218881317 107.36814219387452 492
v -118.76989218881317 107.76470588234952 492
v -119.02385422340946 107.76470588234952 491.8948054809415
v -7.211393399433291 107.76470588234953 492
v -8.691389233253318 107.36814219387453 492
v -7.211393399426015 107.76470588234953 491.8948054809415
v 53.76470588235228 0 492
v 53.76470588235227 0 500
v 53.76470588235228 108.41116635949584 500
v 53.764705882352295 138.56967210846904 492
v 97.86488475079386 138.56967210846906 492
v 99.45618368982687 108.41116635949585 500
v 99.45618368982872 0 500
v 118.76989218881391 0 492
v 118.76989218881539 108.41116635948879 492
v -118.76989218881135 0 492
v -99.45618368983297 0 500
v -99.4561836898356 108.41116635949295 500
v -118.76989218881398 108.41116635949521 492
v -97.86488475079932 138.56967210846616 492
v -54 138.5696721084662 492
v -54 108.41116635949298 500
v -54 0 500
v -54 0 492
v 53.764705882353155 60.976099281768256 500
v 41.05451796596026 108.41116635949584 500
v 32.97357070559376 138.56967210846904 492
v 53.764705882352985 60.97609928176887 492
v 53.764705882353155 138.56967210846906 492
v 53.764705882352985 108.41116635949585 500
v -54 46.7886066005849 492
v -54 0 492
v -54 0 500
v -54 46.78860660058511 500
v -41.463030646395616 0 500
v -41.463030646395616 0 492
v 53.764705882353155 46.78860660058126 492
v 41.22773652875004 0 492
v 41.22773652875003 0 500
v 53.76470588235298 46.78860660058103 500
v 53.76470588235297 0 500
v 53.764705882352985 0 492
v -54 60.976099281768256 500
v -54 108.41116635949584 500
v -54 138.56967210846904 492
v -54 60.976099281767944 492
v -41.289812083603465 108.41116635949584 500
v -33.208864823245676 138.56967210846904 492
v 50.09271257420551 33.084541009535315 492
v 30.99412754459263 0 492
v 30.99412754459263 0 500
v 50.09271257420886 33.08454100953803 500
v 41.22773652874894 0 500
v 41.227736528748956 0 492
v -50.32800669185963 74.68016487280693 500
v -41.2898120836071 108.41116635949584 500
v -33.208864823240376 138.56967210846904 492
v -50.32800669185792 74.68016487280855 492
v -13.44545079209638 138.56967210846906 492
v -30.85555179721266 108.41116635949585 500
v 50.09271257421278 74.68016487280693 500
v 30.620947805222386 108.41116635949584 500
v 13.211463833633147 138.56967210846904 492
v 50.09271257421213 74.68016487280302 492
v 41.05451796596026 108.41116635949584 500
v 32.97357070559519 138.56967210846904 492
v -50.32800669186145 33.084541009549866 492
v -41.46303064639869 0 492
v -41.46303064639869 0 500
v -50.32800669186294 33.084541009553305 500
v -31.228744762956904 0 500
v -31.228744762956904 0 492
v -33.20218806835692 10.764957264949771 -500
v -28.010274087162376 5.573043283757132 -500
v -28.01027408716238 5.5730432837571335 -492
v -33.20218806835665 10.764957264951388 -492
v -20.915458990464685 3.6719933081494673 -492
v -20.9154589904694 3.6719933081501326 -500
v 43 20.797811931621254 492
v 22.20166695964505 0 492
v 22.20166695964508 0 500
v 43 20.797811931620036 500
v 30.994127544590988 0 500
v 30.994127544590988 0 492
v -43.23504273504295 20.797811931635806 492
v -31.22874476295692 0 492
v -31.22874476295692 0 500
v -43.235042735042676 20.7978119316331 500
v -22.437230803409527 0 500
v -22.437230803409527 0 492
v -0.1180615357610717 130.08495548648722 492
v -0.11806153576107332 130.08495548648722 494.2506994723444
v 8.366442499003918 138.56967210847603 492
v 43 86.96689395075009 500
v 21.55572759122515 108.41116635950675 500
v 43 86.96689395073544 492
v 13.211463833635207 138.56967210847603 492
v 30.620947805218115 108.41116635950677 500
v -0.11806153576924139 130.08495548648884 492
v -22.437751899084063 107.76470588235316 492
v -22.437751899084105 107.76470588235316 500
v -21.79130761921988 108.41116635948492 500
v -0.11806153576904066 130.08495548648864 494.2506994723393
v 21.555727591234756 108.41116635948497 500
v 22.20218806836658 107.76470588235316 500
v 22.20218806836658 107.76470588235316 492
v 27.77532336454169 102.1915705861793 500
v 6.976099281764618 107.76470588235316 500
v 6.976099281764618 107.76470588235316 492
v 27.775323364540217 102.19157058617954 492
v 22.202188068367832 107.76470588235316 500
v 22.202188068367832 107.76470588235316 492
v -28.010274087158905 5.573043283751758 492
v -22.437230803407147 0 492
v -22.437230803407147 0 500
v -28.010274087159537 5.57304328375238 500
v -7.21139339941492 0 500
v -7.21139339941492 0 492
v 27.774802263986203 5.572995667702344 492
v 6.976099281760975 0 492
v 6.97609928176098 0 500
v 27.774802263986526 5.572995667702051 500
v 22.201666959639553 0 500
v 22.201666959639553 0 492
v -28.010795168258483 102.19152297533947 500
v -22.437751899084105 107.76470588235316 500
v -22.437751899084105 107.76470588235316 492
v -28.010795168258813 102.19152297534083 492
v -7.211393399411463 107.76470588235316 500
v -7.211393399411463 107.76470588235316 492
v -33.20218806837147 97 500
v -28.010795168253274 102.1915229753431 500
v -28.01079516825327 102.1915229753431 492
v -33.202188068368436 97 492
v -20.91545899045741 104.09271257421096 492
v -20.915458990454155 104.09271257421169 500
v 32.96689395071735 10.76495726495341 492
v 20.680164872814203 3.6719933081440104 492
v 20.680164872814203 3.6719933081476483 500
v 32.966893950725265 10.764957264962675 500
v 27.77480226398904 5.57299566770457 500
v 27.774802263982565 5.572995667700525 492
v 32.96689395071735 97 500
v 20.680164872814203 104.09271257420914 500
v 20.680164872814203 104.09271257420914 492
v 32.96689395071622 97 492
v 27.775323364538053 102.19157058618111 500
v 27.77532336453913 102.19157058618066 492
v -33.20218806837511 10.764957264964323 492
v -28.01027408716618 5.573043283753605 492
v -28.01027408716618 5.573043283753605 500
v -33.20218806837399 10.764957264961406 500
v -20.915458990450134 3.6719933081403724 500
v -20.9154589904547 3.671993308141647 492
v -50.32800669185781 33.08454100954623 -500
v -41.463030646395055 0 -500
v -41.463030646395055 0 -492
v -50.328006691856245 33.084541009541894 -492
v -31.228744762956786 0 -492
v -31.228744762956786 0 -500
v -119.43785183049476 108.41116635949386 -491.7233220572998
v -118.76989218881863 108.41116635949403 -492
v -118.76989218881697 107.76470588235298 -492
v -119.0238542234657 107.76470588235298 -491.89480548092064
v -113.65781994294957 217.95508713590783 -462.66513948335523
v -93.67615180229768 217.95508713590783 -470.9418174260518
v -97.86488475078919 138.56967210848183 -492
v -90.57206218911506 245.58266980843473 -455.33650512660824
v 97.86488475078455 138.56967210848183 -492
v 93.6761518022889 217.9550871359078 -470.9418174260518
v 119.023854223413 107.76470588235297 -491.89480548094093
v 118.76989218881327 107.76470588235297 -492
v 90.57206218911506 245.58266980838306 -455.33650512663746
v 118.76989218881327 108.41116635949362 -492
v 119.43785183044041 108.41116635949338 -491.72332205732016
v 113.6578199428943 217.95508713591028 -462.6651394833743
v 6.976099281771729 107.76470588235316 -491.89480548094434
v 6.976099281771701 107.76470588235316 -492
v 8.456095115603736 107.36814219387644 -492
v 118.76989218881499 107.76470588235316 -492
v 119.02385422340419 107.76470588235316 -491.8948054809446
v 118.76989218881499 107.3681421938776 -492
v -119.02385422341467 107.76470588235134 -491.8948054809407
v -118.76989218881499 107.76470588235134 -492
v -118.76989218881496 107.36814219387512 -492
v -7.211393399418739 107.76470588235134 -492
v -7.211393399421468 107.76470588235134 -491.894805480941
v -8.69138923324499 107.36814219387617 -492
v 53.76470588235044 0 -500
v 53.76470588235044 0 -492
v 53.76470588235045 138.56967210847424 -492
v 53.76470588235045 108.41116635950563 -500
v 118.76989218881324 108.41116635949454 -492
v 97.86488475079022 138.56967210847424 -492
v 118.76989218881316 0 -492
v 99.45618368982822 0 -500
v 99.45618368982468 108.41116635950563 -500
v -99.45618368981377 0 -500
v -118.76989218878997 0 -492
v -118.76989218880044 108.41116635950479 -492
v -99.45618368981735 108.41116635951309 -500
v -97.8648847507863 138.569672108474 -492
v -54 138.569672108474 -492
v -54 0 -492
v -54 0 -500
v -54 108.41116635951306 -500
v 53.764705882353155 60.97609928176098 -492
v 32.973570705591555 138.56967210846778 -492
v 41.05451796595699 108.4111663594986 -500
v 53.764705882352985 60.97609928175938 -500
v 53.764705882353155 138.56967210846778 -492
v 53.764705882353155 108.4111663594986 -500
v -54 46.7886066005849 -500
v -54 0 -500
v -54 0 -492
v -54 46.78860660058529 -492
v -41.46303064639557 0 -492
v -41.46303064639557 0 -500
v 53.764705882353155 46.78860660058854 -500
v 41.22773652874822 0 -500
v 41.22773652874821 0 -492
v 53.764705882352985 46.788606600587784 -492
v 53.764705882352985 0 -492
v 53.764705882352985 0 -500
v -54 60.976099281768256 -492
v -54 138.56967210847506 -492
v -54 108.41116635950588 -500
v -54 60.97609928176794 -500
v -33.2088648232384 138.56967210847506 -492
v -41.289812083603465 108.41116635950588 -500
v 50.09271257421278 33.084541009549866 -500
v 30.99412754458899 0 -500
v 30.99412754458899 0 -492
v 50.09271257421199 33.08454100954976 -492
v 41.22773652874892 0 -492
v 41.22773652874892 0 -500
v -50.32800669186145 74.68016487279965 -492
v -33.20886482324204 138.56967210846778 -492
v -41.289812083607686 108.41116635949861 -500
v -50.328006691860274 74.68016487280478 -500
v -13.445450792103657 138.56967210846778 -492
v -30.855551797212684 108.41116635949861 -500
v 50.09271257421642 74.68016487279237 -492
v 13.211463833627931 138.56967210847506 -492
v 30.620947805214872 108.41116635950587 -500
v 50.092712574213635 74.68016487279745 -500
v 32.97357070559519 138.56967210847506 -492
v 41.05451796595662 108.41116635950587 -500
v -492 107.76470588234952 118.76989218881022
v -492 108.41116635949584 118.76989218881025
v -492 138.56967210846773 97.86488475079281
v -492 138.56967210846787 -97.8648847507929
v -492 108.41116635949061 -118.769892188813
v -492 107.76470588235298 -118.769892188813
v -470.94181742604997 217.95508713591062 -93.67615180229092
v -470.94181742605 217.9550871359104 93.67615180229598
v -491.7233220572998 108.41116635949462 119.43785183048749
v -491.8948054809219 107.76470588234952 119.02385422345627
v -491.8948054809407 107.76470588235298 -119.02385422341104
v -491.72332205732107 108.41116635949061 -119.43785183043795
v -462.6651394833516 217.9550871359104 113.65781994295321
v -462.66513948337126 217.95508713591278 -113.65781994289684
v -455.3365051266329 245.58266980838914 -90.57206218911526
v -455.336505126604 245.58266980844024 90.57206218911418
v -43.235042735039315 86.96689395072463 -492
v -13.44545079209638 138.56967210847506 -492
v -30.85555179720519 108.41116635950588 -500
v -43.23504273503816 86.96689395072474 -500
v 8.36644249899473 138.56967210847506 -492
v -21.79130761919805 108.41116635950588 -500
v 43 20.797811931617616 -500
v 22.20166695964505 0 -500
v 22.20166695964508 0 -492
v 43 20.797811931619684 -492
v 30.99412754459083 0 -492
v 30.99412754459083 0 -500
v -43.23504273504295 20.797811931635806 -500
v -31.22874476295692 0 -500
v -31.22874476295692 0 -492
v -43.235042735042676 20.797811931633095 -492
v -22.437230803409527 0 -492
v -22.437230803409523 0 -500
v -0.11806153576809417 130.08495548648747 -494.2506994723444
v -0.11806153576808542 130.08495548648747 -492
v 8.366442498994866 138.5696721084742 -492
v 43 86.96689395072463 -492
v 21.555727591213323 108.41116635950611 -500
v 43 86.96689395071925 -500
v 13.21146383363157 138.5696721084742 -492
v 30.620947805218748 108.41116635950611 -500
v -0.11806153576827505 130.0849554864879 -494.2506994723442
v -21.79130761919805 108.41116635950675 -500
v -22.437751899080475 107.76470588235316 -500
v -22.437751899080467 107.76470588235316 -492
v -0.11806153576795708 130.08495548648762 -492
v 22.202188068366745 107.76470588235316 -492
v 22.202188068366596 107.76470588235316 -500
v 21.55572759121302 108.41116635950672 -500
v 27.77532336454169 102.1915705861793 -492
v 6.976099281764618 107.76470588235316 -492
v 6.9760992817646015 107.76470588235316 -500
v 27.77532336454024 102.19157058617954 -500
v 22.202188068367832 107.76470588235316 -492
v 22.202188068367832 107.76470588235316 -500
v -28.010274087158905 5.573043283751758 -500
v -22.437230803407147 0 -500
v -22.437230803407147 0 -492
v -28.010274087159537 5.57304328375238 -492
v -7.21139339941492 0 -492
v -7.2113933994149235 0 -500
v 27.774802263986203 5.572995667702344 -500
v 6.976099281760977 0 -500
v 6.97609928176098 0 -492
v 27.774802263986157 5.572995667701954 -492
v 22.201666959639287 0 -492
v 22.201666959639287 0 -500
v -28.010795168254845 102.19152297533947 -492
v -22.437751899080467 107.76470588235316 -492
v -22.437751899080475 107.76470588235316 -500
v -28.010795168253686 102.19152297534232 -500
v -7.211393399411463 107.76470588235316 -492
v -7.211393399411463 107.76470588235316 -500
v -33.202188068378746 97 -492
v -28.01079516826071 102.19152297533768 -492
v -28.010795168260717 102.19152297533768 -500
v -33.2021880683729 97 -500
v -20.915458990464685 104.0927125742055 -500
v -20.915458990465545 104.0927125742052 -492
v 32.96689395071735 10.76495726495341 -500
v 20.680164872814203 3.6719933081440104 -500
v 20.680164872814203 3.6719933081476483 -492
v 32.96689395072461 10.764957264962295 -492
v 27.774802263988665 5.57299566770447 -492
v 27.774802263982565 5.572995667700525 -500
v 32.96689395071735 97 -492
v 20.680164872814203 104.09271257420914 -492
v 20.680164872814203 104.09271257420914 -500
v 32.96689395071632 97 -500
v 27.775323364538053 102.19157058618111 -492
v 27.775323364539126 102.19157058618066 -500
v 492 138.56967210846778 -6.445450792100019
v 492 86.96689395072099 -36.235042735039315
v 492 138.5696721084716 15.366442498994779
v 500 108.41116635949318 -14.791307619206979
v 500 86.96689395072104 -36.23504273503927
v 500 108.4111663594916 -23.855551797212595
v 492 107.36814219388181 118.76989218881036
v 491.894805480942 107.76470588235316 119.0238542234074
v 491.894805480943 107.76470588235316 13.976099281768256
v 492 107.36814219388539 15.456095115566875
v 492 107.76470588235316 13.976099281768228
v 492 107.76470588235316 118.76989218881037
v 492 107.36814219387834 -1.6913892332369613
v 491.8948054809416 107.76470588235134 -0.21139339941873914
v 491.89480548094275 107.76470588235134 -119.02385422340971
v 492 107.36814219388256 -118.76989218881434
v 492 107.76470588235134 -118.76989218881434
v 492 107.76470588235134 -0.21139339941876226
v 492 138.56967210847142 60.76470588235498
v 492 0 60.764705882354974
v 492 0 118.76989218881215
v 492 108.41116635949278 118.76989218881265
v 492 138.56967210847128 97.86488475079153
v 500 0 60.76470588235497
v 500 108.41116635949291 60.764705882354974
v 500 0 99.45618368983001
v 500 108.4111663594911 99.45618368982949
v 492 138.5696721084719 -97.86488475079301
v 492 108.41116635949213 -118.76989218881458
v 492 0 -118.76989218881467
v 492 0 -47
v 492 138.56967210847188 -47
v 500 108.41116635949331 -47
v 500 0 -47
v 500 0 -99.456183689831
v 500 108.41116635949336 -99.45618368983095
v 492 138.56967210846778 39.97357070559519
v 492 60.97609928177553 60.764705882353155
v 492 138.56967210847142 60.76470588235314
v 500 60.97609928177559 60.76470588235314
v 500 108.4111663594885 48.05451796596367
v 500 108.41116635949074 60.764705882353134
v 492 46.7886066005849 -47
v 492 0 -47
v 492 0 -34.463030646395744
v 500 0 -34.46303064639575
v 500 0 -47
v 500 46.78860660058487 -47
v 492 138.56967210846778 -47
v 492 60.976099281768256 -47
v 492 138.56967210847165 -26.208864823239796
v 500 60.97609928176826 -47
v 500 108.41116635948563 -47
v 500 108.41116635948799 -34.289812083609156
v 492 0 60.764705882351336
v 492 46.78860660058126 60.764705882351336
v 492 0 48.22773652874833
v 500 46.78860660058133 60.76470588235135
v 500 0 60.76470588235135
v 500 0 48.22773652874832
v 492 0 37.99412754458899
v 492 0 48.22773652875185
v 492 33.08454100955348 57.09271257421591
v 500 33.08454100955348 57.09271257421592
v 500 0 48.22773652875186
v 500 0 37.994127544589006
v 492 138.56967210847142 -26.20886482324022
v 492 74.6801648728142 -43.32800669185599
v 492 138.56967210847154 -6.445450792101475
v 500 108.41116635949302 -23.855551797215647
v 500 74.68016487281416 -43.328006691856004
v 500 108.41116635949297 -34.28981208360792
v 492 138.56967210847506 20.21146383363157
v 492 74.68016487281056 57.092712574209145
v 492 138.56967210847165 39.9735707055919
v 500 74.68016487281051 57.092712574209166
v 500 108.41116635949174 37.62094780522638
v 500 108.41116635948994 48.054517965960684
v 492 0 -34.463030646395055
v 492 0 -24.22874476295692
v 492 33.08454100954284 -43.32800669185691
v 500 33.08454100954288 -43.32800669185692
v 500 0 -24.228744762956907
v 500 0 -34.463030646395055
v 491.89480548093553 107.76470588235134 -119.02385422342714
v 491.8948054809404 107.76470588235135 119.02385422341068
v 491.72332205732357 108.41116635947681 119.43785183042854
v 462.6651394833711 217.95508713591445 113.65781994289337
v 455.3365051266355 245.5826698083872 90.57206218911692
v 455.3365051266301 245.58266980839366 -90.57206218910689
v 462.6651394833725 217.95508713589163 -113.65781994291675
v 491.72332205731465 108.41116635949209 -119.4378518304548
v 492 107.76470588235135 118.76989218880976
v 492 107.76470588235134 -118.7698921888144
v 470.9418174260494 217.95508713591437 93.67615180229751
v 470.9418174260601 217.95508713589217 -93.67615180228572
v 492 138.56967210846284 97.86488475079673
v 492 108.41116635947725 118.76989218880972
v 492 108.411166359492 -118.7698921888144
v 492 138.5696721084761 -97.8648847507893
v 492 0 37.99412754458899
v 492 20.797811931624892 50
v 492 0 29.201666959640264
v 500 0 29.201666959640225
v 500 20.797811931625024 50
v 500 0 37.994127544589006
v 492 0 -24.228744762949646
v 492 0 -15.437230803403509
v 492 20.7978119316382 -36.2350427350454
v 500 20.797811931638197 -36.2350427350454
v 500 0 -15.43723080340351
v 500 0 -24.228744762949646
v 492 138.56967210847156 15.366442498994017
v 492 130.08495548648716 6.881938464233826
v 492 86.96689395072349 50
v 492 138.5696721084715 20.21146383363902
v 494.2506994723444 130.08495548648716 6.881938464233829
v 500 86.96689395072377 50
v 500 108.41116635949537 28.555727591225967
v 500 108.41116635949234 37.620947805228674
v 492 130.08495548648716 6.881938464230188
v 492 107.76470588235134 -15.437751899084105
v 492 107.76470588235134 29.202188068368507
v 500 107.76470588235134 29.202188068368432
v 500 107.76470588235134 -15.437751899084098
v 494.25069947234294 130.08495548648716 6.8819384642301795
v 500 108.41116635949325 -14.791307619211251
v 500 108.41116635949865 28.555727591221043
v 492 102.19157058617566 34.77532336454897
v 492 107.76470588235316 29.20218806837147
v 492 107.76470588235316 13.976099281767498
v 500 107.76470588235316 29.20218806837147
v 500 102.19157058617566 34.77532336454897
v 500 107.76470588235316 13.976099281767498
v 492 0 -15.437230803407147
v 492 0 -0.21139339941873914
v 492 5.573043283751823 -21.01027408716127
v 500 5.573043283751824 -21.01027408716127
v 500 0 -0.21139339941873733
v 500 0 -15.437230803407147
v 492 107.76470588235316 -0.21139339941873914
v 492 107.76470588235316 -15.43775189907683
v 492 102.19152297534367 -21.01079516824871
v 500 102.19152297534367 -21.010795168248713
v 500 107.76470588235316 -15.437751899076833
v 500 107.76470588235316 -0.21139339941873989
v 492 0 29.201666959641443
v 492 5.572995667695068 34.77480226397893
v 492 0 13.976099281779444
v 500 5.572995667695075 34.77480226397894
v 500 0 29.20166695964145
v 500 0 13.976099281779433
v 492 97 -26.202188068367832
v 492 104.09271257421278 -13.915458990450134
v 492 102.19152297534325 -21.010795168252773
v 500 104.09271257421278 -13.915458990450135
v 500 97 -26.20218806836783
v 500 102.19152297534325 -21.010795168252773
v 492 5.572995667702344 34.7748022639862
v 492 10.764957264967961 39.9668939507319
v 492 3.671993308139733 27.680164872797967
v 500 10.764957264967968 39.96689395073191
v 500 5.5729956677023464 34.77480226398621
v 500 3.6719933081397347 27.680164872797967
v 492 97 39.9668939507319
v 492 102.1915705861793 34.77532336454533
v 492 104.09271257421095 27.68016487280857
v 500 102.1915705861793 34.77532336454533
v 500 97 39.96689395073189
v 500 104.09271257421095 27.680164872808586
v 492 5.573043283751758 -21.010274087158905
v 492 3.6719933081403724 -13.915458990450134
v 492 10.764957264960369 -26.20218806836983
v 500 10.764957264960369 -26.202188068369825
v 500 3.6719933081403724 -13.91545899045013
v 500 5.573043283751758 -21.0102740871589
v -500 86.96689395072099 -36.235042735039315
v -500 108.41116635949037 -14.791307619212603
v -500 108.41116635949035 -23.855551797215952
v -492 138.56967210847142 -6.445450792100019
v -492 138.5696721084705 15.366442498990907
v -492 86.96689395072103 -36.23504273503927
v -492 107.36814219387452 118.76989218881317
v -492 107.76470588234952 118.76989218881317
v -492 107.76470588234952 13.976099281780819
v -492 107.36814219387517 15.456095115603851
v -491.8948054809407 107.76470588234952 119.02385422341467
v -491.89480548094434 107.76470588234952 13.976099281780833
v -492 107.36814219387627 -1.6913892332442373
v -492 107.76470588235316 -0.21139339941146318
v -492 107.76470588235316 -118.76989218881499
v -492 107.36814219387801 -118.76989218881499
v -491.894805480941 107.76470588235316 -119.02385422341443
v -491.89480548094053 107.76470588235316 -0.21139339941151306
v -500 0 60.76470588234952
v -500 0 99.45618368982907
v -500 108.41116635949037 99.45618368982832
v -500 108.41116635949037 60.7647058823529
v -492 138.5696721084705 60.7647058823529
v -492 138.5696721084705 97.86488475079125
v -492 108.41116635949038 118.76989218881135
v -492 0 118.76989218881211
v -492 0 60.76470588234952
v -500 0 -47
v -500 108.41116635949038 -47
v -500 108.4111663594904 -99.45618368982832
v -500 0 -99.45618368982832
v -492 138.56967210847063 -97.86488475079102
v -492 138.56967210847068 -47
v -492 0 -118.76989218881499
v -492 108.41116635948765 -118.76989218881499
v -492 0 -47
v -500 108.41116635949037 60.764705882353155
v -500 108.41116635949037 48.05451796595662
v -500 60.976099281750145 60.76470588235289
v -492 138.56967210847142 39.97357070558792
v -492 138.5696721084705 60.764705882353155
v -492 60.976099281750145 60.76470588235289
v -500 0 -47
v -500 0 -34.463030646396874
v -500 46.78860660058185 -47
v -492 46.78860660058187 -47
v -492 0 -34.46303064639687
v -492 0 -47
v -500 60.97609928174643 -47
v -500 108.41116635949038 -34.289812083603465
v -500 108.41116635949038 -47
v -492 138.56967210847142 -47
v -492 138.5696721084705 -26.20886482323505
v -492 60.97609928174643 -47
v -500 0 48.22773652874457
v -500 0 60.764705882351336
v -500 46.78860660057924 60.76470588235134
v -492 46.788606600579236 60.76470588235134
v -492 0 60.764705882351336
v -492 0 48.22773652874457
v -500 0 37.99412754459627
v -500 0 48.22773652875185
v -500 33.084541009552886 57.09271257421573
v -492 33.084541009552886 57.09271257421573
v -492 0 48.22773652875185
v -492 0 37.99412754459627
v -500 74.68016487279965 -43.32800669185963
v -500 108.41116635949038 -23.855551797212684
v -500 108.41116635949038 -34.28981208360842
v -492 138.56967210847142 -26.20886482324022
v -492 138.5696721084705 -6.445450792097553
v -492 74.68016487279962 -43.328006691859635
v -500 108.41116635949038 48.054517965963896
v -500 108.41116635949038 37.6209478052333
v -500 74.68016487282785 57.092712574205365
v -492 138.56967210847142 20.211463833638845
v -492 138.5696721084705 39.97357070559552
v -492 74.68016487282786 57.09271257420536
v -500 0 -34.463030646395055
v -500 0 -24.228744762953283
v -500 33.08454100955534 -43.32800669186051
v -492 33.08454100955535 -43.32800669186051
v -492 0 -24.22874476295328
v -492 0 -34.463030646395055
v -500 0 -49.2457016785792
v -500 -26 -49.2457016785792
v -500 -26 49.24570167857746
v -500 0 49.24570167857746
v -480.7855931932301 -26 145.84464964693848
v -480.7855931932301 0 145.84464964693848
v -480.7855931932315 0 -145.84462033754772
v -480.7855931932315 -26 -145.84462033754772
v -443.0953455688024 0 -236.83881202754176
v -443.0953455688024 -26 -236.83881202754176
v -443.09534556880214 -26 236.8388120275428
v -443.09534556880214 0 236.8388120275428
v -388.3753601944897 0 -318.73111782477105
v -388.3753601944897 -26 -318.73111782477105
v -388.3753601944899 -26 318.7311178247713
v -388.3753601944899 0 318.7311178247713
v -318.73142099205796 -26 388.3753601944887
v -318.73142099205796 0 388.3753601944887
v -318.731420992058 0 -388.3753601944877
v -318.731420992058 -26 -388.3753601944877
v -236.8382253349244 0 -443.09425210805523
v -236.8382253349244 -26 -443.09425210805523
v -236.8382253349208 -26 443.0942521080569
v -236.8382253349208 0 443.0942521080569
v -145.84462033754374 0 -480.7852804032314
v -145.84462033754374 -26 -480.7852804032314
v -145.8446203375478 -26 480.78528040323
v -145.8446203375478 0 480.78528040323
v -49.245701678583224 -26 500
v -49.245701678583224 0 500
v -49.24570167858474 -26 -500
v -49.24570167858225 0 -500
v 49.24545063672031 0 500
v 49.24545063672007 -26 500
v 500 -26 49.245701678582776
v 480.78528040322885 -26 145.84464964693214
v 443.09462915601034 -26 236.83881202754398
v 388.3753601944878 -26 318.7311178247736
v 318.7320916905438 -26 388.375360194489
v 236.83881202754378 -26 443.0942521080559
v 145.84462033754653 -26 480.7852804032301
v 49.245450636720435 -26 -500
v 145.84462033754585 -26 -480.7852804032311
v 236.83881202754384 -26 -443.0942521080563
v 318.7320916905436 -26 -388.37536019448714
v 388.3753601944879 -26 -318.7311178247728
v 443.0946291560103 -26 -236.83881202754276
v 480.78528040322897 -26 -145.8446203375444
v 500 -26 -49.24570167858158
v 500 0 -49.245701678581675
v 480.78528040322897 0 -145.8446203375445
v 443.09462915601034 0 -236.83881202754267
v 388.37536019448794 0 -318.7311178247727
v 318.7320916905435 0 -388.3753601944872
v 236.838812027544 0 -443.0942521080562
v 145.84462033754858 0 -480.78528040323
v 49.24545063671758 0 -500
v 145.84462033754642 0 480.7852804032302
v 236.83881202754367 0 443.094252108056
v 318.7320916905435 0 388.3753601944893
v 388.37536019448777 0 318.7311178247736
v 443.09462915601034 0 236.83881202754378
v 480.78528040322885 0 145.84464964693188
v 500 0 49.245701678582634
v -500 0 37.99412754459263
v -500 20.797811931639444 50
v -500 0 29.20166695963665
v -492 0 29.201666959636622
v -492 20.797811931639508 50
v -492 0 37.99412754459263
v -500 0 -24.228744762953283
v -500 0 -15.437230803410785
v -500 20.797811931630285 -36.23504273504112
v -492 20.797811931630296 -36.23504273504113
v -492 0 -15.437230803410781
v -492 0 -24.228744762953283
v -500 86.96689395071007 50
v -500 108.41116635949038 37.6209478052333
v -500 108.41116635949038 28.55572759122918
v -492 138.56967210847057 15.36644249899147
v -494.25069947234243 130.08495548648727 6.881938464231981
v -492 138.5696721084706 20.211463833640202
v -492 86.96689395071009 50
v -492 130.08495548648727 6.8819384642319825
v -500 107.76470588235316 29.20218806837147
v -500 108.4111663594904 28.555727591232426
v -500 108.41116635949038 -14.791307619212603
v -500 107.76470588235298 -15.437751899080927
v -494.2506994723426 130.08495548648352 6.881938464230188
v -492 107.76470588235298 -15.437751899080952
v -492 130.08495548648352 6.881938464230185
v -492 107.76470588235316 29.20218806837147
v -500 107.76470588235316 29.202188068367832
v -500 107.76470588235316 13.976099281753704
v -500 102.1915705861756 34.775323364544064
v -492 102.1915705861756 34.77532336454405
v -492 107.76470588235316 13.9760992817537
v -492 107.76470588235316 29.202188068367818
v -500 0 -15.437230803407147
v -500 0 -0.21139339941873914
v -500 5.573043283751891 -21.010274087161523
v -492 5.573043283751891 -21.010274087161523
v -492 0 -0.21139339941873825
v -492 0 -15.437230803407147
v -500 102.19152297534129 -21.010795168254845
v -500 107.76470588235134 -0.21139339941873914
v -500 107.76470588235134 -15.437751899082036
v -492 107.76470588235134 -15.437751899082034
v -492 107.76470588235134 -0.21139339941874263
v -492 102.19152297534129 -21.01079516825484
v -500 0 13.976099281753704
v -500 0 29.201666959641443
v -500 5.572995667701584 34.77480226399164
v -492 5.572995667701584 34.77480226399164
v -492 0 29.201666959641443
v -492 0 13.976099281753708
v -500 104.09271257421096 -13.915458990450134
v -500 102.1915229753431 -21.010795168251207
v -500 97 -26.202188068363363
v -492 102.1915229753431 -21.010795168251207
v -492 104.09271257421096 -13.915458990450139
v -492 97 -26.202188068363363
v -500 5.572995667695068 34.7748022639862
v -500 10.764957264957047 39.96689395072099
v -500 3.671993308143504 27.68016487281249
v -492 3.6719933081435023 27.680164872812483
v -492 10.76495726495705 39.96689395072099
v -492 5.572995667695069 34.7748022639862
v -500 102.19157058617566 34.77532336454533
v -500 104.09271257420187 27.680164872828755
v -500 97 39.966893950713455
v -492 97 39.96689395071341
v -492 104.09271257420185 27.680164872828776
v -492 102.19157058617566 34.775323364545315
v -500 5.573043283749939 -21.010274087158905
v -500 3.6719933081403724 -13.91545899045741
v -500 10.76495726495068 -26.20218806836032
v -492 10.764957264950686 -26.202188068360325
v -492 3.6719933081403724 -13.915458990457406
v -492 5.573043283749941 -21.010274087158905
v -231.13484584868274 313.0537255270063 -345.9177422499124
v -214.15764812215275 313.05372552700607 -362.8949399764424
v -235.74563333999362 245.58266980839218 -395.20364305780345
v -262.5358379211377 214.91311331325815 -392.9126479389619
v -195.3483323195178 341.49783218049924 -343.35072330358526
v -208.117877633631 317.85430147017905 -362.46169840729954
v -112.753839985986 245.58266980839122 -446.1485119256235
v -92.19032647308086 214.91311331324962 -463.4720690701319
v -104.63378026783676 317.8543014701768 -405.32621502615115
v -77.96793446432275 341.49783218049924 -391.971276051956
v 345.9177422499124 313.05372552701385 231.1348458486682
v 214.15764812214184 313.05372552701374 362.89493997643785
v 208.117877633631 317.85430147017905 362.46169840729635
v 162.50828231842752 402.30303014407764 294.20211522571844
v 173.07685357069536 420.55136069237307 259.0278164379165
v 259.0278164379084 420.5513606923729 173.0768535707038
v 189.1938421507573 402.3030301440775 283.148594423649
v 222.033892151858 341.49783218050067 332.2972025015071
v 212.62165966910206 317.85430147017905 360.59617080623195
v 262.72435116120175 402.30303014407764 209.61808541320426
v 311.87295923906356 341.4978321805002 242.45813541430203
v 259.02781643790513 420.5513606923789 -173.07685357069568
v 173.07685357069204 420.5513606923778 -259.0278164379124
v 162.50828231842388 402.3030301440813 -294.2021152257148
v 208.1178776336357 317.854301470169 -362.461698407306
v 214.15764812213607 313.0537255270127 -362.894939976447
v 345.91774224991923 313.05372552700834 -231.1348458486676
v 189.1938421507548 402.3030301440815 -283.1485944236447
v 212.62165966909927 317.854301470169 -360.59617080624474
v 222.03389215185933 341.4978321804988 -332.29720250150905
v 262.7243511611996 402.30303014408094 -209.61808541319988
v 311.8729592390664 341.49783218049873 -242.45813541430107
v -345.91774224991605 313.0537255270101 231.13484584867
v -311.87295923906277 341.49783218049924 242.4581354143047
v -262.7243511612017 402.3030301440744 209.6180854132107
v -259.02781643790513 420.5513606923829 173.0768535706852
v -214.15764812213274 313.0537255270174 362.8949399764442
v -212.6216596690938 317.85430147017905 360.59617080623866
v -222.03389215185203 341.4978321805036 332.29720250150933
v -189.193842150762 402.3030301440745 283.1485944236513
v -173.0768535706889 420.5513606923844 259.0278164378992
v -208.11787763362372 317.85430147017917 362.46169840730363
v -162.5082823184057 402.3030301440746 294.20211522572936
v 262.5358379211258 214.91311331325403 -392.91264793897165
v 235.74563333998958 245.58266980838127 -395.20364305781186
v 90.5720621891187 245.5826698083838 -455.33650512663553
v 97.8648847507895 107.36814219386625 -492
v 278.69561269645976 107.36814219387325 -417.0974599911052
v 113.65781994290434 217.95508713590868 -462.66513948337143
v 117.8465528914066 138.5696721084713 -483.72332205731914
v 244.5853326745455 217.95508713590948 -408.4331880221507
v 258.7139445558445 138.5696721084731 -425.3741379337869
v 247.24253122426964 214.91311331324906 -408.20595463582964
v 278.6956126964523 107.36814219388282 417.097459991107
v 97.86488475078363 107.36814219387452 492
v 90.57206218911801 245.58266980837652 455.33650512663735
v 235.745633339992 245.58266980837416 395.2036430578114
v 262.5358379211252 214.91311331325105 392.91264793897176
v 117.84655289139664 138.56967210846778 483.72332205732346
v 113.65781994290228 217.95508713590243 462.6651394833734
v 244.58533267455468 217.9550871359011 408.4331880221478
v 247.24253122426921 214.91311331325167 408.2059546358276
v 258.7139445558437 138.56967210847333 425.3741379337858
v -278.69561269646147 107.36814219387452 417.0974599911042
v -258.71394455585323 138.5696721084605 425.37413793378255
v -247.24253122427353 214.91311331325207 408.20595463582583
v -262.53583792113113 214.91311331325187 392.91264793896835
v -244.58533267455314 217.95508713590795 408.43318802214674
v -235.7456333399902 245.58266980838155 395.20364305781004
v -97.86488475079386 107.36814219386724 492
v -117.8465528914021 138.56967210845673 483.72332205732346
v -113.65781994291319 217.95508713590795 462.6651394833716
v -90.57206218912411 245.5826698083882 455.3365051266337
v -262.53583792113204 214.9131133132489 -392.9126479389706
v -247.242531224274 214.91311331324897 -408.2059546358287
v -258.7139445558553 138.56967210845505 -425.3741379337866
v -278.6956126964688 107.36814219385678 -417.0974599911061
v -235.74563333998594 245.5826698083947 -395.20364305781004
v -244.58533267454914 217.95508713591335 -408.4331880221498
v -117.84655289140534 138.56967210846005 -483.723322057324
v -97.86488475079287 107.36814219386251 -492
v -113.6578199429089 217.95508713591175 -462.6651394833727
v -90.57206218911597 245.5826698083947 -455.33650512663553
v -92.19032647309177 214.91311331326142 463.47206907012696
v -90.57206218912324 245.5826698083824 455.3365051266337
v -112.75383998598649 245.58266980838206 446.1485119256268
v -82.4520024709656 317.8543014701836 414.5142082271555
v -104.63378026783255 317.85430147018394 405.32621502614666
v -77.96793446431778 341.4978321805036 391.97127605195465
v 90.57206218912296 245.58266980838243 455.3365051266337
v 92.19032647308501 214.91311331326156 463.4720690701269
v 82.45200247096363 317.8543014701836 414.5142082271555
v 77.96793446431548 341.4978321805035 391.97127605195476
v 104.63378026783366 317.8543014701796 405.3262150261499
v 112.7538399859785 245.58266980838482 446.1485119256284
v -92.19032647308632 214.91311331325414 -463.4720690701324
v -112.75383998598772 245.5826698083813 -446.14851192562855
v -90.57206218911824 245.58266980838107 -455.3365051266385
v -104.63378026783175 317.85430147018 -405.32621502615075
v -82.45200247096702 317.85430147017945 -414.5142082271589
v -77.96793446431947 341.4978321804987 -391.9712760519589
v 112.75383998597819 245.58266980838104 -446.14851192563185
v 104.63378026783609 317.85430147017325 -405.32621502615484
v 77.96793446431548 341.4978321804986 -391.9712760519589
v 92.1903264730806 214.91311331325412 -463.4720690701324
v 82.45200247097091 317.8543014701794 -414.5142082271589
v 90.57206218911574 245.58266980838104 -455.3365051266385
v -262.53583792113204 214.91311331325414 392.9126479389688
v -235.7456333399823 245.58266980839107 395.2036430578096
v -214.15764812214192 313.05372552701203 362.89493997644246
v -231.13484584867118 313.05372552701203 345.91774224991326
v -208.11787763362653 317.8543014701801 362.46169840730033
v -195.34833231951507 341.4978321804996 343.3507233035859
v -92.19032647308995 214.91311331325414 463.4720690701288
v -112.75383998599136 245.58266980839065 446.1485119256213
v -104.63378026783175 317.85430147018087 405.32621502614893
v -77.9679344643178 341.4978321805002 391.97127605195703
v 262.53583792112613 214.91311331325048 392.9126479389717
v 92.19032647309314 214.91311331325414 463.47206907012514
v 77.96793446432503 341.4978321804956 391.97127605195783
v 195.34833231951677 341.49783218049595 343.35072330358753
v 231.1348458486663 313.0537255270115 345.917742249916
v 112.75383998599273 245.58266980837652 446.1485119256249
v 104.63378026784267 317.8543014701754 405.32621502614893
v 208.11787763362784 317.85430147017587 362.4616984073026
v 214.15764812213789 313.05372552701215 362.89493997644394
v 235.74563333999328 245.5826698083737 395.20364305781055
v 231.13484584866626 313.05372552701044 -345.91774224991866
v 195.3483323195178 341.4978321804934 -343.3507233035907
v 77.96793446431639 341.4978321804956 -391.97127605196147
v 92.19032647307641 214.9131133132459 -463.4720690701365
v 262.535837921127 214.9131133132473 -392.9126479389744
v 104.63378026783505 317.8543014701719 -405.3262150261562
v 112.75383998597965 245.58266980838255 -446.14851192563077
v 208.117877633631 317.85430147017263 -362.46169840730545
v 235.7456333399857 245.58266980837945 -395.20364305781453
v 214.15764812213627 313.05372552701266 -362.89493997644666
v -259.0278164379047 420.55136069237415 -173.07685357070295
v -262.7243511611996 402.303030144074 -209.6180854132108
v -311.8729592390591 341.4978321805029 -242.45813541430653
v -345.9177422499156 313.05372552701095 -231.13484584866939
v -222.03389215185703 341.49783218050254 -332.29720250150876
v -212.62165966910078 317.8543014701812 -360.59617080623383
v -214.15764812214172 313.05372552701107 -362.894939976443
v -189.19384215075468 402.3030301440741 -283.14859442365537
v -173.0768535706884 420.55136069237415 -259.0278164379197
v -208.11787763362403 317.8543014701811 -362.4616984073007
v -162.50828231841834 402.3030301440743 -294.20211522572725
v -77.96793446432275 341.4978321804931 391.97127605196147
v -104.65349429666094 341.4978321804929 380.9177552498895
v -81.16376440956155 313.0537255270138 408.03779814575347
v -66.4360424568591 402.3030301440759 333.99653994394214
v -93.12160228920402 402.30303014407554 322.9430191418669
v -60.77644737683295 420.55155843147804 305.5439538110404
v 81.16376440955489 313.0537255270137 408.0377981457535
v 60.77644737685014 420.5515584314781 305.54395381104035
v 93.12160228921755 402.30303014407554 322.94301914186315
v 104.65349429666495 341.4978321805012 380.91775524988
v 77.96793446432658 341.49783218049316 391.9712760519614
v 66.43604245686583 402.3030301440759 333.99653994394214
v -81.16376440954991 313.0537255270101 -408.0377981457532
v -104.6534942966573 341.49783218050516 -380.9177552498786
v -77.9679344643161 341.4978321805055 -391.97127605195254
v -93.12160228920766 402.30303014407497 -322.9430191418669
v -66.4360424568602 402.30303014407485 -333.9965399439439
v -60.77644736615159 420.55155843147924 -305.5439538110435
v 104.65349429667057 341.49783218050277 -380.91775524987673
v 93.12160228921235 402.30303014407514 -322.9430191418664
v 60.77644736615548 420.55155843147924 -305.5439538110435
v 81.16376440956137 313.05372552701 -408.03779814575324
v 66.43604245686947 402.30303014407485 -333.9965399439439
v 77.96793446431873 341.49783218050555 -391.97127605195254
v -231.13484584867183 313.0537255270101 345.91774224991286
v -195.34833231951416 341.4978321805029 343.3507233035839
v -162.50828231842152 402.3030301440736 294.2021152257272
v -173.07686228417447 420.5513757375961 259.0277874377209
v -81.16376440955355 313.0537255270101 408.0377981457532
v -104.65349429666094 341.4978321805046 380.9177552498786
v -93.12160228920402 402.30303014407394 322.94301914187054
v -60.77648202533067 420.55137573759635 305.5441280005892
v 231.13484584867183 313.0537255270098 345.9177422499124
v 81.16376440955719 313.0537255270101 408.0377981457532
v 60.77647404450363 420.55154338607827 305.5439681560856
v 173.07675490034234 420.55154338607787 259.02766876729
v 104.65349429666821 341.4978321804956 380.91775524988407
v 93.1216022892113 402.30303014407036 322.9430191418687
v 162.50828231842388 402.30303014406985 294.20211522572714
v 195.34833231951467 341.49783218049595 343.35072330358986
v 173.0768622880787 420.55137574434434 -259.0277874247149
v 60.77648201336888 420.5513757443441 -305.54412799415513
v 81.16376440955267 313.05372552701317 -408.03779814575506
v 231.13484584866737 313.0537255270113 -345.9177422499173
v 93.12160228920659 402.3030301440721 -322.9430191418719
v 104.65349429666095 341.49783218050277 -380.9177552498808
v 162.50828231842024 402.3030301440727 -294.20211522572936
v 195.34833231951416 341.4978321805008 -343.35072330358526
v -173.07675490399015 420.5515433793262 -259.0276687727455
v -162.50828231842752 402.30303014407036 -294.2021152257257
v -195.3483323195178 341.4978321805065 -343.35072330357843
v -231.1348458486764 313.0537255270151 -345.91774224990763
v -104.65349429666001 341.4978321805072 -380.9177552498759
v -81.16376440955108 313.05372552701715 -408.03779814575057
v -93.1216022892025 402.3030301440698 -322.94301914187326
v -60.77647404578602 420.55154337932254 -305.5439681625285
v -65.41613703684925 396.0874965891271 -328.869221665449
v -96.5508948368115 420.5512868279334 -290.72597592287275
v -60.77644736614634 420.55155843147344 -305.5439538110526
v -82.33342437594183 466.3934200057054 -219.25022608628205
v -46.55906114035458 466.3934200057054 -234.06862745097118
v -40.01729513382219 477.9827020881716 -201.1805471797674
v 96.55116033373835 420.55149543919 -290.7256506621353
v 82.33378522144676 466.3933211795496 -219.2503801732126
v 40.01729513382088 477.9827020881716 -201.18054717976736
v 65.4161370368561 396.0874965891271 -328.869221665449
v 46.55906114035679 466.3934200057054 -234.0686274509712
v 60.7764473661571 420.55155843147344 -305.5439538110526
v -65.41613704510746 396.0874965891271 328.869221665449
v -60.776447376840224 420.5515584314758 305.5439538110477
v -96.55116034101434 420.5514954391887 290.72565066213775
v -46.559575827326626 466.3917605946039 234.07121475755412
v -82.33408589560646 466.3923518101589 219.2518915863886
v -40.01755583869686 477.9815233733202 201.18238499843014
v 46.55957582731935 466.3917605946039 234.07121475755417
v 60.77644737684189 420.55155843147594 305.5439538110476
v 40.017660726873146 477.98152337331993 201.18238499843105
v 65.4161370451082 396.08749658912825 328.8692216654479
v 82.3337250374089 466.3924506379085 219.25173749697393
v 96.5508948342894 420.5512868202282 290.7259759348864
v -143.8299360550809 498.1924650856108 28.609553080756086
v -120.53668025533261 506.4007705553904 23.976236425649404
v -120.53668025533166 506.40077055539115 -23.976236425649002
v -154.14205669970286 494.5585790792939 -30.660761410881754
v -108.518577174651 503.76852125973164 72.5097950854506
v -102.18606335419099 506.4007705553922 68.27854462628966
v -102.1860633541912 506.4007705553931 -68.27854462628177
v -130.6753258684096 494.55857907929294 -87.3144612483571
v -87.56780592593174 506.40077055539206 82.89680205454891
v -68.2805634612323 506.4007705553958 -102.18404451922903
v -81.47493492239023 498.192330609044 -121.9318510043735
v -23.976236425722938 506.40077055539604 -120.53571428568101
v -25.462027956564274 503.76856739351734 -128.00538395650173
v 0 520 -0
v -50.457955385565235 509.95018508331697 75.51519383046377
v -11.838846842420299 513.2849500177566 59.518324135237506
v -3.3032986300632707 506.40077055539604 -120.53571428568102
v 17.71828184799246 509.9502584168249 -89.07510422181664
v 9.061213466944153 514.8605144362083 45.553431245173044
v 21.87566161543873 515.6429630539219 32.73924123579491
v 33.715065845998474 513.2850742153003 -50.45567310426014
v 38.618568159975425 514.8605244982464 -25.80410227146286
v 30.247114887763807 515.9746227431253 20.210476026546708
v 35.67890469789408 515.9746227431255 7.09697539897204
v 38.61856815997599 515.6429630539246 -7.681710817513654
v 143.82993605509472 498.1924650856046 28.60955308078161
v 108.5185771746446 503.768521259728 72.50979508549611
v 87.56780592590258 506.4007705553924 82.89680205460306
v 50.457590914367756 509.95021994358376 75.51512133268989
v 11.839053038442216 513.2849344735359 59.5184619102547
v 0 514.1774290615629 51.60790542599352
v 0 506.95853158589307 -115.59204269859038
v 3.303298630058098 506.400770555392 -120.53571428571743
v 25.462027956507573 503.76856739351905 -128.00538395652205
v 81.47493492246504 498.1923306090316 -121.93185100438068
v 130.67532586841665 494.55857907928436 -87.31446124841582
v 154.14205669972432 494.5585790792845 -30.660761410910474
v 38.618568159974245 515.6429630539249 -7.681710817511814
v 38.61856815997099 514.8605244982444 -25.80410227151976
v 33.71506584600154 513.2850742153037 -50.45567310423578
v 17.718281847979917 509.9502584168286 -89.07510422178991
v 9.061213466972864 514.8605144362103 45.553431245185315
v 21.875661615453218 515.6429630539241 32.739241235818156
v 30.24711488771631 515.9746227431252 20.210476026663052
v 35.678904697895774 515.9746227431253 7.096975398964744
v 23.97623642567486 506.40077055539183 -120.53571428571784
v 68.28056346129401 506.4007705553921 -102.18404451921457
v 102.18606335417901 506.4007705553926 -68.27854462632709
v 102.18606335417607 506.4007705553927 68.27854462632772
v 120.53668025532264 506.40077055539274 23.97623642566775
v 120.53668025532156 506.40077055539285 -23.976236425671196
v 0 506.9585315858926 -115.59204269859038
v -3.303298630100471 506.4007705553927 -120.53571428571013
v -25.46184145462591 503.76858954780977 -128.00532108704374
v 0 511.9492454862553 -0
v 130.67532586841673 494.5585790792866 -87.3144612484071
v 28.609510960315518 498.19253970551864 -143.829042824472
v 87.31588250743428 494.55857907928686 -130.6739046093881
v 3.3032986300859193 506.4007705553927 -120.53571428571013
v 25.462027956519606 503.76856739352127 -128.00538395651046
v 81.47493492245975 498.19233060903485 -121.93185100437275
v -154.14336775022093 494.558117078479 30.661022195064106
v -143.82993605509546 498.19246508560536 28.609553080777005
v -154.14390535425267 494.55792763230824 -30.671386803985243
v -121.93366765842075 498.1922424740351 81.47347197250929
v -108.51857717464009 503.7685212597298 72.50979508549426
v -72.50951493748289 503.76851681735934 108.5188751508067
v -68.27827410190366 506.4007705553922 102.18633387860609
v -87.5678059259104 506.4007705553925 82.89680205459587
v -49.17887086527965 506.4007705553923 110.09714919591028
v -50.457955385648056 509.9501850833077 75.51519383052815
v -11.838846842411975 513.2849500177559 59.51832413527079
v 0 514.1774290615635 51.607905425993714
v 0 511.9490832904532 -0.0037566856791642067
v -17.71846565416721 509.9502068592602 89.07556119828851
v 11.839053038416296 513.2849344735394 59.51846191022605
v 392.91264793897017 214.91311331325164 -262.53583792112954
v 369.0384521302731 245.5826698083839 -274.90460886338406
v 257.9274111368577 245.5826698083838 -386.0156498567994
v 246.78544233080902 217.9550871358988 -407.5218727638203
v 263.2455805346514 108.41116635949169 -432.15621045396546
v 263.9135401762768 107.36814219387874 -431.87953251128636
v 417.09745999110544 107.36814219388059 -278.6956126964577
v 266.76711047142453 217.9550871358989 -399.2451948211383
v 263.9135401762768 108.41116635949172 -431.87953251128636
v 278.6956126964586 138.5696721084733 -417.09745999110453
v 382.2679970946192 217.95508713589777 -283.7443081979436
v 401.80415329424596 138.56967210847628 -293.9889193933177
v 384.63596999629016 214.91311331325343 -282.5175060617409
v -492 107.36814219384542 97.86488475079022
v -483.7233220573253 138.56967210845323 117.84655289140574
v -462.6651394833744 217.9550871358997 113.65781994291241
v -455.3365051266361 245.58266980838295 90.57206218911966
v -409.09745999110964 107.36814219387452 298.00932119543165
v -409.09745999110964 108.41116635950311 298.0093211954316
v -417.09745999110953 138.56967210847728 278.69561269644737
v -399.2451948211505 217.9550871358993 266.76711047140856
v -386.0156498568066 245.58266980838792 257.9274111368409
v -408.58622581442614 108.41116635950311 298.52055537211345
v -383.95188812428387 217.9550871358993 282.0604171682753
v -455.3365051266337 245.58266980839107 -90.57206218911597
v -462.6651394833725 217.95508713590607 -113.65781994290933
v -483.723322057318 138.56967210847506 -117.84655289140574
v -492 107.36814219388026 -97.86488475079423
v -417.0974599911046 138.56967210847506 -278.6956126964576
v -409.0974599911037 108.41116635949047 -298.00932119544467
v -409.0974599911036 107.36814219388273 -298.0093211954448
v -399.2451948211432 217.95508713590482 -266.7671104714158
v -386.0156498568067 245.5826698083838 -257.9274111368504
v -408.58622581442916 108.41116635949047 -298.5205553721192
v -383.95188812428387 217.95508713590476 -282.06041716827514
v 492 107.36814219393318 97.86488475083024
v 409.0974599911042 107.36814219387452 298.0093211954427
v 408.5862258144225 108.41116635949584 298.52055537212345
v 383.9518881242816 217.95508713591698 282.06041716826803
v 386.01564985680375 245.5826698083788 257.9274111368557
v 455.3365051266487 245.58266980833594 90.57206218915755
v 399.2451948211368 217.9550871359129 266.76711047141606
v 417.0974599911041 138.56967210846958 278.6956126964603
v 409.0974599911062 108.41116635949584 298.00932119543984
v 462.66513948337104 217.9550871359133 113.6578199428991
v 483.72332205732124 138.56967210846975 117.84655289139985
v 463.4720690701291 214.91311331325508 92.19032647308764
v 446.14851192562855 245.5826698083838 112.75383998598318
v 405.3262150261453 317.85430147018997 104.63378026783175
v 391.97127605195965 341.49783218049924 77.96793446432639
v 391.9712760519566 341.4978321805013 -77.96793446432441
v 405.32621502614694 317.85430147018474 -104.63378026783568
v 446.14851192562776 245.58266980838204 -112.75383998598738
v 463.47206907013026 214.91311331325042 -92.19032647308924
v 414.5142082271539 317.8543014701851 -82.45200247097198
v 414.51420822714863 317.85430147018633 82.45200247097273
v 455.33650512663735 245.58266980836925 90.57206218912506
v 455.3365051266352 245.58266980838195 -90.57206218912324
v -463.47206907013424 214.91311331324687 92.19032647308882
v -455.33650512663553 245.58266980839107 90.57206218911938
v -455.3365051266361 245.58266980838334 -90.57206218911968
v -463.4720690701297 214.9131133132527 -92.19032647308887
v -446.1485119256231 245.58266980839133 112.75383998599864
v -446.1485119256281 245.5826698083829 -112.75383998598545
v -414.5142082271591 317.85430147017973 -82.45200247096894
v -414.5142082271675 317.85430147017104 82.45200247097085
v -405.3262150261544 317.8543014701708 104.6337802678463
v -405.3262150261504 317.8543014701798 -104.63378026783562
v -391.9712760519579 341.4978321805 -77.96793446432056
v -391.9712760519571 341.49783218050095 77.96793446432063
v -463.4720690701324 214.91311331325414 -92.19032647308268
v -446.14851192562855 245.5826698083838 -112.75383998598045
v -386.01564985680176 245.58266980838093 -257.9274111368564
v -383.9518881242822 217.95508713590755 -282.06041716827536
v -384.63596999629124 214.91311331324988 -282.51750606173954
v -391.97127605196147 341.49783218049197 -77.96793446432275
v -405.32621502615075 317.85430147017905 -104.63378026783084
v -351.4081776052242 317.8543014701814 -234.80343746596816
v -382.2679970946098 217.95508713590755 -283.74430819794776
v -332.2972025015115 341.4978321804956 -222.03389215186326
v -334.43097987869834 317.85430147018127 -251.7806351924941
v 384.6359699962942 214.9131133132438 282.51750606173664
v 382.2679970946119 217.95508713590243 283.74430819794543
v 334.4309798786953 317.85430147018633 251.7806351924919
v 332.2972025015097 341.4978321805008 222.03389215185913
v 391.9712760519574 341.49783218050015 77.96793446432011
v 463.4720690701304 214.91311331325096 92.1903264730867
v 351.40817760522106 317.8543014701862 234.80343746596625
v 386.0156498568043 245.5826698083795 257.9274111368518
v 383.95188812428495 217.95508713590257 282.06041716827235
v 405.3262150261466 317.8543014701856 104.63378026782922
v 446.1485119256309 245.58266980837578 112.75383998598227
v -384.63596999628953 214.91311331325414 282.5175060617403
v -383.95188812428205 217.95508713590243 282.0604171682771
v -386.0156498568027 245.58266980839016 257.9274111368467
v -446.14851192562855 245.58266980838016 112.75383998598772
v -463.4720690701203 214.91311331326733 92.19032647310426
v -405.3262150261485 317.85430147018116 104.63378026783667
v -391.9712760519645 341.4978321804864 77.9679344643383
v -351.40817760523146 317.8543014701783 234.80343746596196
v -382.2679970946119 217.95508713590257 283.74430819794725
v -332.2972025015147 341.49783218049953 222.03389215185132
v -334.4309798786999 317.8543014701784 251.7806351924919
v 463.4720690701298 214.91311331325068 -92.19032647309045
v 391.97127605195783 341.4978321804987 -77.96793446432275
v 332.2972025015115 341.49783218049924 -222.03389215185598
v 334.43097987869805 317.85430147017905 -251.78063519249554
v 382.26799709461204 217.95508713590527 -283.7443081979457
v 384.6359699962927 214.9131133132486 -282.51750606173783
v 351.4081776052335 317.85430147017917 -234.8034374659619
v 383.951888124284 217.95508713590536 -282.0604171682738
v 386.01564985680386 245.58266980838607 -257.9274111368496
v 405.32621502615075 317.85430147017985 -104.63378026783903
v 446.14851192562645 245.582669808386 -112.75383998598807
v -408.03779814576046 313.0537255270028 81.16376440955128
v -391.97127605196147 341.4978321804956 77.96793446431639
v -391.97127605196334 341.49783218049447 -77.96793446432015
v -408.03779814576194 313.05372552700555 -81.16376440955516
v -380.9177552498885 341.49783218049436 -104.65349429666281
v -380.9177552498859 341.4978321804958 104.65349429666094
v -333.9965399439445 402.3030301440744 -66.43604245686282
v -333.99653994394265 402.30303014407565 66.43604245685982
v -322.9430191418694 402.3030301440743 -93.12160228920624
v -322.9430191418687 402.30303014407554 93.12160228920038
v -305.5441423454544 420.5513606923804 -60.776508692919755
v -305.54414234545453 420.55136069238034 60.77650869291738
v 408.03779814574943 313.0537255270228 81.16376440955526
v 380.91775524989134 341.4978321804956 104.65349429664911
v 322.943019141876 402.30303014407036 93.1216022891931
v 305.5441423454613 420.5513606923778 60.776508692906646
v 305.54414234546084 420.5513606923763 -60.77650869292496
v 322.9430191418694 402.3030301440769 -93.12160228920057
v 380.91775524988475 341.49783218050095 -104.65349429665694
v 408.03779814575125 313.05372552701965 -81.16376440955541
v 333.9965399439405 402.3030301440772 -66.43604245686622
v 333.99653994395703 402.30303014407036 66.43604245685037
v 391.97127605195783 341.49783218051016 77.96793446430365
v 391.97127605195675 341.49783218050027 -77.96793446432268
v -392.91264793896516 214.9131133132541 -262.53583792113204
v -384.6359699962868 214.91311331325352 -282.5175060617403
v -401.80415329424375 138.56967210846943 -293.9889193933204
v -417.0974599911047 107.3681421938694 -278.69561269645953
v -369.03845213026335 245.58266980839312 -274.90460886338684
v -382.267997094601 217.95508713591698 -283.7443081979509
v -278.6956126964574 138.56967210847137 -417.09745999110606
v -263.91354017627634 108.41116635949018 -431.8795325112871
v -263.9135401762764 107.36814219387712 -431.87953251128704
v -266.76711047141316 217.95508713591667 -399.24519482113885
v -257.9274111368517 245.58266980838903 -386.01564985680164
v -263.24558053465097 108.41116635949018 -432.1562104539662
v -246.78544233080555 217.95508713591815 -407.5218727638161
v 154.14205669971102 494.5585790792891 30.660761410907817
v 121.93313211230958 498.1924650856095 81.47311413203663
v 72.50979508549062 503.76852125973164 108.51857717463554
v 49.17887085955003 506.4007705553924 110.0969908150944
v 17.718349678576487 509.95021994358467 89.07544522639364
v 0 511.94924239999796 71.35726489577792
v 0 511.94924548625113 -0
v 154.14205669971145 494.55857907928896 -30.660761410895663
v 11.839053038429267 513.2849344735405 59.51846191021308
v 68.27854462632813 506.4007705553924 102.1860633541765
v 50.45759091437571 509.95021994358456 75.5151213326749
v 87.56780592591625 506.4007705553927 82.89680205458868
v 108.51857717463756 503.7685212597309 72.5097950854919
v 143.82993605508486 498.19246508560803 28.609553080780664
v 417.0974599911085 107.36814219386999 278.6956126964553
v 263.913540176276 107.36814219386724 431.87953251128783
v 263.2455805346508 108.41116635948129 432.1562104539653
v 246.7854423308072 217.95508713591698 407.521872763813
v 257.927411136851 245.5826698083839 386.01564985680284
v 369.03845213027387 245.58266980838215 274.9046088633812
v 392.91264793897165 214.91311331324943 262.53583792112613
v 266.7671104714122 217.95508713591545 399.245194821137
v 278.6956126964612 138.5696721084743 417.0974599911005
v 263.9135401762749 108.41116635948129 431.87953251128675
v 382.26799709460454 217.95508713592164 283.7443081979396
v 384.6359699962966 214.91311331325016 282.517506061726
v 401.8041532942506 138.5696721084667 293.988919393311
v -417.09745999110964 107.36814219386724 278.6956126964542
v -401.80415329425523 138.56967210845323 293.9889193933086
v -384.63596999629414 214.91311331324994 282.5175060617349
v -392.91264793897386 214.9131133132501 262.53583792112295
v -382.2679970946123 217.9550871359078 283.74430819794355
v -369.0384521302728 245.5826698083849 274.90460886338076
v -263.913540176276 107.36814219386724 431.87953251128783
v -263.913540176276 108.41116635948856 431.87953251128783
v -278.69561269645214 138.56967210845303 417.0974599911117
v -266.76711047141566 217.95508713590803 399.24519482114
v -257.92741113685196 245.58266980838417 386.0156498568021
v -263.24558053464716 108.41116635948859 432.156210453968
v -246.78544233080902 217.95508713590803 407.52187276381846
v 336.72974904891254 313.0537255270028 253.31662364553284
v 330.9839343427666 317.85430147018633 255.2276807284179
v 262.7243511612014 402.3030301440667 209.6180854132217
v 259.02781643790286 420.55136069238506 173.07685357067385
v 305.5441423454496 420.5513606923855 60.77650869290635
v 408.03779814576706 313.05372552699976 81.16376440954448
v 283.14859442367015 402.3030301440631 189.19384215075843
v 322.94301914187963 402.3030301440634 93.12160228922096
v 332.2972025015109 341.4978321805048 222.03389215184987
v 334.4309798786972 317.8543014701862 251.78063519248747
v 380.9177552498726 341.4978321805106 104.65349429667026
v -408.0377981457532 313.0537255270101 -81.16376440955355
v -380.91775524987315 341.49783218051016 -104.65349429666821
v -332.2972025015096 341.49783218050953 -222.03389215184563
v -334.4309798786967 317.8543014701812 -251.78063519249568
v -336.7297490489041 313.0537255270143 -253.3166236455358
v -305.544142345454 420.5513606923778 -60.7765086929212
v -322.9430191418717 402.3030301440713 -93.12160228921482
v -283.1485944236589 402.3030301440714 -189.19384215075917
v -330.98393434277796 317.8543014701812 -255.2276807284144
v -262.7243511612053 402.3030301440713 -209.6180854132129
v -259.02781643790513 420.5513606923778 -173.07685357068476
v -336.72974904890543 313.0537255270174 253.31662364553085
v -334.4309798786999 317.85430147017905 251.7806351924919
v -332.29720250151206 341.4978321805036 222.03389215184887
v -380.91775524988043 341.4978321805029 104.65349429666458
v -408.03779814575574 313.05372552701215 81.16376440955585
v -322.9430191418703 402.3030301440733 93.12160228920955
v -305.54414234545493 420.5513606923798 60.776508692921944
v -283.14859442365514 402.3030301440736 189.19384215075792
v -330.9839343427848 317.85430147017905 255.227680728407
v -262.72435116120687 402.3030301440736 209.61808541320715
v -259.0278164379078 420.55136069237983 173.07685357068812
v 408.03779814575734 313.0537255270089 -81.1637644095561
v 305.5441423454522 420.55136069238074 -60.7765086929212
v 259.02781643790604 420.5513606923814 -173.0768535706884
v 262.7243511612019 402.3030301440747 -209.61808541321153
v 330.9839343427789 317.85430147017917 -255.2276807284162
v 336.72974904890617 313.05372552701135 -253.31662364553713
v 283.14859442365406 402.30303014407446 -189.19384215075965
v 322.9430191418669 402.30303014407446 -93.1216022892113
v 334.4309798786983 317.85430147017917 -251.78063519249687
v 332.2972025015117 341.49783218050203 -222.03389215185362
v 380.9177552498822 341.49783218049896 -104.65349429666556
v -345.91774224990877 313.053725527014 -231.1348458486682
v -336.7297490489036 313.0537255270139 -253.31662364552903
v -369.03845213026926 245.58266980838573 -274.90460886338496
v -392.91264793896755 214.913113313252 -262.5358379211301
v -257.92741113685145 245.58266980838675 -386.01564985680193
v -246.78544233080228 217.95508713590874 -407.5218727638218
v -247.2425312242661 214.91311331325446 -408.2059546358299
v -311.87295923905856 341.4978321804951 -242.4581354143121
v -330.9839343427593 317.8543014701936 -255.22768072841245
v -234.80343746594497 317.85430147019343 -351.40817760522685
v -222.03389215184473 341.49783218049436 -332.2972025015268
v -244.58533267454712 217.95508713590874 -408.4331880221507
v -212.62165966909635 317.85430147019315 -360.5961708062281
v -392.9126479389706 214.91311331325414 262.53583792112477
v -369.03845213026943 245.58266980839107 274.90460886338224
v -336.72974904890646 313.0537255270098 253.31662364553597
v -345.91774224991536 313.0537255270097 231.13484584866882
v -247.24253122426853 214.91311331325414 408.20595463582595
v -246.78544233080356 217.95508713591698 407.52187276381665
v -257.9274111368528 245.5826698083915 386.01564985679727
v -330.9839343427777 317.8543014701789 255.22768072841544
v -311.87295923906134 341.4978321804995 242.45813541430516
v -234.80343746596435 317.85430147017985 351.40817760522793
v -222.03389215185365 341.4978321805004 332.29720250151206
v -244.58533267454186 217.95508713591695 408.4331880221489
v -212.6216596690938 317.85430147017996 360.596170806235
v 392.9126479389737 214.91311331324744 262.53583792112454
v 247.2425312242667 214.91311331325414 408.2059546358273
v 244.58533267454004 217.95508713591698 408.4331880221489
v 212.6216596690956 317.8543014701718 360.5961708062423
v 222.03389215185766 341.4978321805057 332.29720250150143
v 311.8729592390591 341.49783218050493 242.45813541430067
v 345.9177422499163 313.0537255270129 231.13484584866293
v 234.80343746597595 317.854301470171 351.4081776052289
v 257.9274111368502 245.5826698083864 386.01564985680335
v 246.78544233080487 217.95508713591698 407.521872763816
v 330.9839343427864 317.85430147017087 255.22768072841828
v 336.72974904890214 313.0537255270128 253.316623645543
v 369.0384521302663 245.58266980839218 274.9046088633847
v 345.91774224991826 313.05372552701044 -231.13484584866308
v 311.87295923907004 341.4978321804954 -242.45813541429743
v 222.0338921518578 341.4978321804956 -332.2972025015115
v 212.62165966910106 317.8543014701754 -360.59617080623866
v 244.58533267455238 217.95508713590587 -408.4331880221483
v 247.24253122427018 214.91311331325278 -408.2059546358277
v 392.91264793897363 214.9131133132488 -262.535837921125
v 234.80343746596918 317.8543014701755 -351.40817760522987
v 246.7854423308067 217.95508713590593 -407.5218727638197
v 257.92741113685395 245.58266980838414 -386.01564985680164
v 330.9839343427884 317.8543014701752 -255.22768072841427
v 369.0384521302668 245.5826698083924 -274.9046088633854
v 336.7297490488978 313.05372552702227 -253.31662364554123
v -328.86922702191805 396.08749097114196 65.41615650524727
v -305.54414234544674 420.55136069238506 60.77650869291938
v -305.5441423454507 420.55136069238256 -60.77650869291461
v -328.86922702192254 396.0874909711377 -65.41615650524261
v -290.72569678150023 420.55136069238245 -96.55140094669207
v -290.72569678149557 420.55136069238546 96.5514009467006
v -234.06820678721175 466.39342000570264 -46.5590611403507
v -234.06820678721175 466.3934200057026 46.559061140355226
v -219.24976122326007 466.3934200057026 82.33395339413619
v -219.24976122326086 466.39342000570247 -82.3339533941292
v -201.1793697621388 477.983110307842 -40.01706470733044
v -201.1793697621396 477.9831103078417 40.01706470733558
v 328.8692270219265 396.08749097113525 65.41615650524825
v 290.7256967815018 420.5513606923818 96.55140094669852
v 219.24976122325825 466.3934200057047 82.33395339413255
v 201.17936976213787 477.98311030784316 40.01706470733552
v 201.17936976213787 477.98311030784214 -40.017064707336125
v 219.24976122326063 466.39342000570224 -82.3339533941361
v 290.7256967815017 420.55136069238097 -96.55140094670192
v 328.86922702192766 396.08749097113383 -65.41615650525
v 234.06820678720615 466.3934200057059 46.55906114035543
v 234.06820678721243 466.39342000570224 -46.55906114035604
v 305.54414234545385 420.5513606923807 -60.776508692922114
v 305.54414234545334 420.5513606923808 60.77650869292192
v -130.58553097690492 459.1570010985415 -195.43683698348468
v -113.44067252470995 447.5679107822034 -238.1357651422004
v -137.30207141598657 420.55130839010235 -273.84626722987196
v -186.28945268675676 396.0874909711359 -278.80186841480497
v -96.55116033373592 420.55149543919055 -290.7256506621348
v -65.41613834142524 396.08750330356855 -328.8692111964832
v -88.17208867759646 447.5679467179925 -248.60236844950953
v -45.85569310111168 459.15730174248165 -230.5325758138697
v 149.21600245696027 447.56761724204955 223.31752915899415
v 88.17264866538972 447.5664868219119 248.6046446779419
v 45.85022298144395 459.15730174247983 230.53257581386788
v 23.618058478458863 498.55319169957005 118.73486634017267
v 67.25841042063095 498.5531909562537 100.65940213482813
v 84.57768485210295 459.15730174247983 230.53257581386788
v 51.16827768230155 496.86413011674574 123.5280875702413
v 92.24393594953749 461.9182214488496 222.69763416007805
v -186.28944684162707 396.08749231803813 278.8018724438007
v -173.0768535706884 420.5513606923772 259.0278164379124
v -200.45806269221336 420.55136069237744 231.646607316387
v -149.2160024569571 447.56761724204944 223.31752915899574
v -176.59721157848088 447.5676172420501 195.93632003747047
v -65.41729949637738 396.0884099722971 328.86779754439704
v -96.55116034101957 420.55149543918674 290.72565066214156
v -130.58603042110298 459.1572913641909 195.43572675701324
v -88.17223278695747 447.5666007181604 248.60446709415373
v -45.856212822699355 459.15564633470655 230.53515687857384
v 186.28944948981822 396.08749689045277 278.8018636302422
v 65.41729807820775 396.088414544618 328.86779041536283
v 45.85620774722702 459.1556626986021 230.53513136445326
v 130.58596546012353 459.1573077270973 195.43572605024409
v 176.5972115784891 447.5676172420495 195.9363200374651
v 200.45806269222075 420.5513606923802 231.6466073163761
v 96.55116034101775 420.55149543919106 290.7256506621343
v 88.17253152163175 447.5665189039919 248.60459465647727
v 149.2161339806171 447.5675354215777 223.31772599791896
v 173.0768535706876 420.5513606923806 259.02781643790786
v 328.869227021921 396.0874909711391 -65.41615650525338
v 230.53214939994177 459.1573075441901 -45.85569559426949
v 195.4357194329388 459.1573075441902 -130.58597281148104
v 195.9366120386601 447.5676172420529 -176.5969195772879
v 231.64689931757613 420.55136069238034 -200.45777069102098
v 278.8018684148034 396.0874909711374 -186.28945268675818
v 223.31752915898926 447.5676172420529 -149.21600245695885
v 248.60254086105851 447.56761724205296 -88.17258428106288
v 259.0278164379049 420.55136069238097 -173.0768535706909
v 290.72569678150234 420.55136069238125 -96.5514009467
v -273.8462620018581 420.55136069238137 -137.30196131690172
v -259.02781643790513 420.5513606923814 -173.07685357069204
v -278.80186841480565 396.08749097113366 -186.28945268676247
v -173.07685357069033 420.551360692382 -259.0278164379056
v -186.28945268676094 396.08749097113497 -278.8018684148048
v -238.13597472294896 447.56761724205353 -113.4411102031736
v -223.31752915899415 447.56761724205353 -149.21600245696027
v -149.21503909143212 447.56785990659046 -223.31751866793422
v -195.43571942707112 459.1573075457865 -130.5859728138255
v -137.30184054422165 420.5514236851974 -273.84624387470564
v -130.58598433865555 459.15730754903143 -195.43570789508615
v -113.44074346108988 447.56795873174434 -238.13558847656256
v 278.80186841481736 396.0874909711288 -186.28945268675523
v 195.43571943293864 459.1573075441902 -130.58597281147377
v 130.58598433149746 459.1573075441902 -195.4357079129186
v 113.44067252471359 447.5679107822016 -238.1357651422004
v 137.30163779607565 420.55152493563025 -273.846223364549
v 186.28945268676114 396.0874909711319 -278.8018684148087
v 149.21503908158047 447.56785990558365 -223.31751867510502
v 173.07685350299488 420.5513607261865 -259.02781643106
v 195.93661203866577 447.56761724204836 -176.59691957729228
v 231.64689931757553 420.5513606923805 -200.45777069102138
v -328.86922702192896 396.0874909711383 -65.41615650523454
v -290.72569678150103 420.55136069238506 -96.55140094668968
v -273.8462620018539 420.55136069238483 -137.30196131690656
v -278.80186841480196 396.0874909711366 -186.28945268675957
v -230.53214939994723 459.1573075441902 -45.85569559424766
v -248.60254086107324 447.5676172420478 -88.17258428105463
v -238.13597472295146 447.5676172420479 -113.44111020318257
v -195.43571943293577 459.1573075441895 -130.58597281148445
v 278.8018574214108 396.08750457183595 186.2894453412076
v 186.28945882924017 396.0875130161294 278.80183254724034
v 130.58597731923146 459.15730473993244 195.43572617926475
v 195.4357194329119 459.15730754419616 130.58597281149264
v 238.13597472294435 447.5676172420495 113.44111020318563
v 273.84625847293046 420.55136069238006 137.30196983649606
v 200.45806269221066 420.5513606923814 231.64660731638287
v 176.59721157847616 447.5676172420571 195.93632003746163
v 223.31752915896493 447.56761724205785 149.2160024569714
v 259.02781643788694 420.5513606923814 173.0768535707066
v -278.80186841480463 396.0874909711347 186.28945268676398
v -259.0278164379015 420.55136069238506 173.07685357069204
v -273.8462560135531 420.55136069238506 137.3019757739479
v -186.2894494898137 396.08749689045 278.8018636302586
v -200.45806269222157 420.551360692385 231.6466073163756
v -223.31752915899938 447.56761724204694 149.21600245696885
v -238.13596094964967 447.5676172420472 113.44114345487931
v -176.59721157850072 447.567617242046 195.9363200374646
v -195.43575362877112 459.15729332993504 130.5859956604093
v -130.58603042111642 459.15729136418855 195.43572675700693
v 278.80186841480463 396.0874909711347 186.28945268675307
v 195.4357194329441 459.1573075441884 130.58597281147377
v 230.53214939994297 459.15730754418837 45.85569559426804
v 328.8692270219219 396.08749097113804 65.41615650525277
v 238.13597472294583 447.56761724204995 113.44111020318023
v 248.60254086106335 447.56761724204995 88.17258428106207
v 273.8462620018581 420.5513606923814 137.30196131691264
v 290.72569678150103 420.5513606923814 96.55140094669878
v -278.8018684148087 396.0874909711347 186.28945268675307
v -273.84626200186176 420.5513606923746 137.30196131691628
v -290.72569678151194 420.55136069237415 96.55140094669696
v -328.8692270219291 396.0874909711326 65.41615650525252
v -248.60254086105914 447.56761724205194 88.17258428105752
v -230.53214939994027 459.1573075441894 45.85569559426591
v -238.13597472293822 447.5676172420525 113.44111020318043
v -195.43571943294228 459.15730754418837 130.58597281147377
v 130.58553097689946 459.1570010985446 -195.43683698348468
v 45.85569050653157 459.1573024530735 -230.53257470593235
v 65.41613703685776 396.08749658912734 -328.86922166544815
v 186.28945672708556 396.08748639656534 -278.8018744614555
v 88.17208867759365 447.56794671799645 -248.60236844950225
v 96.55116033373953 420.55149543918975 -290.72565066213514
v 113.44062242123255 447.5678769146931 -238.1358899239076
v 137.30184054422352 420.5514236851955 -273.8462438747065
v -149.2154927422489 447.5677972983758 223.31731627019724
v -92.24393594953654 461.9182214488519 222.6976341600738
v -51.168286279916394 496.86412280216825 123.52810832755762
v -67.25857600404808 498.5531937448349 100.65922536026319
v -88.17251504292199 447.5665720359211 248.6045118146867
v -84.57768485209817 459.157301742478 230.53257581387516
v -23.617710068664366 498.55321306004174 118.73480572339545
v -45.85022298144031 459.15730174247767 230.5325758138757
v -492 107.36814219373483 -97.86488475080841
v -492 107.36814219387595 -118.76989218880044
v -492 0 -118.76989218880398
v -492 0 -97.86488475081252
v -483.7233220573266 138.56967210845073 -117.84655289140099
v -491.723322057318 108.41116635950311 -119.43785183043656
v -423.8795325118156 108.4111663584093 -283.2272486747329
v -423.87953251181557 0 -283.2272486747366
v -417.09745999138715 138.569672108468 -278.69561269577935
v -409.09745999110964 0 -298.00932119544086
v -409.0974599911065 108.4111663584105 -298.0093211954416
v 492 0 97.86488475080354
v 409.0974599911151 0 298.00932119542995
v 409.097459991115 108.4111663594934 298.00932119543126
v 417.0974599911095 138.5696721084532 278.6956126964598
v 483.7233220573253 138.56967210845417 117.8465528914021
v 492 107.36814219388322 97.86488475080289
v 492 0 118.76989218880775
v 423.879532511287 0 283.22724867525767
v 423.87953251128556 108.4111663594935 283.2272486752607
v 491.72332205731874 108.41116635949915 119.43785183043772
v 492 107.36814219387821 118.76989218880713
v 492 107.36814219389156 -97.86488475078917
v 483.7233220573198 138.5696721084849 -117.8465528914021
v 417.0974599911042 138.56967210847506 -278.69561269645783
v 409.09745999110237 108.4111663594922 -298.0093211954445
v 409.09745999110356 0 -298.0093211954453
v 492 0 -97.86488475078875
v 423.8795325112902 0 -283.22724867525864
v 492 0 -118.7698921888109
v 423.8795325112915 108.41116635949209 -283.2272486752554
v 491.72332205731254 108.41116635951458 -119.43785183045111
v 492 107.36814219387034 -118.76989218880558
v -492 0 97.86488475077931
v -492 0 118.76989218881732
v -492 107.36814219387998 118.76989218880772
v -492 107.36814219387998 97.86488475079025
v -491.7233220573197 108.4111663594976 119.4378518304359
v -483.7233220573223 138.5696721084711 117.84655289139734
v -423.87953251129073 0 283.2272486752537
v -423.879532511286 108.41116635949456 283.2272486752554
v -417.0974599911047 138.56967210847571 278.69561269645277
v -409.09745999110237 108.41116635949444 298.0093211954372
v -409.0974599910979 0 298.00932119544836
v 417.0974599911045 0 278.69561269645936
v 263.91354017627964 0 431.8795325112842
v 263.91354017627873 108.41116635949155 431.87953251128533
v 278.6956126964556 138.56967210846418 417.09745999110845
v 401.8041532942502 138.5696721084639 293.9889193933142
v 417.0974599911041 107.36814219388536 278.6956126964602
v 409.0974599911068 0 298.0093211954385
v 283.22724867526716 0 423.87953251128306
v 283.2272486752581 108.41116635949234 423.87953251128744
v 408.58622581442467 108.41116635951016 298.5205553721145
v 409.09745999111107 107.36814219387836 298.0093211954281
v -417.09745999109873 107.36814219389726 -278.69561269647966
v -409.097459991106 107.36814219387652 -298.0093211954445
v -409.0974599911025 0 -298.0093211954498
v -417.09745999109464 0 -278.6956126964865
v -401.8041532942575 138.56967210843982 -293.98891939331656
v -408.5862258144334 108.41116635948129 -298.5205553721171
v -283.2272486752723 108.4111663594684 -423.87953251128243
v -283.22724867528484 0 -423.87953251127163
v -278.69561269646516 138.56967210846756 -417.09745999109794
v -263.91354017629055 0 -431.8795325112751
v -263.91354017627543 108.41116635946854 -431.8795325112875
v -417.097459991106 0 278.69561269645055
v -409.09745999111 0 298.00932119543285
v -409.09745999111146 107.36814219387627 298.00932119542995
v -417.0974599911078 107.3681421938764 278.6956126964539
v -408.5862258144319 108.41116635949426 298.5205553721095
v -401.80415329425296 138.5696721084645 293.9889193933087
v -283.2272486752676 0 423.8795325112843
v -283.2272486752663 108.41116635947462 423.8795325112842
v -278.6956126964636 138.56967210845593 417.09745999110294
v -263.9135401762833 108.41116635947405 431.87953251127874
v -263.9135401762903 0 431.87953251127954
v 417.0974599911017 107.36814219388485 -278.6956126964686
v 401.8041532942516 138.56967210845715 -293.9889193933195
v 278.69561269645783 138.56967210845687 -417.09745999111146
v 263.9135401762869 108.4111663594922 -431.8795325112824
v 263.91354017628373 0 -431.87953251128374
v 417.09745999110356 0 -278.69561269646374
v 283.2272486752589 0 -423.87953251128835
v 409.097459991107 0 -298.0093211954403
v 283.22724867525903 108.41116635949219 -423.87953251128783
v 408.58622581442614 108.41116635949221 -298.5205553721207
v 409.09745999110754 107.3681421938707 -298.0093211954393
v -278.69561269646874 107.36814219389468 -417.09745999109145
v -263.91354017627236 107.36814219388734 -431.87953251128783
v -263.91354017628674 0 -431.8795325112736
v -278.6956126964648 0 -417.09745999109555
v -258.7139445558471 138.5696721084944 -425.3741379337787
v -263.24558053465444 108.4111663594922 -432.1562104539644
v -118.76989218885916 0 -492
v -119.4378518304477 108.41116635939642 -491.7233220573461
v -118.76989218888319 107.3681421938783 -492
v -117.84655289140349 138.5696721084762 -483.7233220573202
v -97.8648847507939 0 -492
v -97.86488475078659 107.3681421938783 -492
v 278.6956126964594 0 417.09745999110226
v 97.86488475079022 0 492
v 97.86488475079017 107.36814219387458 492
v 117.84655289140001 138.5696721084697 483.7233220573208
v 258.71394455584493 138.5696721084759 425.3741379337835
v 278.6956126964591 107.36814219387712 417.0974599911025
v 118.76989218881664 107.36814219387455 492
v 118.76989218882711 0 492
v 263.9135401762736 0 431.879532511288
v 119.43785183043983 108.41116635948438 491.72332205732175
v 263.24558053464705 108.41116635950225 432.1562104539637
v 263.9135401762801 107.36814219387719 431.8795325112814
v 278.695612696453 107.36814219387733 -417.0974599911101
v 258.7139445558496 138.56967210845917 -425.3741379337862
v 117.84655289139846 138.56967210845687 -483.7233220573253
v 97.86488475079503 107.36814219387452 -492
v 97.86488475079386 0 -492
v 278.69561269645175 0 -417.09745999111135
v 118.76989218880823 0 -492
v 263.91354017625684 0 -431.879532511306
v 118.76989218880902 107.36814219387327 -492
v 119.43785183043919 108.41116635949344 -491.7233220573208
v 263.24558053465444 108.4111663594563 -432.1562104539771
v 263.91354017625434 107.36814219388296 -431.8795325113086
v -278.69561269646147 0 417.09745999110237
v -263.9135401762637 0 431.8795325113001
v -263.9135401762651 107.36814219387387 431.87953251129875
v -278.69561269646186 107.36814219387398 417.09745999110197
v -263.2455805346579 108.41116635945848 432.1562104539703
v -258.71394455584715 138.56967210847142 425.37413793378323
v -119.43785183042584 108.4111663594797 491.72332205732397
v -118.76989218880968 0 492
v -118.76989218880773 107.36814219387809 492
v -117.84655289139093 138.56967210844874 483.7233220573265
v -97.86488475079386 107.36814219387236 492
v -97.86488475079759 0 492
v -87.91900371349402 494.5585790792866 -130.07078340332373
v -87.31588250743152 494.5585790792866 -130.67390460938623
v -89.55997336989094 493.1624924879033 -134.03259980888
v -84.57768483837572 459.157301742478 -230.53257581387152
v -104.67022844390848 466.3934200057049 -209.99790968015748
v -82.33342437595613 466.3934200057051 -219.25022608628328
v -30.6608205528024 494.55847430449194 -154.1417985041866
v -40.0172951338276 477.9827020881709 -201.18054717976918
v -86.66831308373366 494.6875552002339 -129.70477479393594
v -23.61791345319355 498.5532005908476 -118.7348411084964
v 40.017295133824604 477.9827020881714 -201.18054717976784
v 30.660820552827495 494.55847430449165 -154.14179850418734
v 87.91900371350067 494.55857907928737 -130.0707834033196
v 86.66831308373196 494.6875552002351 -129.70477479393256
v 23.6179134532249 498.5532005908474 -118.73484110849718
v 84.57768483837799 459.1573017424794 -230.53257581386808
v 104.67022844390155 466.3934200057023 -209.99790968016234
v 89.5599733699174 493.1624924878846 -134.0325998089335
v 82.33342437595677 466.3934200057023 -219.25022608628518
v 87.31588250743596 494.5585790792868 -130.67390460939131
v 0 511.94924548625124 -0
v -17.718172428620164 509.95023994139274 89.07526797737228
v 0 511.94923931377815 71.3572922502466
v 130.67532586841003 494.5585790792857 87.31446124841572
v 81.47311413204864 498.19246508560536 121.93313211231828
v 25.461994042416336 503.768578290556 128.00521344150366
v 3.3032986300604534 506.40077055539314 120.53571428570649
v 154.14262732562537 494.55857907928566 30.659383798112252
v 23.97623642567123 506.40077055539314 120.53571428570649
v 17.718349678572135 509.9502199435839 89.0754452264005
v 49.17897600522382 506.40077055539234 110.09694726462276
v 72.5097516019432 503.76854831072797 108.51851209690598
v 121.93298029765808 498.192528190724 81.47301269273129
v -130.6753258683857 494.55857907928794 -87.31446124842842
v -81.47493492245485 498.1923306090339 -121.93185100437404
v -87.31588250742499 494.55857907928834 -130.6739046093841
v -25.462027956498297 503.76856739352183 -128.00538395651174
v -28.60951096030193 498.1925397055211 -143.8290428244648
v 0 511.9492454862502 -0
v 0 501.1428591618593 -135.45662230563522
v -130.6753258683966 494.5585790792884 87.31446124842842
v -121.9331321123027 498.192465085609 81.47311413205534
v -154.14205669971392 494.5585790792876 30.660761410906318
v -81.47334549851439 498.1924479977697 121.9329693228974
v -72.51008768338579 503.7684882481535 108.51841705907646
v -25.461631468247106 503.76862136010277 128.00509122097355
v -23.975874341253075 506.40077055539314 120.53571428571013
v -49.17887085953407 506.40077055539314 110.09684072754908
v 0 511.94924548625227 -0
v -17.718015660142477 509.95025762832296 89.07511121064368
v -3.3032986300677294 506.40077055539314 120.53571428571013
v 0 506.95853332058937 115.592027323243
v 0 511.9492881165952 -0
v -25.461807537109962 503.76860044519253 128.00515057222947
v -3.303298630079045 506.40077055539166 120.53571428571928
v 0 506.958535055313 115.59201194765129
v 87.31446124841271 494.55857907928794 130.67532586840468
v 28.609392128495756 498.19259684964857 143.82844536191158
v 130.67390543795537 494.5585790792883 87.31588167886026
v 25.46200427665252 503.76856015938085 128.00526489322436
v 3.3032986300822813 506.40077055539166 120.5357142857194
v 81.47323067864036 498.19239258228885 121.93330653662476
v -87.31468480599142 494.55855230913585 130.67520974500803
v -81.47334533979665 498.1924480094913 121.93296943456153
v -130.67599561424868 494.5585296144357 87.31399001530949
v -28.60908654049672 498.1926283629091 143.8283559352094
v -25.461631468242558 503.76862136010095 128.00509122097947
v 0 511.9492454862493 -0
v 0 501.1429037278077 135.4562169992098
v 0 501.1428536873418 -135.45663784122735
v -28.61128746832219 498.19235650572773 -143.8295627090847
v 0 511.9489860818005 -0.0027120978191419454
v 87.31382349546334 494.5587065333988 -130.67436600031252
v 30.6608204793803 494.55847443072764 -154.14179814685792
v 28.609510958950406 498.1925397056034 -143.82904282477745
v -28.611112649403367 498.192440559975 -143.82868391212742
v -30.66082055785244 494.55847430418345 -154.14179850506298
v -87.31588250740606 494.5585790792877 -130.6739046093944
v 0 511.9492446023214 -0
v 0 496.4382719155912 -148.80730631670443
v -30.660372725787056 494.55859483578024 154.14082843083816
v -28.609086557007686 498.19262836188705 143.82835593150958
v -87.3143832127586 494.5585950817937 130.6752033146916
v 0 511.9494904050043 -0.002560648506914731
v 0 501.14290372780823 135.45621699920332
v 28.611168606311324 498.1924136526518 143.82896522887393
v 28.60955149640062 498.19231451089934 143.8292465682169
v 0 511.94924465154327 -0
v 0 496.43832037682705 148.8066404610363
v 30.66063680876141 494.55857852870474 154.14087471710934
v 87.31446124841081 494.55857907928754 130.67532586840662
v 0 496.4382422729707 -148.80739043657468
v -30.660820552867335 494.5584743044924 -154.14179850418805
v 0 511.9492454862654 -0
v 30.660820552813092 494.55847430449217 -154.14179850418844
v 0 511.94924548626886 -0
v -30.660372766828004 494.5585947165878 154.14082877997134
v 0 496.4383204764698 148.8066401782741
v 30.660636816253827 494.55857852824533 154.14087471841208
v -87.3106790599173 494.55816310059396 130.68077746598414
v -87.91900371351196 494.55857907928646 130.07078340331785
v -89.57544475323736 493.1493299100722 134.0699525899381
v -84.57768485210181 459.15730174248165 230.53257581387152
v -82.33372503741703 466.39245063790696 219.2517374969757
v -104.67009003474932 466.3928814813922 210
v -40.01755583868881 477.98152337331993 201.18238499843102
v -30.663592975237925 494.5583972913138 154.1413890232099
v -86.66575919252695 494.6878185675087 129.70402740992512
v -23.61771006869094 498.5532130600402 118.73480572340031
v 82.33372503740551 466.3924506379049 219.2517374969815
v 40.0176607268661 477.9815233733198 201.18238499843133
v 84.57768485208581 459.1573017424816 230.53257581387194
v 30.66063681625019 494.5585785282452 154.14087471841378
v 89.5636482195561 493.1593660386636 134.04147205073255
v 104.66896223772179 466.39247534458633 210
v 23.61791346639341 498.553200590037 118.7348411107922
v 86.66538773236482 494.6878568739368 129.7039187038931
v 87.919003713503 494.55857907928726 130.07078340331668
v 87.31446124841337 494.55857907928726 130.6753258684068
v 455.3365051266337 245.5826698083942 -90.57206218910869
v 386.01564985679806 245.5826698083947 -257.9274111368504
v 383.95188812427796 217.9550871359097 -282.06041716827895
v 408.58622581442495 108.4111663594947 -298.5205553721229
v 409.0974599911068 107.36814219387215 -298.00932119544103
v 492 107.36814219387172 -97.86488475078886
v 399.2451948211383 217.9550871359096 -266.76711047141725
v 409.09745999110675 108.41116635949471 -298.0093211954411
v 417.09745999110527 138.56967210846926 -278.6956126964599
v 462.6651394833716 217.95508713590837 -113.65781994290592
v 483.72332205732164 138.56967210846986 -117.8465528914021
v 177.06634481195883 466.3934200057023 -153.95608774686693
v 134.04422865485745 493.1582201952491 -89.56549012354247
v 131.00276267085133 494.5585790792867 -86.52395887914103
v 129.70315430395567 494.68795860258547 -86.66487697665343
v 67.2590808403329 498.55328355877685 -100.65759471765341
v 23.617913453214896 498.5532005908499 -118.73484110848949
v 45.855693101160796 459.1573017424689 -230.53257581388607
v 88.17208867759673 447.5679467179925 -248.6023684495077
v 149.21592972758245 447.5679318185295 -223.31690824382667
v 89.55997336990305 493.16249248789774 -134.0325998088955
v 104.6702284439218 466.39342000570224 -209.99790968015424
v 84.57768483837792 459.15730174246977 -230.5325758138845
v 86.66831308368035 494.68755520024047 -129.70477479391695
v 87.91900371350107 494.5585790792873 -130.07078340331927
v 130.675325868409 494.55857907928686 -87.3144612484137
v 132.588988421387 466.3934200057018 -198.43344413744063
v -177.06634481195974 466.3934200056973 -153.95608774687938
v -132.58898842139536 466.39342000569707 -198.43344413744444
v -149.21580129585246 447.5678450050975 -223.3172281001169
v -131.00276267085428 494.55857907928635 -86.52395887913735
v -130.6753258684112 494.55857907928635 -87.31446124841668
v -134.04422865489622 493.15822019523256 -89.56549012357274
v -87.91900371350398 494.5585790792872 -130.07078340332035
v -89.55997336988149 493.1624924879175 -134.03259980884053
v -104.67022844388161 466.3934200056973 -209.99790968017896
v -84.5777963302659 459.1573017424795 -230.5325758138712
v -88.17240566099859 447.5678599045199 -248.6025038066063
v -129.70315430394643 494.6879586025864 -86.66487697664992
v -67.25908084036352 498.55328355877464 -100.65759471764268
v -86.66831308375212 494.6875552002332 -129.70477479393827
v -23.617913453199435 498.55320059084784 -118.73484110849768
v -45.85569310111168 459.1573017424797 -230.53257581387103
v 230.53214939992736 459.15730754419945 84.57815993604555
v 209.99775053013587 466.39342000570235 104.670283088697
v 134.03719238979102 493.16114497429953 89.5607886415346
v 130.071600442634 494.5585790792866 87.91818667418556
v 129.70523875096478 494.68768119809283 86.66626975960025
v 118.73581602664309 498.5531937448331 23.618022258642497
v 118.73581602664241 498.5531937448331 -23.618022258600693
v 129.70497652318704 494.6877736044828 -86.66476256983196
v 134.03995416832777 493.16017175174557 -89.56133799345872
v 209.99775053013056 466.39342000570264 -104.6702830887097
v 230.53214939992816 459.15730754419786 -84.57815993605112
v 130.67532586842208 494.5585790792861 87.31446124840659
v 131.00272645742228 494.5585790792862 -86.52404630609625
v 154.14205669972418 494.55857907928623 -30.660761410899873
v 154.1420566997149 494.5585790792875 30.660761410907803
v 201.17936976214318 477.98311030784 40.01706470733617
v 219.24976122326305 466.3934200057022 82.33395339412945
v 219.24976122326092 466.3934200057026 -82.33395339413363
v 201.17936976213406 477.9831103078453 -40.0170647073214
v -230.53214939993632 459.157307544192 84.57815993604072
v -219.2497612232546 466.3934200057047 82.33395339412073
v -201.17936976213986 477.9831103078399 40.01706470734425
v -201.1793697621402 477.98311030784083 -40.01706470733954
v -219.24976122325918 466.39342000570366 -82.33395339412878
v -230.532149399948 459.157307544185 -84.57815993605071
v -209.99775053011743 466.3934200057044 104.67028308871562
v -209.99775053011248 466.39342000570366 -104.67028308874436
v -154.14205669971471 494.55857907928714 -30.660761410915278
v -154.14205669971028 494.5585790792879 30.66076141092187
v -134.03719238976913 493.161144974305 89.56078864154995
v -130.67532586839857 494.55857907928714 87.31446124843501
v -131.00272645742004 494.5585790792866 -86.52404630609672
v -134.03995416835127 493.1601717517341 -89.56133799348464
v -130.07160044262855 494.55857907928714 87.91818667420739
v -129.70497652317442 494.6877736044842 -86.66476256983334
v -118.73581602663381 498.55319374483383 -23.618022258621217
v -118.73581602663545 498.55319374483383 23.618022258622286
v -129.7052387509649 494.6876811980909 86.66626975964496
v -230.53214939991358 459.1573075442053 -45.85569559421856
v -230.5321493999152 459.15730754420423 -84.57815993604505
v -248.60254086105385 447.56761724205415 -88.1725842810573
v -209.9977505166117 466.3934200104677 -104.67028310192129
v -198.4334441374302 466.3934200057061 -132.5889884213792
v -223.31752915898724 447.5676172420535 -149.2160024569515
v -177.06625391157195 466.3934200057059 -153.95617864723778
v -170.44551571833742 461.9181230473685 -170.44499512004978
v -118.73581601944534 498.5531937473663 -23.618022257207485
v -129.70497652317863 494.6877736044826 -86.66476256983151
v -134.03995416832416 493.1601717517446 -89.56133799346325
v -94.54553731125208 496.86416465746674 -94.54341794850596
v -100.65979612163937 498.55319374483133 -67.25739466700543
v -248.60254086107307 447.56761724204625 88.17258428106834
v -230.53214939993995 459.157307544192 84.57815993605709
v -230.53214939993993 459.157307544192 45.8556955942479
v -223.31752915899415 447.5676172420499 149.21600245696027
v -198.43344413743398 466.3934200057047 132.5889884213866
v -209.99775053013224 466.39342000570053 104.67028308872027
v -153.9570403891621 466.3934200057044 177.06539216965848
v -134.0371923897926 493.161144974299 89.56078864153885
v -130.07160044263398 494.558579079287 87.91818667418826
v -129.70523875096947 494.6876811980917 86.66626975961687
v -118.73581602664564 498.5531937448335 23.61802225859779
v -89.56229153685041 493.1605202626491 134.03819659235324
v -87.9190037135013 494.55857907928936 130.07078340330918
v -100.65936437943652 498.55319374483355 67.25843698487053
v -86.66649307229811 494.68774288695136 129.70424217631236
v 248.60254086106298 447.5676172420503 88.17258428106115
v 223.3175291589896 447.5676172420509 149.2160024569651
v 153.9570403891812 466.3934200056992 177.06539216965393
v 89.5622915368549 493.16052026264697 134.03819659235523
v 86.66649307230546 494.6877428869484 129.70424217631808
v 100.65936437944406 498.5531937448336 67.25843698485204
v 118.73581602663872 498.55319374483366 23.61802225861247
v 230.53214940003164 459.1573075441316 45.855695594473374
v 87.91900371350766 494.5585790792865 130.07078340331492
v 129.70523875095543 494.6876811980942 86.66626975959545
v 130.07160044262784 494.5585790792867 87.91818667419417
v 198.4334441374558 466.3934200056992 132.58898842137933
v 134.03719238990016 493.1611449742577 89.56078864159281
v 209.99775053006164 466.39342000570525 104.6702830888648
v 230.53214940002647 459.157307544135 84.57815993606924
v 230.53214939994243 459.1573075441889 -45.85569559427006
v 118.73581602663944 498.5531937448328 -23.618022258626297
v 100.65936437784148 498.5531937443934 -67.25843699199322
v 94.5453754413642 496.86423918597126 -94.54325607521123
v 170.44551568354524 461.91812305681157 -170.4449951340285
v 223.31752915899386 447.5676172420511 -149.21600245695802
v 248.60254086106096 447.5676172420516 -88.17258428106075
v 129.70497652317863 494.68777360448433 -86.66476256983096
v 134.03995416580912 493.1601717526315 -89.56133799296953
v 177.06625387068127 466.3934200057014 -153.9561786881468
v 198.4334441374432 466.3934200057011 -132.5889884213855
v 209.99775053012274 466.3934200057022 -104.67028308873097
v 230.53214939994194 459.15730754418905 -84.57815993605303
v -223.31752915898687 447.5676172420517 -149.2160024569621
v -170.44551571834018 461.91812304736595 -170.4449951200586
v -149.215429142636 447.5676172420504 -223.3181024733154
v -100.6593643794331 498.5531937448336 -67.25843698487733
v -94.54537544479535 496.8642391869198 -94.5432560598856
v -67.26043650751882 498.5531937448345 -100.65736485678622
v 223.3175291959742 447.5676172266776 -149.21600248168397
v 100.65936437943674 498.5531937448325 -67.25843698488825
v 67.26043648439736 498.55319374483275 -100.65736487992399
v 149.21542914265137 447.5676172420542 -223.31810247329398
v 94.54537544136474 496.8642391859705 -94.5432560752115
v 170.4455157183476 461.91812304736476 -170.44499512005632
v -149.2226124223962 447.56761724204625 223.31091919356186
v -132.58898842139024 466.3934200057008 198.43344413743762
v -153.95704038917756 466.39342000570105 177.0653921696503
v -223.3175291590005 447.56761724204875 149.2160024569557
v -89.56318159632495 493.1597630199517 134.04034550542923
v -86.66649307230313 494.68774288694925 129.70424217631904
v -100.65936437943695 498.55319374483344 67.25843698487185
v -92.24393565170976 461.91822152385794 222.69763415687703
v -104.67008946196438 466.3928814813824 210
v -67.25857597143161 498.5531937414112 100.65922540661043
v -51.16828627990808 496.8641228021675 123.52810832755999
v 149.2160024569574 447.5676172420487 223.31752915899727
v 92.24459664410095 461.91765932733756 222.6992293761357
v 51.169764881255105 496.86428623537904 123.52597383471584
v 67.25843698486426 498.55319374483395 100.6593643794381
v 100.65936439337086 498.5531937390419 67.25843699417737
v 223.31752915900682 447.5676172420484 149.21600245695066
v 86.66652606345443 494.6877520005659 129.70409494713903
v 104.66873305803195 466.3928814552206 210
v 89.56364821957679 493.1593660386506 134.04147205076418
v 132.58898842138214 466.39342000570247 198.4334441374397
v 153.95704040062543 466.3934200025952 177.06539216505018
v -40 0 -704
v -40 28 -584
v -40 32 -584
v -40 4 -704
v 40 32 -584
v 40 28 -584
v 40 0 -704
v 40 4 -704
v -40 28 584
v -40 0 704
v -40 4 704
v -40 32 584
v 40 4 704
v 40 0 704
v 40 32 584
v 40 28 584
v 588 32 -40
v 588 28 -40
v 588 28 40
v 588 32 40
v 708 0 40
v 708 0 -40
v 708 4 40
v 708 4 -40
v -704 0 40
v -704 4 40
v -704 4 -40
v -704 0 -40
v -584 32 -40
v -584 32 40
v -584 28 40
v -584 28 -40
v -40 0 319
v -40 28 439
v -40 32 439
v -40 4 319
v 40 32 439
v 40 28 439
v 40 0 319
v 40 4 319

# texture coordinates
vt -3.90625 0.6794289
vt -3.90625 0.8469622
vt -3.84375 1.0825756
vt -3.84375 0.6794289
vt 0.06536283 1.0825756
vt -0.105042584 1.0825756
vt -0.241059 0.8469622
vt -0.17024459 0.8469622
vt -0.33777377 0.6794289
vt -0.92788976 0.8419118
vt -0.92788976 0.8469622
vt -0.9331082 0.8469622
vt -0.9298739 0.8419118
vt -0.73184496 1.7027742
vt -0.88795173 1.7027742
vt -0.7645694 1.0825756
vt -0.7075942 1.9186146
vt 0.9298739 0.84391487
vt -0.9298739 0.84391487
vt -0.9331082 0.8489653
vt -0.88795173 1.7047772
vt -0.7075942 1.9206177
vt 0.7075942 1.9206177
vt 0.88795173 1.7047772
vt 0.9331082 0.8489653
vt 0.7075942 1.9186146
vt 0.73184496 1.7027742
vt 0.92788976 0.8469622
vt 0.7645694 1.0825756
vt 0.92788976 0.8419118
vt 0.92788976 -3.84375
vt -0.92788976 -3.84375
vt -0.9298739 -3.8429282
vt 0.9298739 -3.8429282
vt 0.88795173 1.7027742
vt 0.9331082 0.8469622
vt 0.9298739 0.8419118
vt 0.054500777 -3.8429282
vt 0.06606324 -3.84375
vt 0.054500777 -3.84375
vt 0.92788976 0.8408167
vt 0.06606324 0.8408167
vt 0.054500777 0.84391487
vt 0.054500777 0.8419118
vt 0.06606324 0.8388136
vt 0.92788976 0.8388136
vt -0.92788976 0.8388136
vt -0.05633901 0.8419118
vt -0.06790148 0.8388136
vt -0.05633901 -3.8429282
vt -0.05633901 -3.84375
vt -0.06790148 0.8408167
vt -0.92788976 0.8408167
vt -0.05633901 0.84391487
vt -0.06790148 -3.84375
vt -3.84375 -0
vt -3.90625 -0
vt 0.42003676 1.0825756
vt 0.42003676 0.8469622
vt 0.77700144 0.8469622
vt 0.42003676 -0
vt 0.77700144 -0
vt 0.77700144 -3.90625
vt 0.42003676 -3.90625
vt 0.42003676 -3.84375
vt 0.92788976 -0
vt -0.92788976 -0
vt -0.77700144 -0
vt -0.77700144 0.8469622
vt -0.421875 1.0825756
vt -0.421875 0.8469622
vt -0.421875 -0
vt -0.421875 -3.90625
vt -0.77700144 -3.90625
vt -0.421875 -3.84375
vt -3.90625 0.4763758
vt -3.84375 0.4763758
vt 0.25760603 1.0825756
vt 0.32073843 0.8469622
vt 0.42003676 0.4763758
vt -3.84375 0.36553597
vt -3.90625 0.36553597
vt -0.421875 0.36553597
vt -0.32392994 -0
vt -0.32392994 -3.90625
vt -0.32392994 -3.84375
vt 0.42003676 0.36553597
vt 0.3220917 -0
vt 0.3220917 -3.90625
vt 0.3220917 -3.84375
vt -0.32257664 0.8469622
vt -0.421875 0.4763758
vt -0.25944427 1.0825756
vt -3.84375 0.25847298
vt -3.90625 0.25847298
vt 0.39134932 0.25847298
vt 0.24214162 -0
vt 0.24214162 -3.90625
vt 0.24214162 -3.84375
vt -3.90625 0.5834388
vt -3.84375 0.5834388
vt -0.39318755 0.5834388
vt 0.23922615 0.8469622
vt 0.39134932 0.5834388
vt 0.10321456 1.0825756
vt -0.39318755 0.25847298
vt -0.24397457 -0
vt -0.24397457 -3.90625
vt -0.24397457 -3.84375
vt -0.25939208 3.90625
vt -0.21883027 3.90625
vt -0.21883027 3.84375
vt -0.25939208 3.84375
vt -0.16340202 3.84375
vt -0.16340202 3.90625
vt -0.25939208 0.08410123
vt -0.21883027 0.0435394
vt -0.16340202 0.028687447
vt 0.3359375 -3.84375
vt 0.17345053 -3.84375
vt 0.17345053 -3.90625
vt 0.3359375 -3.90625
vt 0.3359375 0.1624829
vt 0.17345053 -0
vt -3.84375 0.1624829
vt -3.90625 0.1624829
vt -0.33777377 0.1624829
vt -0.17529087 -0
vt -0.17529087 -3.90625
vt -0.17529087 -3.84375
vt -0.33777377 -3.84375
vt -0.33777377 -3.90625
vt -3.84375 1.0162888
vt -3.8613336 1.0162888
vt 0.16840412 -3.90625
vt -0.00092235574 -3.8613336
vt -0.00092235574 -3.84375
vt -0.00092235574 1.0162888
vt 0.16840412 0.8469622
vt 0.3359375 0.6794289
vt -3.84375 0.8419118
vt -3.90625 0.8419118
vt -0.17529494 0.8419118
vt 0.1734546 0.8419118
vt 0.1734546 -3.90625
vt -0.17529494 -3.90625
vt -0.17529494 -3.84375
vt 0.1734546 -3.84375
vt 0.21699472 -3.90625
vt 0.054500777 -3.90625
vt 0.21699472 -3.84375
vt 0.21699472 0.7983717
vt -0.21883027 -3.84375
vt -0.21883027 -3.90625
vt -0.05633901 -0
vt -0.05633901 -3.90625
vt 0.21699065 -3.84375
vt 0.21699065 -3.90625
vt 0.21699065 0.04353903
vt 0.054500777 -0
vt -3.90625 0.79837126
vt -3.84375 0.79837126
vt -0.21883434 0.79837126
vt -0.21883434 -3.90625
vt -0.21883434 -3.84375
vt -3.90625 0.7578125
vt -3.84375 0.7578125
vt -0.16340202 -3.84375
vt -0.16340202 -3.90625
vt -0.16340202 0.8132243
vt -0.25939208 0.7578125
vt -0.25939208 -3.90625
vt -0.25939208 -3.84375
vt 0.25755385 -3.84375
vt 0.16156378 -3.84375
vt 0.16156378 -3.90625
vt 0.25755385 -3.90625
vt 0.25755385 0.08410123
vt 0.16156378 0.028687447
vt 0.16156378 0.8132243
vt 0.25755385 0.7578125
vt 3.90625 0.25847298
vt 3.90625 -0
vt 3.84375 -0
vt 3.84375 0.25847298
vt -0.24397457 3.84375
vt -0.32392994 3.84375
vt -0.32392994 3.90625
vt -0.24397457 3.90625
vt 0.9298739 3.8429282
vt -0.9298739 3.8429282
vt -0.92788976 3.84375
vt 0.92788976 3.84375
vt 0.054500777 3.8429282
vt 0.054500777 3.84375
vt 0.06606324 3.84375
vt -0.05633901 3.84375
vt -0.05633901 3.8429282
vt -0.06790148 3.84375
vt 3.84375 1.0825756
vt 3.90625 0.8469622
vt 0.42003676 3.84375
vt 0.42003676 3.90625
vt 0.77700144 3.90625
vt -0.421875 3.84375
vt -0.77700144 3.90625
vt -0.421875 3.90625
vt 3.84375 0.4763758
vt 3.90625 0.4763758
vt 3.90625 0.36553597
vt 3.84375 0.36553597
vt 0.3220917 3.84375
vt 0.3220917 3.90625
vt 0.24214162 3.84375
vt 0.24214162 3.90625
vt 3.84375 0.5834388
vt 3.90625 0.5834388
vt -3.8429282 -0.9298739
vt -3.84375 -0.92788976
vt -3.84375 0.92788976
vt -3.8429282 0.9298739
vt 3.84375 0.6794289
vt 3.90625 0.6794289
vt 0.3359375 3.90625
vt 0.17345053 3.90625
vt 0.17345053 3.84375
vt 0.3359375 3.84375
vt 3.90625 0.1624829
vt 3.84375 0.1624829
vt -0.17529087 3.84375
vt -0.17529087 3.90625
vt -0.33777377 3.90625
vt -0.33777377 3.84375
vt 3.8613336 1.0162888
vt 3.84375 1.0162888
vt -0.00092235574 3.84375
vt -0.00092235574 3.8613336
vt 0.16840412 3.90625
vt 3.90625 0.8419118
vt 3.84375 0.8419118
vt 0.1734546 3.84375
vt -0.17529494 3.84375
vt -0.17529494 3.90625
vt 0.1734546 3.90625
vt 0.21699472 3.84375
vt 0.054500777 3.90625
vt 0.21699472 3.90625
vt -0.05633901 3.90625
vt 0.21699065 3.90625
vt 0.21699065 3.84375
vt 3.84375 0.79837126
vt 3.90625 0.79837126
vt -0.21883434 3.84375
vt -0.21883434 3.90625
vt 3.84375 0.7578125
vt 3.90625 0.7578125
vt 0.25755385 3.90625
vt 0.16156378 3.90625
vt 0.16156378 3.84375
vt 0.25755385 3.84375
vt 0.050355084 1.0825756
vt 0.28308627 0.6794289
vt -0.12005033 1.0825756
vt 0.1863715 0.8469622
vt 0.11555709 0.8469622
vt -0.10918827 0.84391487
vt -0.12075074 0.8408167
vt 3.84375 -0.12075074
vt 3.8429282 -0.10918827
vt 3.84375 -0.10918827
vt 3.8429282 -0.9298739
vt 3.84375 -0.92788976
vt -0.12075074 0.8388136
vt -0.10918827 0.8419118
vt 0.013213978 0.8408167
vt 0.001651511 0.84391487
vt 3.84375 0.92788976
vt 3.8429282 0.9298739
vt 3.8429282 0.001651511
vt 3.84375 0.001651511
vt 3.84375 0.013213978
vt 0.001651511 0.8419118
vt 0.013213978 0.8388136
vt -0.47472426 1.0825756
vt -0.47472426 -0
vt 3.90625 -0.77700144
vt 3.84375 -0.47472426
vt 3.90625 -0.47472426
vt -0.47472426 0.8469622
vt 0.3671875 -0
vt 0.3671875 1.0825756
vt 3.90625 0.3671875
vt 3.84375 0.3671875
vt 3.90625 0.77700144
vt 0.3671875 0.8469622
vt -0.31229353 1.0825756
vt -0.47472426 0.4763758
vt -0.37542593 0.8469622
vt 0.3671875 0.36553597
vt 0.26924244 -0
vt 3.90625 0.26924244
vt 3.84375 0.26924244
vt 0.3671875 0.4763758
vt 0.20475675 1.0825756
vt 0.26788914 0.8469622
vt -0.47472426 0.36553597
vt -0.3767792 -0
vt 3.84375 -0.3767792
vt 3.90625 -0.3767792
vt -0.29682913 -0
vt -0.44603682 0.25847298
vt 3.84375 -0.29682913
vt 3.90625 -0.29682913
vt 0.33850005 0.5834388
vt -0.15790206 1.0825756
vt -0.44603682 0.5834388
vt -0.29391366 0.8469622
vt 0.18928707 -0
vt 0.33850005 0.25847298
vt 3.90625 0.18928707
vt 3.84375 0.18928707
vt -0.390625 0.1624829
vt -0.22813803 -0
vt 3.90625 -0.22813803
vt 3.84375 -0.22813803
vt 3.84375 -0.390625
vt 3.90625 -0.390625
vt 0.12060337 -0
vt 0.28308627 0.1624829
vt 3.90625 0.28308627
vt 3.84375 0.28308627
vt 3.84375 0.12060337
vt 3.90625 0.12060337
vt -0.053765144 1.0162888
vt -0.390625 0.6794289
vt 3.84375 -0.053765144
vt 3.8613336 -0.053765144
vt 3.90625 -0.22309162
vt -0.22309162 0.8469622
vt 0.120607436 0.8419118
vt -0.2281421 0.8419118
vt 3.90625 -0.2281421
vt 3.84375 -0.2281421
vt 3.84375 0.120607436
vt 3.90625 0.120607436
vt -0.2716822 0.7983717
vt 3.84375 -0.2716822
vt 3.90625 -0.2716822
vt 3.90625 -0.10918827
vt 0.001651511 -0
vt 0.16414277 0.0435394
vt 3.90625 0.16414277
vt 3.84375 0.16414277
vt 3.90625 0.001651511
vt 0.16414684 0.79837126
vt 3.84375 0.16414684
vt 3.90625 0.16414684
vt -0.27167815 0.04353903
vt -0.10918827 -0
vt 3.90625 -0.27167815
vt 3.84375 -0.27167815
vt 0.2047046 0.7578125
vt 0.10871452 0.8132243
vt 3.90625 0.10871452
vt 3.84375 0.10871452
vt 3.84375 0.2047046
vt 3.90625 0.2047046
vt -0.31224135 0.08410123
vt -0.21625128 0.028687447
vt 3.90625 -0.31224135
vt 3.84375 -0.31224135
vt 3.90625 -0.21625128
vt 3.84375 -0.21625128
vt -0.31224135 0.7578125
vt -0.21625128 0.8132243
vt 0.10871452 0.028687447
vt 0.2047046 0.08410123
vt -3.8429282 -0.10918827
vt -3.84375 -0.10918827
vt -3.84375 -0.12075074
vt -3.84375 0.001651511
vt -3.8429282 0.001651511
vt -3.84375 0.013213978
vt -3.90625 -0.77700144
vt -3.90625 -0.47472426
vt -3.84375 -0.47472426
vt -3.84375 0.3671875
vt -3.90625 0.3671875
vt -3.90625 0.77700144
vt -3.84375 0.26924244
vt -3.90625 0.26924244
vt -3.90625 -0.3767792
vt -3.84375 -0.3767792
vt -3.90625 -0.29682913
vt -3.84375 -0.29682913
vt -3.84375 0.18928707
vt -3.90625 0.18928707
vt 0.38473204 -0
vt 0.38473204 -0.203125
vt -0.38473204 -0.203125
vt -0.38473204 -0
vt -1.1394113 -0.203125
vt -1.1394113 -0
vt 1.1394111 -0
vt 1.1394111 -0.203125
vt 1.8503032 -0
vt 1.8503032 -0.203125
vt -1.8503032 -0.203125
vt -1.8503032 -0
vt 2.4900868 -0
vt 2.4900868 -0.203125
vt -2.4900868 -0.203125
vt -2.4900868 -0
vt -3.0341825 -0.203125
vt -3.0341825 -0
vt 3.0341825 -0
vt 3.0341825 -0.203125
vt -1.8502986 -0
vt -1.8502986 -0.203125
vt -2.4900892 -0.203125
vt -2.4900892 -0
vt -1.1394111 -0
vt -1.1394111 -0.203125
vt 0.38473007 -0
vt 0.38473007 -0.203125
vt 3.90625 -0.38473204
vt 3.756135 -1.1394113
vt 3.4616768 -1.8503032
vt 3.0341825 -2.4900868
vt 2.4900944 -3.0341825
vt 1.8503032 -3.4616737
vt 1.1394111 -3.756135
vt 0.38473007 -3.90625
vt -0.38473204 -3.90625
vt -1.1394111 -3.756135
vt -1.8502986 -3.4616737
vt -2.4900892 -3.0341825
vt -3.0341825 -2.4900868
vt -3.4616823 -1.8503032
vt -3.7561374 -1.1394113
vt -3.90625 -0.38473204
vt -3.90625 0.38473204
vt -3.7561374 1.1394111
vt -3.4616823 1.8503032
vt -3.0341825 2.4900868
vt -2.4900892 3.0341825
vt -1.8502986 3.4616737
vt -1.1394111 3.756135
vt -0.38473204 3.90625
vt 0.38473007 3.90625
vt 1.1394111 3.756135
vt 1.8503032 3.4616737
vt 2.4900944 3.0341825
vt 3.0341825 2.4900868
vt 3.4616768 1.8503032
vt 3.756135 1.1394111
vt 3.90625 0.38473204
vt 2.4900944 -0
vt 2.4900944 -0.203125
vt -3.84375 -0.22813803
vt -3.90625 -0.22813803
vt -3.90625 -0.390625
vt -3.84375 -0.390625
vt -3.84375 0.28308627
vt -3.90625 0.28308627
vt -3.90625 0.12060337
vt -3.84375 0.12060337
vt -3.90625 -0.22309162
vt -3.8613336 -0.053765144
vt -3.84375 -0.053765144
vt -3.90625 -0.2281421
vt -3.84375 -0.2281421
vt -3.90625 0.120607436
vt -3.84375 0.120607436
vt -3.84375 -0.2716822
vt -3.90625 -0.2716822
vt -3.90625 -0.10918827
vt -3.84375 0.16414277
vt -3.90625 0.16414277
vt -3.90625 0.001651511
vt -3.90625 0.16414684
vt -3.84375 0.16414684
vt -3.84375 -0.27167815
vt -3.90625 -0.27167815
vt -3.90625 0.10871452
vt -3.84375 0.10871452
vt -3.90625 0.2047046
vt -3.84375 0.2047046
vt -3.84375 -0.21625128
vt -3.90625 -0.21625128
vt -3.90625 -0.31224135
vt -3.84375 -0.31224135
vt -1.8105509 2.4495745
vt -1.6779166 2.4495745
vt -1.8465728 1.922457
vt -2.055871 1.6828511
vt -1.530157 2.686426
vt -1.629919 2.8357303
vt -1.6771048 2.839115
vt -1.8097391 2.7064807
vt -2.053951 1.6810118
vt -1.8446525 1.9206177
vt -0.88377917 1.9206177
vt -0.72312665 1.6810118
vt -0.88088936 1.9186146
vt -1.8417628 1.9186146
vt -1.6731067 2.445732
vt -1.6259209 2.4832368
vt -0.8174514 2.4832368
vt -0.6091245 3.0622756
vt -0.8174514 3.166611
vt -1.6259209 2.831732
vt -1.5261588 2.6824276
vt -0.7202369 1.6828511
vt -0.88088936 1.922457
vt -0.8174514 2.4870791
vt -0.6091245 2.6717942
vt -0.61172765 2.6717942
vt -1.528762 2.6717942
vt -1.8083441 2.4495745
vt -2.0536642 1.6828511
vt -0.7228401 1.6828511
vt 2.7064807 -1.8097391
vt 1.6771048 -2.839115
vt 1.629919 -2.8357303
vt 1.2735941 -2.3024523
vt 1.3561611 -2.027653
vt 2.027653 -1.3561611
vt 1.352163 -2.0236547
vt 1.269596 -2.298454
vt 1.4780769 -2.2120984
vt 1.7346398 -2.596072
vt 1.6259209 -2.831732
vt 1.6611067 -2.8171575
vt 1.6611067 2.4832368
vt 1.6259209 2.4832368
vt 1.6731067 2.445732
vt 2.0236547 -1.352163
vt 2.052534 -1.6376413
vt 2.4365075 -1.8942041
vt 3.05876 2.856298
vt 2.356892 2.856298
vt 2.283359 2.6715827
vt 2.2953591 2.634078
vt 3.324735 2.634078
vt 2.0288787 -1.3543267
vt 2.057758 -1.6398051
vt 2.4417315 -1.8963679
vt 2.7077065 -1.8079047
vt 2.027653 1.3561611
vt 1.3561611 2.027653
vt 1.2735941 2.3024523
vt 1.629919 2.8357303
vt 1.6771048 2.839115
vt 2.7064807 1.8097391
vt 1.4780769 2.2120984
vt 1.269596 2.298454
vt 1.352163 2.0236547
vt 1.6611067 2.8171575
vt 1.6259209 2.831732
vt 1.7346398 2.596072
vt 2.052534 1.6376413
vt 2.0236547 1.352163
vt 2.4365075 1.8942041
vt 2.7072926 2.4495745
vt 1.6779166 2.4495745
vt 1.6659167 2.4870791
vt 1.7394497 2.6717942
vt 2.4413176 2.6717942
vt 2.4417315 1.8963679
vt 2.057758 1.6398051
vt 2.0288787 1.3543267
vt 2.7077065 1.8079047
vt -2.7077065 -1.8079047
vt -2.4417315 -1.8963679
vt -2.057758 -1.6398051
vt -2.0288787 -1.3543267
vt -1.6659167 2.4870791
vt -1.7394497 2.6717942
vt -2.4413176 2.6717942
vt -2.7072926 2.4495745
vt -1.4780769 -2.2120984
vt -2.052534 -1.6376413
vt -2.4365075 -1.8942041
vt -1.7346398 -2.596072
vt -2.0236547 -1.352163
vt -1.352163 -2.0236547
vt -1.6611067 2.4832368
vt -1.269596 -2.298454
vt -1.6611067 -2.8171575
vt -1.6259209 -2.831732
vt -2.027653 -1.3561611
vt -1.3561611 -2.027653
vt -1.2735941 -2.3024523
vt -1.629919 -2.8357303
vt -1.6771048 -2.839115
vt -2.7064807 -1.8097391
vt 2.053951 1.6810118
vt 1.8446525 1.9206177
vt 0.710484 1.9206177
vt 0.76745915 0.8408167
vt 2.1801994 0.8408167
vt 0.7645694 0.8408167
vt 0.9206762 1.0845786
vt 1.9108229 1.7027742
vt 1.8417628 1.9186146
vt 2.0212028 1.0825756
vt 0.9206762 1.0825756
vt 1.9315823 1.6790087
vt 2.1802993 0.8388136
vt 0.7675591 0.8388136
vt 0.9236659 1.0825756
vt 2.0241926 1.0825756
vt 1.9363923 1.6828511
vt 1.9156328 1.7066164
vt 1.8465728 1.922457
vt 2.055871 1.6828511
vt 2.1826491 0.8408167
vt 2.0265424 1.0845786
vt 1.936922 1.6810118
vt 2.0564008 1.6810118
vt -2.4473777 1.8673548
vt -2.465276 2.1069608
vt -2.568632 1.8911202
vt -2.5668566 1.8673548
vt -3.1837695 1.6810118
vt -3.317896 1.0845786
vt -3.2532344 0.8408167
vt -3.0642905 1.6810118
vt -2.1826491 0.8408167
vt -2.0265424 1.0845786
vt -1.936922 1.6810118
vt -2.0564008 1.6810118
vt -3.07444 1.6828511
vt -3.1939192 1.6828511
vt -3.1956944 1.7066164
vt -3.0923386 1.922457
vt -0.7675591 0.8388136
vt -0.9236659 1.0825756
vt -2.0241926 1.0825756
vt -2.1802993 0.8388136
vt -1.9108229 1.7027742
vt -1.9315823 1.6790087
vt -2.0212028 1.0825756
vt -0.9206762 1.0825756
vt -0.9206762 1.0845786
vt -0.7645694 0.8408167
vt -0.710484 1.9206177
vt -0.76745915 0.8408167
vt -2.1801994 0.8408167
vt -1.9156328 1.7066164
vt -1.9363923 1.6828511
vt -0.6441563 2.4832368
vt -0.8174514 -3.166611
vt -0.6441563 -3.2383924
vt -0.6091245 -3.0622756
vt -0.7202369 1.6810118
vt 0.7202369 1.6810118
vt 0.6441563 2.4832368
vt 0.6091245 2.6679518
vt -0.6091245 2.6679518
vt 0.7202369 1.6828511
vt 0.6091245 2.6717942
vt 0.8174514 2.4870791
vt 0.88088936 1.922457
vt 0.8174514 -3.166611
vt 0.6091245 -3.0622756
vt 0.6441563 -3.2383924
vt 0.88088936 1.9186146
vt 0.8174514 2.4832368
vt 0.72312665 1.6810118
vt 0.88377917 1.9206177
vt -0.6441563 3.2383924
vt 0.6441563 3.2383924
vt 0.6091245 3.0622756
vt 0.8174514 3.166611
vt -1.8097391 -2.7064807
vt -1.530157 -2.686426
vt -1.5261588 -2.6824276
vt 2.0536642 1.6828511
vt 0.7228401 1.6828511
vt 0.61172765 2.6717942
vt 1.528762 2.6717942
vt 1.8083441 2.4495745
vt 1.5261588 -2.6824276
vt 1.8097391 -2.7064807
vt 1.530157 -2.686426
vt 2.4640152 2.1069608
vt 2.6733136 1.8673548
vt 2.4279933 2.634078
vt 1.5261588 2.6824276
vt 1.530157 2.686426
vt 1.8097391 2.7064807
vt 1.8105509 2.4495745
vt -2.0288787 1.3543267
vt -2.057758 1.6398051
vt -2.4417315 1.8963679
vt -2.7077065 1.8079047
vt -1.7346398 2.596072
vt -2.4365075 1.8942041
vt -2.052534 1.6376413
vt -1.4780769 2.2120984
vt -1.352163 2.0236547
vt -2.0236547 1.352163
vt -1.6611067 2.8171575
vt -1.269596 2.298454
vt -1.3561611 2.027653
vt -2.027653 1.3561611
vt -2.7064807 1.8097391
vt -1.2735941 2.3024523
vt -0.8202086 2.6717942
vt -0.6366951 2.4495745
vt -0.5190316 -2.609348
vt -0.72751254 -2.5229924
vt -0.81760544 -2.97592
vt -0.474816 -2.387062
vt 0.6340919 2.4511232
vt -0.6340919 2.4511232
vt -0.81760544 2.673343
vt -0.72751254 3.1483836
vt -0.474816 3.29095
vt 0.474816 3.29095
vt 0.72751254 3.1483836
vt 0.81760544 2.673343
vt -0.6340919 2.4495745
vt 0.6340919 2.4495745
vt 0.5190316 3.1429925
vt -0.5190316 3.1429925
vt 0.474816 -2.387062
vt 0.5190316 -2.609348
vt 0.72751254 -2.5229924
vt 0.81760544 -2.97592
vt 0.8202086 2.6717942
vt 0.6366951 2.4495745
vt -0.81760544 2.97592
vt -0.72751254 2.5229924
vt -0.5190316 2.609348
vt -0.474816 2.387062
vt 0.5190316 2.609348
vt 0.474816 2.387062
vt 0.72751254 2.5229924
vt 0.81760544 2.97592
vt -0.47481626 -2.3870635
vt -0.47481626 3.2909486
vt -1.3543267 -2.0288787
vt -0.4769801 -2.3922875
vt -0.63625574 -3.1930194
vt -1.8079047 -2.7077065
vt 1.8079047 -2.7077065
vt 0.63625574 -3.1930194
vt 0.47698 -2.3922863
vt 1.3543259 -2.0288777
vt 0.4748162 3.29095
vt 1.3521621 -2.0236537
vt 0.4748162 -2.3870623
vt 1.3561603 -2.027652
vt 1.3543267 2.0288787
vt 0.47698006 2.3922875
vt 0.63625574 3.1930194
vt 1.8079047 2.7077065
vt 0.47481626 3.2909486
vt 0.47481626 2.3870635
vt -1.3561603 2.027652
vt -0.4748162 2.3870623
vt -1.3521621 2.0236537
vt -0.4748162 3.29095
vt -0.47698003 2.3922863
vt -1.3543259 2.0288777
vt -1.8079047 2.7077065
vt -0.63625574 3.1930194
vt -0.5132274 2.5745149
vt -0.7564677 2.2765207
vt -0.4769798 2.392286
vt -0.7543039 2.2712967
vt -0.6432299 1.7128924
vt -0.36374268 1.8286612
vt -0.31263512 1.571723
vt 0.75430596 2.2755117
vt 0.6432327 1.7171113
vt 0.31263512 1.5759407
vt -0.31263512 1.5759407
vt -0.6432299 1.7171102
vt -0.7543039 2.2755144
vt -0.5110636 2.5735085
vt 0.5110636 2.5735085
vt 0.36374268 1.8286612
vt 0.31263512 1.571723
vt 0.5110636 3.0998247
vt -0.5110636 3.0998247
vt 0.6432327 1.7128936
vt 0.75430596 2.271294
vt 0.4769798 2.392286
vt 0.7564698 2.276518
vt 0.5132274 2.5745149
vt -0.5132274 -2.5745149
vt -0.4769798 -2.392286
vt -0.7564698 -2.276518
vt -0.75430596 -2.271294
vt -0.36374667 -1.8286813
vt -0.643235 -1.7129054
vt -0.31263715 -1.5717374
vt 0.36374667 -1.8286813
vt 0.31263798 -1.5717374
vt 0.5110636 -2.5735085
vt -0.5110636 -2.5735085
vt -0.75430596 -2.2755117
vt -0.643235 -1.7171232
vt -0.31263715 -1.5759552
vt 0.31263798 -1.5759552
vt 0.6432322 -1.717122
vt 0.7543039 -2.2755144
vt 0.6432322 -1.7129042
vt 0.7543039 -2.2712967
vt 0.5132274 -2.5745149
vt 0.7564677 -2.2765207
vt 0.4769798 -2.392286
vt -1.1236714 -0.22351213
vt -0.9416928 -0.18731435
vt -0.9416928 0.18731435
vt -1.2042348 0.2395372
vt -0.8478014 -0.5664828
vt -0.79832864 -0.5334261
vt -0.79832864 0.5334261
vt -1.020901 0.6821442
vt -0.68412346 -0.6476313
vt -0.5334419 0.79831284
vt -0.63652295 0.9525926
vt -0.18731435 0.94168526
vt -0.1989221 1.0000421
vt 0 -0
vt -0.39420277 -0.5899624
vt -0.09249099 -0.46498692
vt -0.025807021 0.94168526
vt 0.13842408 0.69589925
vt 0.07079073 -0.3558862
vt 0.17090361 -0.25577533
vt 0.26339895 0.39418495
vt 0.30170757 0.20159455
vt 0.23630558 -0.15789434
vt 0.27793226 -0.05510994
vt 0.23549639 -0.15755916
vt 0.17009442 -0.25544015
vt 0.06998154 -0.355551
vt -0.093300186 -0.46465173
vt -0.39501196 -0.58962727
vt -0.68493265 -0.64729613
vt -0.8486106 -0.5661476
vt -1.1244806 -0.22317694
vt -1.205044 0.23987238
vt -1.0217102 0.6824794
vt -0.63733214 0.95292777
vt -0.19973129 1.0003773
vt -0.026616214 0.9420204
vt 0.13761489 0.6962344
vt 0.26258975 0.39452013
vt 0.30089837 0.20192973
vt 0.30089837 0.060348544
vt 0.27874145 -0.05544512
vt 0.30170757 0.060013365
vt 1.1244806 -0.22317694
vt 0.8486106 -0.5661476
vt 0.68493265 -0.64729613
vt 0.39500913 -0.5896267
vt 0.0933018 -0.4646528
vt 0.0008091964 -0.40285158
vt 0.0008091964 0.903398
vt 0.026616218 0.9420204
vt 0.19973129 1.0003773
vt 0.63733214 0.95292777
vt 1.0217102 0.6824794
vt 1.205044 0.23987238
vt -0.00080919266 0.903398
vt -0.00080919266 -0.40285158
vt 0.1989221 1.0000421
vt 0.025807021 0.94168526
vt 0.18731435 0.94168526
vt 0 0.9030628
vt 0 -0.40318677
vt 0.0924926 -0.464988
vt 0.39419994 -0.5899619
vt 0.5334419 0.79831284
vt 0.79832864 0.5334261
vt 0.79832864 -0.5334261
vt 0.68412346 -0.6476313
vt 0.9416928 -0.18731435
vt 0.9416928 0.18731435
vt 0.63652295 0.9525926
vt 1.020901 0.6821442
vt 0.8478014 -0.5664828
vt 1.1236714 -0.22351213
vt 1.2042348 0.2395372
vt -0.19972983 1.0003768
vt -0.00080919266 0.0003351802
vt 1.0215203 0.6827636
vt 0.0006193314 0.0006193314
vt -0.1983013 1.0006609
vt 0.22413114 1.1242837
vt 0.68277466 1.0215092
vt 0.2235118 1.1236644
vt -0.19892064 1.0000416
vt 0.0008091964 0.0003351802
vt 0.6821553 1.0208899
vt -1.2042451 -0.23953924
vt -1.2042493 0.23962021
vt -0.9526068 -0.6365115
vt -0.5664806 -0.8478037
vt -0.533424 -0.7983307
vt -0.38420993 -0.860134
vt -1.2050585 0.2399554
vt -0.00080919266 0.00036452932
vt -0.13842551 -0.6959028
vt 0.0008091964 0.00036452932
vt 0.091616735 -0.464988
vt -0.13930139 -0.6959028
vt -0.3850858 -0.860134
vt -0.56735647 -0.8478037
vt -0.9534827 -0.6365115
vt -1.2051209 -0.23953924
vt -1.2051251 0.23962021
vt -0.0008758679 2.9349107e-05
vt 3.0749698 1.6810118
vt 2.8884525 1.9206177
vt 2.0203974 1.9206177
vt 1.9333509 1.7047772
vt 2.0619457 0.8489653
vt 2.0671642 0.8408167
vt 3.2639136 0.8408167
vt 2.0841181 1.7027742
vt 1.9280113 1.7027742
vt 2.0150578 1.9186146
vt 2.0618246 0.8469622
vt 2.056606 0.8469622
vt 2.1773095 1.0825756
vt 2.0618246 0.8388136
vt 2.9864688 1.7027742
vt 2.883113 1.9186146
vt 3.1390948 1.0825756
vt 3.0049684 1.6790087
vt 2.1828337 0.8388136
vt 3.3795834 0.8388136
vt 3.3795834 0.8469622
vt 3.2640982 1.0825756
vt 2.3023129 1.0825756
vt 2.2097712 1.6828511
vt 2.2193553 1.7066164
vt 2.1502953 1.922457
vt 2.210058 1.6810118
vt 2.2996783 1.0845786
vt -2.3311875 0.8388136
vt -2.3311875 0.8469622
vt -2.1802993 1.0825756
vt -2.0841181 1.7027742
vt -2.1773095 1.0825756
vt -2.0150578 1.9186146
vt -2.332192 0.8469622
vt -2.3281977 0.8469622
vt -2.3281977 0.8388136
vt -2.203597 1.7027742
vt -2.206487 1.7047772
vt -2.3350818 0.8489653
vt -2.3310876 0.8408167
vt -2.0179477 1.9206177
vt 2.1802993 1.0825756
vt 2.3311875 0.8469622
vt 2.3311875 0.8388136
vt 2.3281977 0.8388136
vt 2.3281977 0.8469622
vt 2.332192 0.8469622
vt 2.203597 1.7027742
vt -2.999624 1.7027742
vt -3.1191032 1.7027742
vt -3.0157473 1.9186146
vt 2.3310876 0.8408167
vt 2.3350818 0.8489653
vt 2.206487 1.7047772
vt 2.0179477 1.9206177
vt 3.258574 1.0825756
vt 3.1191032 1.7027742
vt 2.999624 1.7027742
vt 3.1920798 0.8469622
vt 3.196074 0.8469622
vt 3.196074 0.8388136
vt 3.166611 0.8174514
vt 3.0622756 0.6091245
vt 3.2383924 0.6441563
vt 3.2383924 -0.6441563
vt 3.0622756 -0.6091245
vt 3.166611 -0.8174514
vt -3.0622756 -0.6091245
vt -3.2383924 -0.6441563
vt -3.166611 -0.8174514
vt -3.166611 0.8174514
vt -3.2383924 0.6441563
vt -3.0622756 0.6091245
vt 1.8344018 2.4832368
vt 2.207168 1.6790087
vt 2.2167523 1.7027742
vt -2.596072 1.7346398
vt -2.7453763 1.8344018
vt 1.9670362 2.4832368
vt -2.612742 1.9670362
vt 1.7372429 2.6717942
vt 1.9696394 2.4870791
vt -2.2097712 1.6828511
vt -2.2193553 1.7066164
vt -1.9696394 2.4870791
vt -1.7372429 2.6717942
vt 2.596072 -1.7346398
vt 2.612742 -1.9670362
vt 2.7453763 -1.8344018
vt -1.8344018 2.4832368
vt -1.9670362 2.4832368
vt -2.2167523 1.7027742
vt -2.207168 1.6790087
vt -2.210058 1.6810118
vt -2.9864688 1.7027742
vt -3.0049684 1.6790087
vt -2.7453763 -1.8344018
vt -2.596072 -1.7346398
vt -2.612742 -1.9670362
vt 2.7453763 1.8344018
vt 2.612742 1.9670362
vt 2.596072 1.7346398
vt -2.97592 0.81760544
vt -2.609348 0.5190316
vt -2.5229924 0.72751254
vt -2.5229924 -0.72751254
vt -2.609348 -0.5190316
vt -2.97592 -0.81760544
vt -2.3870635 0.47481647
vt -2.3870635 -0.47481647
vt 0.47481647 3.2909486
vt -0.47481647 3.2909486
vt 2.5229924 0.72751254
vt 2.3870635 0.47481647
vt 2.609348 0.5190316
vt 2.609348 -0.5190316
vt 2.3870635 -0.47481647
vt 2.5229924 -0.72751254
vt 2.97592 -0.81760544
vt 2.97592 0.81760544
vt -3.2640982 0.8388136
vt -3.144619 1.0825756
vt -2.1828337 1.0825756
vt -2.067349 0.8469622
vt -2.067349 0.8388136
vt 2.2967885 1.0825756
vt -2.883113 1.9186146
vt -2.0618246 0.8388136
vt -2.0618246 0.8469622
vt -2.056606 0.8469622
vt -1.9280113 1.7027742
vt 3.3687193 0.8408167
vt 3.3708808 0.8489653
vt 3.178425 1.7047772
vt 3.0104077 1.9206177
vt 2.1423526 1.9206177
vt 2.0457215 1.6810118
vt 2.17197 0.8408167
vt 1.2051107 -0.2395372
vt 0.95347846 -0.6365087
vt 0.5673587 -0.8478014
vt 0.3850858 -0.86013275
vt 0.13930047 -0.69590193
vt 0.0008758679 -0.5574786
vt 0.0008758679 -0
vt 1.2051107 0.2395372
vt -0.0008758679 -0
vt -0.0008758679 -0.5574786
vt 0 -0.5574786
vt 0.1384246 -0.69590193
vt 0.5334261 -0.79832864
vt 0.38420993 -0.86013275
vt 0.5664828 -0.8478014
vt 0.95260257 -0.6365087
vt 1.2042348 -0.2395372
vt -2.1476922 1.9186146
vt -3.258574 1.0825756
vt -2.2967885 1.0825756
vt -1.5961537 1.0825756
vt -2.5579393 1.0825756
vt -2.6734242 0.8469622
vt -2.6734242 0.8388136
vt -1.4766748 0.8388136
vt -2.1502953 1.922457
vt -2.2996783 1.0845786
vt -3.3795834 0.8388136
vt -3.3795834 0.8469622
vt -3.2640982 1.0825756
vt -2.3023129 1.0825756
vt -2.1828337 0.8388136
vt -3.1390948 1.0825756
vt -2.1530318 1.9206177
vt -3.021087 1.9206177
vt -3.1891043 1.7047772
vt -3.38156 0.8489653
vt -3.3793986 0.8408167
vt 2.635925 -1.9811999
vt 2.591036 -1.99613
vt 2.3922875 -0.47698027
vt 3.1930194 -0.63625574
vt 2.2120984 -1.4780769
vt 2.585812 -1.9939662
vt -1.9939662 2.4832368
vt -1.9790361 2.445732
vt -1.9816393 2.4495745
vt 1.9816393 2.4495745
vt -2.2120984 1.4780769
vt 1.9790361 2.445732
vt 1.9939662 2.4832368
vt -2.585812 1.9939662
vt -2.3922875 0.47698027
vt -3.1930194 0.63625574
vt -2.635925 1.9811999
vt -2.591036 1.99613
vt -2.2120984 -1.4780769
vt -2.585812 -1.9939662
vt -2.635925 -1.9811999
vt -3.1930194 -0.63625574
vt -2.3922875 -0.47698027
vt -2.591036 -1.99613
vt 3.1930194 0.63625574
vt 2.3922875 0.47698027
vt 2.591036 1.99613
vt 2.635925 1.9811999
vt 2.2120984 1.4780769
vt 2.585812 1.9939662
vt -3.0749698 1.6810118
vt -2.8884525 1.9206177
vt -2.0203974 1.9206177
vt -1.9333509 1.7047772
vt -2.630701 2.445732
vt -2.585812 2.4832368
vt -1.8344018 2.7453763
vt 2.0462513 1.6828511
vt 3.184299 1.6828511
vt 3.1860743 1.7066164
vt 2.8123474 2.4870791
vt 2.5912619 2.6717942
vt 1.8893942 2.6717942
vt 1.800931 2.4495745
vt -2.7453763 2.4832368
vt -1.8344018 -2.7453763
vt 3.6918826 1.8673548
vt 2.553835 1.8673548
vt 2.5330753 1.8911202
vt 1.8344018 -2.7453763
vt 3.07444 1.6828511
vt 1.8344018 2.7453763
vt 2.585812 2.4832368
vt 2.630701 2.445732
vt 3.1944487 1.6810118
vt 3.1891043 1.7047772
vt 3.021087 1.9206177
vt 2.1530318 1.9206177
vt -0.5110637 3.0998247
vt 0.5110637 3.0998247
vt -2.5745149 0.5132275
vt -2.2765186 0.75647163
vt -2.2765186 -0.75647163
vt -2.5745149 -0.5132275
vt -1.8286579 0.36374268
vt -1.8286579 -0.36374268
vt -1.7128887 -0.643234
vt -2.2712946 -0.7543078
vt -2.2712946 0.7543078
vt -1.7128887 0.643234
vt -1.5717138 0.3126333
vt -1.5717138 -0.3126333
vt -1.5759315 0.3126333
vt -1.5759315 -0.3126333
vt -1.7171065 -0.643234
vt -2.2755122 -0.7543078
vt -2.5735085 -0.5110637
vt -2.5735085 0.5110637
vt -2.2755122 0.7543078
vt -1.7171065 0.643234
vt 2.5735085 -0.5110637
vt 2.2755122 -0.7543078
vt 1.7171065 -0.643234
vt 1.5759315 -0.3126333
vt 1.5759315 0.3126333
vt 1.7171065 0.643234
vt 2.2755122 0.7543078
vt 2.5735085 0.5110637
vt 1.8286579 -0.36374268
vt 1.5717138 -0.3126333
vt 1.7128887 -0.643234
vt 1.7128887 0.643234
vt 1.5717138 0.3126333
vt 1.8286579 0.36374268
vt 2.2712946 0.7543078
vt 2.2712946 -0.7543078
vt 2.5745149 0.5132275
vt 2.2765186 0.75647163
vt 2.2765186 -0.75647163
vt 2.5745149 -0.5132275
vt -1.0231818 1.5298327
vt -0.88923764 1.8634181
vt -1.0756549 2.1424062
vt -1.4583688 2.181122
vt -1.4575502 2.1833637
vt -1.0748363 2.1446478
vt -0.7564698 2.276518
vt -0.5132274 2.5745146
vt -0.75430596 2.271294
vt -1.0726725 2.1394238
vt -0.88625526 1.8604357
vt -0.68884444 1.942206
vt -0.35924125 1.8034346
vt -0.6898381 1.9446049
vt -0.88724893 1.8628346
vt -1.021193 1.5292492
vt -0.5110636 2.5735083
vt -0.75430596 2.2755117
vt -0.68884444 1.9464238
vt -0.3582476 1.8052535
vt -0.35986167 1.8049325
vt -1.0218135 1.530747
vt -1.4570005 2.1820364
vt -0.51267767 2.5731874
vt 1.1667436 -1.7470672
vt 0.6898424 -1.9446228
vt 0.35919848 -1.8034347
vt 0.1855097 -0.930015
vt 0.5264499 -0.7888005
vt 0.66076314 -1.8052535
vt 0.35820487 -1.8052535
vt 0.6888488 -1.9464415
vt 0.39975217 -0.96765965
vt 0.18451609 -0.9302126
vt 0.35820487 -1.8036323
vt 0.66076314 -1.8036323
vt 0.72065574 -1.7424217
vt 0.52579147 -0.78721076
vt 0.18485126 -0.9284253
vt 0.40008733 -0.96587235
vt 0.72065574 -1.7398252
vt 0.66076314 -1.8010358
vt 0.6888488 -1.9422238
vt 1.16575 -1.7446682
vt 0.72249174 -1.7416613
vt 1.1675861 -1.7465043
vt 0.5272924 -0.7882376
vt 0.4015882 -0.96689916
vt -1.4593844 -2.182138
vt -1.5700768 -1.8137373
vt -1.5660787 -1.8097391
vt -1.16575 -1.7446682
vt -1.3796657 -1.5307525
vt -0.51323646 -2.5745037
vt -1.45755 -2.1833637
vt -1.3815018 -1.5325886
vt -1.1675861 -1.7465043
vt -1.0220394 -1.5286777
vt -0.6888456 -1.9422224
vt -1.021197 -1.5292406
vt -1.1667436 -1.7470672
vt -0.6898392 -1.9446213
vt -0.35924527 -1.8034549
vt -0.35825166 -1.8052737
vt -0.6888456 -1.9464401
vt -0.51107264 -2.5734973
vt -1.5676928 -1.8136358
vt -1.3812798 -1.5346491
vt -1.0218174 -1.5307384
vt -0.35986573 -1.8049526
vt -0.5126867 -2.5731764
vt -1.4570004 -2.1820364
vt 1.4570004 -2.1820362
vt 0.5126867 -2.5731764
vt 0.3598657 -1.8049524
vt 1.021817 -1.5307384
vt 1.3812798 -1.5346491
vt 1.5676928 -1.8136358
vt 0.75430596 -2.2755117
vt 0.6888479 -1.9464412
vt 0.35825163 -1.8052734
vt 0.51107264 -2.5734973
vt 1.0211965 -1.5292406
vt 0.35924524 -1.8034546
vt 0.6898415 -1.9446224
vt 1.1667447 -1.7470686
vt 1.1657511 -1.7446697
vt 0.6888479 -1.9422234
vt 0.75430596 -2.271294
vt 1.3815018 -1.5325886
vt 1.0220389 -1.5286777
vt 1.1675872 -1.7465057
vt 1.3543267 -2.0288787
vt 0.7564698 -2.276518
vt 0.51323646 -2.5745037
vt 1.45755 -2.1833634
vt 1.5660787 -1.8097391
vt 1.3796657 -1.5307525
vt 1.5700768 -1.8137373
vt 1.4593844 -2.1821377
vt 2.5731876 0.5126777
vt 1.8049291 0.35986167
vt 1.5307382 1.021817
vt 1.5346515 1.3812776
vt 1.8136381 1.5676904
vt 2.1820364 1.4570005
vt 1.5325909 1.3814995
vt 1.5286776 1.0220389
vt 1.7465043 1.1675861
vt 1.9446062 0.689842
vt 1.7470671 1.1667436
vt 1.5292404 1.0211965
vt 1.8034313 0.35924125
vt 1.8097414 1.5660763
vt 1.5307548 1.3796635
vt 1.7446682 1.16575
vt 1.9422073 0.6888483
vt 2.182138 1.4593846
vt 1.8137395 1.5700744
vt 1.9464251 0.6888483
vt 1.8052502 0.3582476
vt 2.1833637 1.4575502
vt -2.1446478 1.0748353
vt -2.1833637 1.4575502
vt -2.182138 1.4593846
vt -1.4593846 2.182138
vt -1.8604373 0.88625866
vt -1.7446682 1.16575
vt -2.1394238 1.0726715
vt -1.1657425 1.7446681
vt -1.5292404 1.0211965
vt -1.7470671 1.1667436
vt -1.8628361 0.88725233
vt -1.3543267 2.0288787
vt -1.0748343 2.1446478
vt -1.1675786 1.7465042
vt -1.7465043 1.1675861
vt -1.5286776 1.0220389
vt -1.022039 1.5286776
vt -0.8862558 1.8604343
vt -1.0726706 2.1394238
vt -0.88724947 1.8628331
vt -1.1667361 1.747067
vt -1.0211966 1.5292404
vt -1.075653 2.1424062
vt -0.8892382 1.8634167
vt -1.0231854 1.5298239
vt -1.5298239 1.0231853
vt -1.8634197 0.88924104
vt -2.1424062 1.0756539
vt -2.181122 1.4583688
vt 2.181122 1.4583688
vt 1.5298239 1.0231853
vt 1.0231854 1.5298239
vt 0.88923764 1.8634181
vt 1.0756514 2.142406
vt 1.4583688 2.181122
vt 1.1667361 1.747067
vt 0.88724893 1.8628346
vt 1.0211966 1.5292404
vt 1.1657425 1.7446681
vt 1.072669 2.1394236
vt 0.88625526 1.8604357
vt 1.1675786 1.7465042
vt 1.022039 1.5286776
vt 1.4575502 2.1833637
vt 1.0748328 2.1446476
vt 1.4593846 2.182138
vt -1.8052502 0.3582476
vt -1.9464251 0.6888483
vt -1.9422073 0.6888483
vt -1.9446062 0.689842
vt -1.8034313 0.35924125
vt -1.804929 0.35986167
vt -2.5731876 0.5126777
vt -2.1820364 1.4570005
vt -1.5307381 1.021817
vt 2.1811218 -1.4583687
vt 1.4583688 -2.1811216
vt 1.0231854 -1.529824
vt 1.5298239 -1.0231853
vt 1.8634197 -0.88924104
vt 2.1424062 -1.075654
vt 1.0218171 -1.5307384
vt 1.4570005 -2.182036
vt 1.7465043 -1.1675861
vt 1.5286776 -1.0220389
vt 1.022039 -1.5286777
vt 1.8628361 -0.88725233
vt 1.5292404 -1.0211965
vt 1.7470671 -1.1667436
vt 1.7446682 -1.16575
vt 2.1394238 -1.0726717
vt 1.8604373 -0.88625866
vt 1.4593846 -2.1821375
vt 2.1821377 -1.4593844
vt 2.1833634 -1.45755
vt 2.1446478 -1.0748354
vt -2.1833637 -1.4575502
vt -2.1446478 -1.0748354
vt -1.4593844 -2.1821377
vt -2.182138 -1.4593846
vt -2.1394238 -1.0726717
vt -1.7446682 -1.16575
vt -1.8604372 -0.88625896
vt -1.862836 -0.8872526
vt -1.7470671 -1.1667436
vt -1.5292407 -1.0211967
vt -1.5286779 -1.0220392
vt -1.7465043 -1.1675861
vt -1.4570004 -2.1820362
vt -2.181122 -1.4583688
vt -2.1424062 -1.075654
vt -1.8634195 -0.88924134
vt -1.5298243 -1.0231855
vt -1.0231857 -1.529824
vt -1.4583687 -2.1811218
vt 2.1820364 -1.4570005
vt 1.5307382 -1.021817
vt 1.8049291 -0.35986167
vt 2.5731876 -0.5126777
vt 1.8034313 -0.35924125
vt 1.9446062 -0.689842
vt 2.1424062 -1.0756539
vt 2.181122 -1.4583688
vt 1.9422073 -0.6888483
vt 2.1394238 -1.0726715
vt 1.8052502 -0.3582476
vt 1.9464251 -0.6888483
vt 2.1446478 -1.0748353
vt 2.1833637 -1.4575502
vt -2.1446478 -1.0748353
vt -1.9464251 -0.6888483
vt -1.8052502 -0.3582476
vt -1.9422073 -0.6888483
vt -2.1394238 -1.0726715
vt -1.8604373 -0.88625866
vt -1.5298239 -1.0231853
vt -1.8634197 -0.88924104
vt -2.1424062 -1.0756539
vt -1.8034313 -0.35924125
vt -1.9446062 -0.689842
vt -1.8628361 -0.88725233
vt -1.5292404 -1.0211965
vt -1.5307381 -1.021817
vt -2.1820364 -1.4570005
vt -2.5731876 -0.5126777
vt -1.804929 -0.35986167
vt 1.0218135 1.530747
vt 0.3598616 1.8049325
vt 0.5126776 2.5731876
vt 1.4570005 2.1820364
vt 0.35824758 1.8052535
vt 0.68884444 1.9464238
vt 0.8872485 1.8628355
vt 0.6898381 1.9446049
vt 0.35924125 1.8034346
vt 1.021193 1.5292492
vt 1.0726706 2.1394238
vt 0.68884444 1.942206
vt 0.88625485 1.8604367
vt 1.0748343 2.1446478
vt 1.075653 2.1424062
vt 0.8892372 1.863419
vt 1.0231818 1.5298327
vt -1.1675822 -1.7465026
vt -0.72249174 -1.7416613
vt -0.40158826 -0.9668994
vt -0.5272937 -0.78823626
vt -0.6888478 -1.9422227
vt -0.66076314 -1.8010358
vt -0.72065574 -1.7398252
vt -1.1657461 -1.7446666
vt -0.5257928 -0.7872094
vt -0.4000874 -0.9658725
vt -0.18484853 -0.92842484
vt -0.35820487 -1.8052535
vt -0.66076314 -1.8052535
vt -0.6888478 -1.9464405
vt -0.18451336 -0.93021214
vt -0.39975223 -0.96765983
vt -0.72065574 -1.7424217
vt -0.66076314 -1.8036323
vt -0.35820487 -1.8036323
vt -0.52645123 -0.7887991
vt -0.18550697 -0.93001455
vt -0.35919848 -1.8034347
vt -0.6898414 -1.9446217
vt -1.1667397 -1.7470655
vt 0.7645694 0.8388136
vt 0.7645694 -0
vt 2.2127128 0.8469622
vt 2.2127128 -0
vt -3.196074 -0
vt -3.311559 -0
vt -3.311559 0.8469622
vt -3.196074 0.8469622
vt -3.84375 0.7645694
vt -3.311559 2.2127128
vt -3.196074 2.3281977
vt 2.3311875 -0
vt 0.7675591 -0
vt -0.7675591 -0
vt -2.3311875 -0
vt 3.311559 -2.2127128
vt 3.196074 -2.3281977
vt 3.84375 -0.7645694
vt 3.311559 0.8469622
vt -2.2127128 0.8469622
vt -2.3281977 -0
vt -2.2127128 -0
vt -0.7645694 -0
vt -0.7645694 0.8388136
vt 3.84375 0.7645694
vt 3.196074 2.3281977
vt 3.311559 2.2127128
vt 2.3281977 -0
vt -3.196074 -2.3281977
vt -3.311559 -2.2127128
vt -3.84375 -0.7645694
vt 3.9592087 -0
vt 2.7624593 -0
vt 2.7624593 0.8469622
vt 2.8779442 1.0825756
vt 3.8397295 1.0825756
vt 3.9592087 0.8388136
vt 2.2127128 -3.311559
vt 2.0618246 -3.374059
vt 3.258574 -2.1773095
vt 2.0618246 -0
vt -2.1802993 -0
vt 2.1802993 -0
vt 3.311559 -0
vt -3.1920798 0.8469622
vt -2.0618246 -0
vt -3.258574 2.1773095
vt -2.2127128 3.311559
vt -2.0618246 3.374059
vt -2.067349 -0
vt -3.2640982 -0
vt -2.0618246 -3.374059
vt -2.2127128 -3.311559
vt -3.258574 -2.1773095
vt -3.3795834 -0
vt -2.1828337 -0
vt 3.3795834 -0
vt 2.1828337 -0
vt 3.258574 2.1773095
vt 2.0618246 3.374059
vt 2.2127128 3.311559
vt 3.2530499 0.8388136
vt 3.3685346 0.8388136
vt 3.3685346 -0
vt 3.2530499 -0
vt -2.0619457 0.8489653
vt -2.0671642 0.8408167
vt -2.1773095 3.258574
vt -0.7645694 3.84375
vt 0.7645694 -3.84375
vt 2.1773095 -3.258574
vt -3.3708808 0.8489653
vt -3.3687193 0.8408167
vt -2.5579393 -0
vt -2.5579393 0.8388136
vt -2.6734242 -0
vt 2.1773095 3.258574
vt 0.7645694 3.84375
vt 2.067349 -0
vt 2.067349 0.8388136
vt -0.7645694 -3.84375
vt -2.1773095 -3.258574
vt -0.68686724 1.016178
vt -0.6821553 1.0208899
vt -0.6996873 1.0471296
vt -0.66076314 1.8010358
vt -0.81773615 1.6406087
vt -0.23953766 1.2042328
vt -0.67771554 1.0139378
vt -0.68277466 1.0215092
vt -0.6874866 1.0167973
vt -0.23987281 1.205042
vt -0.68249047 1.0216991
vt -0.67743134 1.0141277
vt -0.18485013 0.92842513
vt 0.23953766 1.2042328
vt 0.68686724 1.0187745
vt 0.6770962 1.015915
vt 0.18451495 0.93021244
vt -0.18451495 0.93021244
vt -0.6770962 1.015915
vt -0.68686724 1.0187745
vt -0.6996873 1.0497261
vt -0.81773615 1.6432052
vt -0.66076314 1.8036323
vt 0.66076314 1.8036323
vt 0.81773615 1.6432052
vt 0.6996873 1.0497261
vt 0.23953766 1.2051086
vt -0.23953766 1.2051086
vt -0.18451495 0.92849183
vt 0.18451495 0.92849183
vt 0.66076314 1.8052535
vt -0.66076314 1.8052535
vt 0.6432299 1.7171102
vt 0.23987283 1.205042
vt 0.18485013 0.92842513
vt 0.67743134 1.0141277
vt 0.68249047 1.0216991
vt 0.67771554 1.0139378
vt 0.6874866 1.0167973
vt 0.6996873 1.0471296
vt 0.81773615 1.6406087
vt 0.6432299 1.7128924
vt 0.66076314 1.8010358
vt 0.68686724 1.016178
vt -0.1392991 -0.69590056
vt -0.0008758679 -0.55747885
vt 1.0217102 -0.6824794
vt 0.6373179 -0.9529377
vt 0.19973102 -1.000376
vt 0.026616218 -0.9420204
vt -0.13761403 -0.6962357
vt 0.0008091964 -0.00033517927
vt 1.2050484 -0.23986161
vt 0.18731435 -0.94168526
vt 0.025807021 -0.94168526
vt 0.19892183 -1.0000408
vt 0 -0.55747885
vt -0.13842322 -0.69590056
vt 0.38421074 -0.8601324
vt 1.2051151 -0.23952644
vt 0.0008758679 -0.55747885
vt 0.3850866 -0.8601324
vt 0.5673583 -0.84780085
vt 0.9534773 -0.6365079
vt 0.5664824 -0.84780085
vt 0.6365087 -0.95260257
vt 0.95260143 -0.6365079
vt 1.020901 -0.6821442
vt 1.2042392 -0.23952644
vt -0.2235118 1.1236644
vt 0 1.0582548
vt 0.0006193314 1.0588741
vt -0.19830276 1.0006614
vt -1.0215203 0.6827636
vt -0.22413114 1.1242837
vt -0.00061933696 1.0588741
vt -0.00061933696 0.0006193314
vt -1.020901 -0.6821442
vt -0.95260257 -0.6365087
vt -1.2042348 -0.2395372
vt -0.6365105 -0.9526013
vt -0.56648505 -0.84780014
vt -0.198919 -1.0000398
vt -0.18731152 -0.94168526
vt -0.38420993 -0.86013156
vt -1.2051107 -0.2395372
vt -0.95347846 -0.6365087
vt -0.56736094 -0.84780014
vt -0.3850858 -0.86013156
vt -0.13929787 -0.6958993
vt -0.138422 -0.6958993
vt -0.025807021 -0.94168526
vt 0 -0.9030627
vt -0.00080919266 -0.90339786
vt -0.026616214 -0.9420204
vt -0.19972819 -1.000375
vt -0.6373197 -0.9529365
vt -1.0217102 -0.6824794
vt -1.205044 -0.23987237
vt -0.00080919266 -0.00033517927
vt -0.1376128 -0.69623446
vt 0.0008091964 -0.90339786
vt -0.19972956 -1.0003755
vt -0.00080919266 -0.90339774
vt 0.6827636 -1.0215203
vt 0.22413021 -1.124279
vt -0.19830103 -1.0006596
vt 0.0006193314 -0.0006193295
vt 1.0215092 -0.68277466
vt 0.1989219 -1.0000411
vt -0.19892037 -1.0000403
vt 0.22351088 -1.1236597
vt 0 -0.9030626
vt 1.0216991 -0.68249047
vt 0.0008091964 -0.90339774
vt 0.1997311 -1.0003763
vt 0.6373188 -0.9529391
vt 0.6365096 -0.95260394
vt 0.6821442 -1.020901
vt 1.0208899 -0.6821553
vt -0.68214595 -1.0209001
vt -1.0209062 -0.6821405
vt -0.22350849 -1.123659
vt -1.0217154 -0.6824757
vt 0 -1.0582517
vt -0.00061933696 -1.058871
vt -0.22412783 -1.1242783
vt -0.6827653 -1.0215194
vt -1.0215255 -0.6827599
vt -0.00061933696 -0.0006193295
vt -0.19829966 -1.0006591
vt 0.0006193314 -1.058871
vt -0.00061933696 1.0588742
vt -0.22414503 1.1242877
vt -0.00061933696 0.00064051966
vt 0.6824744 1.0217026
vt 0.00033516623 0.000830394
vt -0.22319052 1.1244776
vt -0.22352569 1.1236684
vt 0 1.058255
vt 0.0006193314 1.0588742
vt 0.0006193314 0.00064051966
vt 0.68275857 1.0215127
vt 0.6821392 1.0208935
vt -0.22352432 1.1236616
vt -0.22414365 1.1242809
vt 0 1.1625571
vt -0.22318915 1.1244708
vt 0.00033516623 0.0008092057
vt 0.00033516623 1.1633663
vt -0.00033516437 1.1633663
vt -0.00033516437 0.0008092057
vt -0.23953415 -1.2042252
vt -0.6821436 -1.0209
vt -0.00061933696 -0.00059932447
vt -0.682763 -1.0215193
vt 0.22352475 -1.1236638
vt 0.22318958 -1.124473
vt -0.23986933 -1.2050344
vt -0.6824788 -1.0217092
vt -0.0003351681 -0.0007892025
vt 0.0006193314 -0.00059932447
vt 0.22414409 -1.1242831
vt 0.22317696 -1.1244752
vt -0.0003351681 -0.00080920756
vt -0.0003351681 -1.1633611
vt 0.2398714 -1.2050347
vt 0.00033516623 -1.1633611
vt 0.00033516623 -0.00080920756
vt 0.6824794 -1.0217102
vt 0.22351213 -1.123666
vt 0 -1.1625519
vt 0.23953623 -1.2042255
vt 0.22413146 -1.1242853
vt -0.00033516437 1.1633669
vt 0 0.00087587535
vt 0 1.1625577
vt 0.00033516623 1.1633669
vt -0.23986934 -1.2050344
vt 0.23953623 -1.2051014
vt -0.23953417 -1.205101
vt 0 -0.0008758679
vt -0.23953417 -1.2042252
vt -0.68211466 -1.0209435
vt -0.68686724 -1.016178
vt -0.6998082 -1.0474215
vt -0.6432322 -1.7129042
vt -0.8177351 -1.640625
vt -0.23955932 -1.2042296
vt -0.6874866 -1.0167973
vt -0.682734 -1.0215628
vt -0.6776956 -1.013932
vt -0.6824498 -1.0217527
vt -0.2398945 -1.2050388
vt -0.6774114 -1.0141219
vt -0.6432322 -1.717122
vt 0.699716 -1.0497955
vt 0.81772625 -1.6432215
vt -0.8177351 -1.6432215
vt -0.6998082 -1.050018
vt -0.68686724 -1.0187745
vt -0.6770762 -1.0159092
vt 0.18451495 -0.93021244
vt 0.67707336 -1.0159084
vt 0.68686724 -1.0187745
vt 0.18451495 -0.92849183
vt -0.18451336 -0.92849153
vt -0.23955932 -1.2051054
vt 0.6774085 -1.014121
vt 0.18485013 -0.92842513
vt 0.6874866 -1.0167973
vt 0.6776927 -1.0139312
vt 0.81772625 -1.640625
vt 0.699716 -1.047199
vt 0.68686724 -1.016178
vt 3.0157473 1.9186146
vt 1.3843244 1.2051808
vt 1.0482142 0.70212924
vt 1.0244527 0.67836726
vt 1.0142995 0.6794682
vt 0.5264552 0.7887863
vt 0.18550861 0.9300148
vt 1.166743 1.7470622
vt 0.3582476 1.8036323
vt 0.3582476 1.8052535
vt 0.5257967 0.78719664
vt 0.5260809 0.7870068
vt 1.0139252 0.6776887
vt 1.0141151 0.6774045
vt 1.0242683 0.67630357
vt 1.0358515 1.5502613
vt 1.1657494 1.7446634
vt 1.0472206 0.6997304
vt 1.3833308 1.2027819
vt 1.0234591 0.6759684
vt -1.3833308 1.2027819
vt -1.0358515 1.5502613
vt -1.1657485 1.7446659
vt -1.0234591 0.6759684
vt -1.0472206 0.6997304
vt -0.66076404 1.8010358
vt -0.68884695 1.9422071
vt -1.0141151 0.6774045
vt -1.0242683 0.67630357
vt -0.5260809 0.7870068
vt -1.0139252 0.6776887
vt -0.5257967 0.78719664
vt -0.3582476 1.8036323
vt -0.66076404 1.8036323
vt -0.68884695 1.9464248
vt -0.66076404 1.8052535
vt -0.6898406 1.944606
vt -0.18550861 0.9300148
vt -0.5264552 0.7887863
vt -1.0142995 0.6794682
vt -1.0244527 0.67836726
vt -1.0482142 0.70212924
vt -1.3843244 1.2051808
vt -1.1667421 1.7470647
vt 1.8036289 -0.6607669
vt 1.643204 -0.81773657
vt 1.049762 -0.6996937
vt 1.0187808 -0.68686086
vt 1.0159187 -0.6770802
vt 0.9302201 -0.1845158
vt 0.9302201 0.1845158
vt 1.0159166 0.6770685
vt 1.0497836 0.699698
vt 1.643204 0.81773657
vt 1.8036289 0.6607669
vt 1.0215203 -0.6827636
vt 1.0139415 -0.67769957
vt 1.0168036 -0.6874802
vt 1.024268 0.6763043
vt 1.0141293 0.6774036
vt 0.92843276 0.18485099
vt 1.205044 -0.23987237
vt 0.92843276 -0.18485099
vt 1.0141314 -0.6774154
vt 0.92849946 0.1845158
vt 0.92849946 -0.1845158
vt 1.0481807 0.7020968
vt 1.0143137 0.6794673
vt 1.0244524 0.678368
vt 1.0161843 -0.68686086
vt 1.0471655 -0.6996937
vt 1.6406075 -0.81773657
vt 1.6406075 0.81773657
vt 1.0471871 0.699698
vt 1.0234588 0.6759691
vt 1.8010324 0.6607669
vt 1.8010324 -0.6607669
vt 1.8052502 -0.6607669
vt 1.8052502 0.6607669
vt -1.8052502 -0.6607669
vt -1.8052502 0.6607669
vt -1.6406075 -0.81773657
vt -1.8010324 -0.6607669
vt -1.8010324 0.6607669
vt -1.6406075 0.81773657
vt -1.0471655 -0.6996937
vt -1.0234588 0.6759691
vt -1.0471871 0.699698
vt -1.0161843 -0.68686086
vt -1.0481807 0.7020968
vt -1.0244524 0.678368
vt -1.0143137 0.6794673
vt -0.92849946 0.1845158
vt -1.2051107 0.2395372
vt -0.92849946 -0.1845158
vt -1.0141293 0.6774036
vt -1.024268 0.6763043
vt -0.92843276 0.18485099
vt -0.92843276 -0.18485099
vt -1.0141314 -0.6774154
vt -1.0139415 -0.67769957
vt -1.0215203 -0.6827636
vt -1.0168036 -0.6874802
vt -1.0187808 -0.68686086
vt -1.049762 -0.6996937
vt -1.643204 -0.81773657
vt -1.8036289 -0.6607669
vt -1.8036289 0.6607669
vt -1.643204 0.81773657
vt -1.0497836 0.699698
vt -1.0159166 0.6770685
vt -0.9302201 0.1845158
vt -0.9302201 -0.1845158
vt -1.0159187 -0.6770802
vt -1.5502613 1.0358515
vt -1.3833301 1.2027826
vt -1.3316056 1.3316015
vt -1.8036289 0.3582476
vt -0.7396307 0.7410193
vt -1.3325992 1.3340003
vt -1.3843237 1.2051815
vt -0.78721386 0.52578354
vt -0.7392564 0.7392398
vt -1.0139394 0.6776878
vt -0.787024 0.52606773
vt -0.7888036 0.52644205
vt -0.9300225 0.18550946
vt -1.3340044 1.3325951
vt -0.74103594 0.7396141
vt -1.5502613 -1.0358515
vt -1.2027894 -1.3833234
vt -1.8036289 -0.3582476
vt -0.6997054 -1.0471734
vt -0.78721046 -0.5257917
vt -0.7870206 -0.5260759
vt -0.67770135 -1.0139337
vt -0.677082 -1.0159109
vt -0.6997054 -1.0497699
vt -0.7888002 -0.5264502
vt -0.6794809 -1.014308
vt -0.70210433 -1.048167
vt -1.2051883 -1.384317
vt -0.9300225 -0.18550946
vt 1.2051883 -1.384317
vt 0.70210433 -1.048167
vt 0.6794809 -1.014308
vt 0.7888002 -0.5264502
vt 0.9300225 -0.18550946
vt 0.677082 -1.0159109
vt 0.6997054 -1.0497699
vt 0.7870206 -0.5260759
vt 0.67770135 -1.0139337
vt 0.78721046 -0.5257917
vt 1.5502613 -1.0358515
vt 0.6997054 -1.0471734
vt 1.2027894 -1.3833234
vt 1.8036289 -0.3582476
vt 0.9300225 0.18550946
vt 0.7888002 0.5264502
vt 0.7410346 0.7396129
vt 1.3340044 1.3325951
vt 0.7392551 0.73923856
vt 0.7870206 0.5260759
vt 1.0139394 0.6776878
vt 0.78721046 0.5257917
vt 1.3843237 1.2051815
vt 1.3325992 1.3340003
vt 0.7396294 0.74101806
vt 1.3833301 1.2027826
vt 1.5502613 1.0358515
vt 1.8036289 0.3582476
vt 1.3316056 1.3316015
vt -1.1657455 1.7446727
vt -0.7888002 0.5264502
vt -0.7410346 0.7396129
vt -1.1667391 1.7470715
vt -0.7396294 0.74101806
vt -0.52646583 0.7887845
vt -0.5260915 0.787005
vt -0.7392551 0.73923856
vt -0.7870206 0.5260759
vt -1.1675816 1.7465087
vt -0.5273082 0.7882217
vt -0.78823733 0.5272926
vt 0.78823733 0.5272926
vt 0.5273082 0.7882217
vt 1.1675816 1.7465087
vt 0.5260915 0.787005
vt 1.1667391 1.7470715
vt 0.52646583 0.7887845
vt 1.1657455 1.7446727
vt -1.1658016 -1.7446165
vt -1.0358515 -1.5502613
vt -0.70211124 -1.0481838
vt -0.69971234 -1.0471902
vt -0.526077 -0.78701955
vt -0.67741716 -1.0141236
vt -0.69971234 -1.0497867
vt -0.78823733 -0.5272926
vt -1.1676377 -1.7464526
vt 0.722497 -1.7416738
vt 0.40159982 -0.9668827
vt 0.5272926 -0.78823733
vt 0.78823733 -0.5272926
vt 0.67708224 -1.0159098
vt 0.3997638 -0.96764314
vt 0.7206609 -1.7424343
vt 0.81772447 -1.6432215
vt 0.5257917 -0.78721046
vt 0.40009895 -0.96585584
vt 0.6774174 -1.0141225
vt 0.6777016 -1.0139326
vt 0.5260759 -0.7870206
vt 0.81772447 -1.640625
vt 1.0358515 -1.5502613
vt 0.7206609 -1.7398378
vt 0.67948115 -1.0143069
vt 0.7021149 -1.0481926
vt 5.373993 1.1169182
vt 4.41131 1.1169355
vt 4.4042096 1.1473681
vt 5.3668923 1.1473509
vt 0.3125 0.25
vt -0.3125 0.25
vt -0.3125 0.21875
vt 0.3125 0.21875
vt 0.3125 4.5625
vt -0.3125 4.5625
vt -0.3125 5.5
vt 0.3125 5.5
vt 0.3125 0.02734375
vt -0.3125 0.02734375
vt -0.3125 0.05859375
vt 0.3125 0.05859375
vt -4.475028 -0.95637566
vt -5.3383055 -1.3824157
vt -5.3454056 -1.351983
vt -4.4821286 -0.92594296
vt 0.3125 -4.5625
vt -0.3125 -4.5625
vt -0.3125 -5.5
vt 0.3125 -5.5
vt 5.53125 -0.3125
vt 4.59375 -0.3125
vt 4.59375 0.3125
vt 5.53125 0.3125
vt 5.397325 1.1544513
vt 4.4346423 1.1544685
vt 4.441743 1.1240358
vt 5.4044256 1.1240185
vt -4.5625 0.3125
vt -5.5 0.3125
vt -5.5 -0.3125
vt -4.5625 -0.3125
vt -2.4091616 -0.6990041
vt -3.371844 -0.6989868
vt -3.3789446 -0.6685542
vt -2.416262 -0.6685714
vt 0.3125 -3.4296875
vt -0.3125 -3.4296875
vt -0.3125 -2.4921875
vt 0.3125 -2.4921875

# normals
vn -0.8660492823829496 0.49995863877322677 4.0174412101663895e-15
vn -3.34095732512672e-16 0.25639768376421834 0.9665713774783236
vn 0 -0 1
vn -0 0 -1
vn 0.7071156396326104 -0.7070979226295071 1.2559638158297254e-15
vn -0.38268343236503977 -0 0.9238795325113076
vn -0.36989085235921926 0.25639768376411964 0.8929955123635083
vn -0.33320306098883556 0.4918117484881167 0.8044233488634774
vn -1.1019428613200817e-12 -0.2563976837641208 -0.9665713774783494
vn -1.5433159268031703e-16 0.49181174848810916 0.8707015585429194
vn 0 0.25639768376416255 0.9665713774783383
vn 0 -1 -0
vn 0.3332030609888198 0.4918117484880977 0.8044233488634954
vn 0.3698908523593148 0.2563976837641617 0.8929955123634568
vn 0.38268343236506863 -3.364134084324101e-14 0.9238795325112954
vn -0.2588190451025226 -0.9659258262890679 3.496417760503392e-14
vn -1.4710661993401352e-15 -0.25639768376420075 -0.9665713774783283
vn 0 1 0
vn 0.38268343236510516 -1.3713455914536775e-14 0.9238795325112804
vn -0.3826834323649965 0 0.9238795325113254
vn 3.310028875253818e-17 -0.2563976837634164 -0.9665713774785363
vn 0.2588190451025258 -0.965925826289067 1.1800409941699092e-13
vn -1 1.310829427669699e-16 -1.7763568394002505e-15
vn -1.5948839512875257e-16 0.2563976837642182 0.9665713774783237
vn 0.36989085235933844 0.2563976837642211 0.8929955123634298
vn 0.3826834323650837 -4.815673964408138e-15 0.9238795325112894
vn -0.3826834323651976 -9.280205035580044e-15 0.9238795325112422
vn -0.3698908523593379 0.2563976837642028 0.8929955123634354
vn -1.661297073496229e-16 0.2563976837642183 0.9665713774783237
vn 1 -0 -0
vn -0.9659258262890701 -0.2588190451025139 -1.2383296396982706e-15
vn -2.866700521861192e-16 0.2563976837642181 0.9665713774783236
vn -1 0 -0
vn 0.9659258262890678 0.2588190451025228 -2.2987749046745413e-16
vn -0.9659258262890694 0.2588190451025162 -1.7158289478819267e-15
vn 1 -1.5186234157937412e-16 1.7763568394002505e-15
vn 0 0.25639768376421823 0.9665713774783237
vn 0.9659258262890685 -0.25881904510252013 1.5921381081834888e-15
vn -0.8660569545191347 0.49994534854225975 -0
vn 0.9659258262890695 -0.2588190451025165 1.715828947881927e-15
vn -0.9659258262890685 0.25881904510251996 -2.441664518346571e-15
vn -3.687247787803227e-16 0.25639768376421845 0.9665713774783236
vn 0.8660492823829498 -0.4999586387732267 -1.2448009405802944e-15
vn -0.8660569545191331 -0.49994534854226247 1.188682419742831e-16
vn 0 0.25639768376421823 0.9665713774783236
vn 0.9659258262890702 0.2588190451025139 1.0742477268156508e-15
vn -0.9659258262890678 -0.2588190451025229 0
vn 0.8660492823829523 0.4999586387732221 -3.2515380930829187e-16
vn -0.7071067811865467 -0.7071067811865483 -1.5700924586837693e-16
vn -0.25881904510251796 -0.965925826289069 9.953987325151581e-17
vn 0.49995863877322216 0.8660492823829523 5.944933219636716e-17
vn -0.7070979226295064 0.7071156396326109 2.8262018310936102e-15
vn 0.8660569545191344 -0.49994534854225997 -0
vn -0.8660492823829522 -0.4999586387732223 0
vn 0.7071067811865467 0.7071067811865483 1.501951178825397e-30
vn -0.7071156396326113 0.7070979226295061 -5.26205994401166e-16
vn -0.7071067811865448 -0.7071067811865502 -5.580816019119463e-16
vn -4.0193510441816215e-16 0.2563976837642181 0.9665713774783238
vn 0.8660569545191329 0.49994534854226264 2.1465256320744358e-15
vn -0.7071156396326111 0.7070979226295063 -3.717546002370109e-15
vn -1.681143919347244e-16 0.25639768376421823 0.9665713774783237
vn 0.7071067811865449 0.7071067811865499 5.580816019119465e-16
vn -0.25881904510251785 -0.9659258262890691 5.746937261686244e-17
vn 0.7071067811865455 0.7071067811865496 -6.280369834735082e-16
vn -0.7071067811865468 -0.7071067811865483 0
vn 0.258819045102518 0.9659258262890691 0
vn -0.25881904510251785 0.9659258262890691 1.1493874523372487e-16
vn 0.7070979226295067 -0.7071156396326108 -0
vn -0.7071156396326105 0.7070979226295069 -0
vn 0.25881904510251824 -0.9659258262890691 -0
vn -0.7071156396326165 0.7070979226295009 -3.1402242567707027e-16
vn -0.2588190451025175 0.9659258262890692 -1.1493874523372472e-16
vn 0.499945348542263 -0.8660569545191328 -4.597568187509165e-16
vn -0.4999586387732234 0.8660492823829518 3.6625241491476066e-16
vn 0.2588190451025179 -0.965925826289069 -3.2941736371896564e-16
vn 0.7070979226295069 -0.7071156396326106 -4.710257705856922e-16
vn -0.499945348542259 -0.866056954519135 -1.7761626784187677e-15
vn 0.25881904510251696 0.9659258262890692 -3.448162357011735e-16
vn 0.7071067811865456 0.7071067811865495 -9.420554752102624e-16
vn -0.7071067811865468 -0.7071067811865482 0
vn -0.258819045102518 -0.9659258262890691 -0
vn 0.4999586387732222 0.8660492823829524 -1.9230157075232955e-16
vn -0.9659258262890679 -0.2588190451025228 0
vn 0.8660492823829523 0.4999586387732222 -1.188986643927344e-16
vn -0.38268343236503616 -2.648550399912924e-14 -0.9238795325113089
vn -0.3698908523592658 0.256397683764156 -0.8929955123634786
vn -0.33320306098884483 0.4918117484880828 -0.8044233488634943
vn -3.7231232045746475e-17 0.2563976837641666 -0.9665713774783372
vn -0 0.49181174848806786 -0.8707015585429426
vn 8.261773230029129e-14 -0.25639768376412975 0.9665713774783471
vn 0.3332030609887977 0.4918117484880778 -0.8044233488635169
vn 0.369890852359268 0.2563976837641818 -0.8929955123634703
vn 0.38268343236508506 8.412360618407702e-15 -0.9238795325112886
vn -0.2588190451025181 -0.9659258262890691 6.992835521033113e-14
vn 2.7084343668385233e-15 -0.2563976837641844 0.9665713774783325
vn 0.38268343236516267 1.3713455914648915e-14 -0.9238795325112564
vn -0.38268343236502056 -2.7426911829113688e-14 -0.9238795325113155
vn 2.4569364301603244e-15 -0.25639768376408584 0.9665713774783586
vn 0.2588190451025221 -0.9659258262890679 5.2446266407720825e-14
vn 0 0.2563976837642499 -0.9665713774783152
vn 0.36989085235936986 0.25639768376425326 -0.8929955123634076
vn 0.38268343236508773 -5.5179597508838215e-16 -0.9238795325112877
vn -0.38268343236511804 -3.702049360138364e-14 -0.923879532511275
vn -0.36989085235937713 0.25639768376423805 -0.8929955123634089
vn 8.015697618064311e-17 0.2563976837642503 -0.966571377478315
vn -0.9659258262890701 -0.25881904510251386 6.896324714023386e-16
vn 0 0.25639768376425004 -0.9665713774783152
vn 0.9659258262890678 0.25881904510252274 -2.298774904674541e-16
vn -0.9659258262890693 0.25881904510251647 -4.59754980934897e-16
vn -0 0.2563976837642502 -0.966571377478315
vn 0.9659258262890684 -0.25881904510251996 -4.340659483170987e-16
vn -0.8660569545191348 0.49994534854225936 -0
vn 0.9659258262890694 -0.2588190451025164 -0
vn -0.9659258262890685 0.2588190451025201 2.148495453631082e-16
vn -0 0.2563976837642502 -0.9665713774783152
vn 0.8660492823829499 -0.49995863877322627 -2.014007223589607e-15
vn -0.8660569545191331 -0.49994534854226247 -2.251635646315912e-15
vn 0 0.25639768376425 -0.9665713774783151
vn 0.9659258262890702 0.258819045102514 -2.0347204319548312e-15
vn -0.966571377478338 0.25639768376416383 1.8615616022872396e-16
vn -0.9238795325114616 -1.4133520071439707e-14 0.3826834323646677
vn -0.9238795325112747 0 -0.38268343236511865
vn -0.8929955123634807 0.2563976837641615 0.3698908523592569
vn -0.8929955123634614 0.256397683764182 -0.36989085235928926
vn -0.8707015585429201 0.49181174848810777 3.669571134547093e-16
vn -0.8044233488634837 0.49181174848810927 0.3332030609888316
vn -0.8044233488634834 0.491811748488104 -0.3332030609888398
vn 0.9665713774783392 -0.2563976837641599 -8.177826338655903e-14
vn -0.86604928238295 0.49995863877322616 2.3850073518376603e-15
vn -0 0.2563976837642502 -0.9665713774783151
vn 0.7071156396326107 -0.7070979226295067 -1.2561526461475463e-15
vn -0.7070979226295064 0.7071156396326108 2.512179405416542e-15
vn -0.8660492823829523 -0.4999586387732222 0
vn 0.7071067811865467 0.7071067811865483 3.140184917367554e-16
vn -0.7071156396326104 0.7070979226295071 5.262059944002577e-16
vn -0.7071067811865459 -0.7071067811865491 5.0242958677880916e-15
vn -0 0.25639768376425204 -0.9665713774783147
vn 0.8660569545191357 0.4999453485422577 2.4391823427200433e-14
vn -0.7071156396326108 0.7070979226295067 5.580885934096009e-16
vn 1.6811439193482828e-16 0.2563976837642494 -0.9665713774783153
vn 0.7071067811865437 0.7071067811865515 -1.2504316266100297e-14
vn -0.2588190451025177 -0.9659258262890691 5.74693726168624e-16
vn 0.7071067811865446 0.7071067811865505 -1.8841109504205224e-15
vn 0.258819045102518 0.9659258262890691 -9.953987325151581e-17
vn -0.25881904510251796 0.9659258262890691 1.1493874523372492e-16
vn 0.7070979226295069 -0.7071156396326105 -0
vn -0.7071156396326109 0.7070979226295064 6.280448513541356e-16
vn 0.25881904510251835 -0.965925826289069 -4.0228560831803784e-16
vn -0.7071156396325983 0.7070979226295191 6.280448513541244e-16
vn -0.2588190451025177 0.9659258262890691 2.298774904674496e-16
vn 0.4999453485422469 -0.866056954519142 -6.660610044070218e-16
vn -0.4999586387732233 0.8660492823829516 1.7395084416243126e-16
vn 0.2588190451025179 -0.965925826289069 -0
vn 0.707097922629507 -0.7071156396326105 -0
vn -0.49994534854225886 -0.8660569545191351 4.440406696046918e-16
vn 0.25881904510251685 0.9659258262890692 -5.746937261686222e-16
vn 0.7071067811865425 0.7071067811865526 -1.5700924586837637e-15
vn 6.279504361952241e-16 -0.7070979226295069 0.7071156396326106
vn 1.4310044111026644e-15 0.4999586387732264 -0.86604928238295
vn 0.9665713774783349 0.25639768376417577 1.2059351541285555e-15
vn -0.9665713774783246 -0.2563976837642143 -9.028506996608387e-15
vn -6.99283552101041e-14 -0.9659258262890693 -0.25881904510251696
vn 0.9238795325112411 0 0.3826834323652001
vn -0.966571377478354 -0.25639768376410366 -9.248730526718132e-15
vn 5.681678860826973e-14 -0.9659258262890708 0.25881904510251125
vn 0.9238795325113113 -0 -0.3826834323650306
vn -8.881784197001252e-16 0 -1
vn 0.8929955123634602 0.2563976837641829 0.36989085235929137
vn 0.9238795325112685 -1.7557144661905275e-15 0.3826834323651339
vn 0.9665713774783348 0.2563976837641759 9.821058400304919e-16
vn 0.892995512363463 0.2563976837641822 -0.3698908523592855
vn 0.9238795325112791 1.504898113877481e-16 -0.3826834323651082
vn 0.9665713774783349 0.2563976837641757 9.724463290665532e-16
vn 4.597549809348923e-16 -0.2588190451025138 -0.9659258262890701
vn 1.4528689667326482e-15 1.4979271233997374e-16 1
vn 0.9665713774783349 0.25639768376417593 1.0514953230720516e-15
vn 9.195099618697907e-16 0.2588190451025155 0.9659258262890698
vn 1.7690423424259939e-16 -0.25881904510251513 0.9659258262890696
vn 0.966571377478335 0.2563976837641757 8.600101565582236e-16
vn -1.7763568394002505e-15 0 1
vn -6.896324714023447e-16 0.25881904510251613 -0.9659258262890695
vn -1.715828947881927e-15 -0.25881904510251647 0.9659258262890695
vn 1.5384261944702205e-15 0.49994534854225564 -0.8660569545191369
vn -1.4594645857767077e-15 -0.4999586387732263 0.86604928238295
vn -2.148495453631144e-16 0.2588190451025152 -0.9659258262890699
vn 0.9665713774783348 0.2563976837641758 1.0475961304238524e-15
vn -1.1258178231579327e-15 -0.4999453485422588 -0.8660569545191352
vn -1.0173602159777576e-15 0.25881904510251375 0.9659258262890702
vn 0.9665713774783349 0.256397683764176 1.1062475039411148e-15
vn -1.3321574211030784e-15 0.4999586387732221 0.8660492823829523
vn 0 -0.2588190451025153 -0.9659258262890698
vn -0.9665713774783414 -0.25639768376415095 1.9797475225371643e-14
vn 0.8044233488633915 0.4918117484881427 0.33320306098900443
vn 0.804423348863481 0.49181174848811093 -0.3332030609888354
vn 0.8707015585429195 0.491811748488109 -8.55910789549676e-15
vn 0.8929955123634029 0.25639768376414135 0.3698908523594588
vn 0.8929955123634779 0.2563976837641657 -0.36989085235926067
vn 0.9238795325112659 -8.412360618474009e-15 0.38268343236514024
vn 0.9238795325112757 3.9431333309003666e-14 -0.38268343236511626
vn 0.9665713774783459 0.25639768376413474 1.4985121792519288e-14
vn -3.454246682447766e-15 0.707115639632615 -0.7070979226295024
vn -1.5384261944702203e-15 -0.4999453485422562 0.8660569545191368
vn 0 0.7071067811865483 0.7071067811865467
vn 0 -0.4999586387732222 -0.8660492823829524
vn 5.262059944007093e-16 0.7070979226295072 -0.7071156396326101
vn 1.2560739669470298e-15 -0.707106781186553 -0.7071067811865419
vn 1.1765467770773986e-14 0.49994534854226097 0.8660569545191338
vn 0.9665713774783342 0.2563976837641781 1.5040719045900543e-15
vn 5.58088593409925e-16 0.7070979226295068 -0.7071156396326107
vn 6.421135380005726e-15 0.7071067811865533 0.7071067811865417
vn 0.9665713774783351 0.2563976837641747 1.0086863516081282e-15
vn 0 0.7071067811865527 0.7071067811865424
vn 0 -0.9659258262890692 -0.25881904510251746
vn -7.699435991104538e-18 0.9659258262890691 0.25881904510251796
vn 0 -0.7071067811865482 -0.7071067811865468
vn -1.5701121283853373e-16 0.7070979226295072 -0.7071156396326101
vn 5.746937261686246e-17 -0.9659258262890691 0.25881904510251796
vn -6.28029115494313e-16 -0.7071156396326148 0.7070979226295026
vn -1.990797465030317e-16 0.965925826289069 -0.2588190451025179
vn -0 -0.8660569545191429 0.4999453485422455
vn 0 0.9659258262890689 -0.2588190451025185
vn -0 0.7070979226295214 -0.7071156396325958
vn -3.1400668981724386e-16 -0.7071156396326146 0.7070979226295029
vn -2.6570447711192214e-16 0.8660492823829518 -0.49995863877322316
vn 1.9907974650303157e-16 -0.965925826289069 0.258819045102518
vn 0 0.7071067811865538 0.7071067811865412
vn 0 0.9659258262890693 0.2588190451025168
vn 4.440406696046922e-16 -0.8660569545191349 -0.4999453485422593
vn -1.32852238555962e-16 0.8660492823829522 0.4999586387732225
vn 7.69943599110458e-18 -0.965925826289069 -0.258819045102518
vn 2.3551386880256574e-16 -0.7071067811865483 -0.7071067811865466
vn -0.9665713774783381 0.25639768376416333 -3.3409573251257895e-16
vn -6.294343927329993e-20 -0.7070979226295069 0.7071156396326104
vn 1.7217605186430278e-15 0.49995863877322627 -0.8660492823829499
vn -0.9238795325114488 0 0.3826834323646984
vn 3.5129387584828804e-14 -0.9659258262890681 -0.258819045102522
vn 0.9665713774786052 -0.2563976837631562 -2.092123594622517e-15
vn -0.9238795325112438 0 -0.38268343236519353
vn 1.226084507864101e-13 -0.9659258262890706 0.2588190451025117
vn 0.9665713774783258 -0.25639768376420957 -3.952399697176949e-15
vn -0.9665713774783381 0.25639768376416305 -0
vn -0.9238795325112746 2.658653334517066e-15 0.38268343236511904
vn -0.8929955123634669 0.25639768376415945 0.3698908523592918
vn -0 6.554147138348713e-17 -1
vn -0.9665713774783382 0.25639768376416316 -0
vn -0.9238795325113002 0 -0.3826834323650575
vn -0.8929955123634776 0.2563976837641636 -0.36989085235926317
vn -0.9665713774783382 0.25639768376416305 -0
vn -3.9815949300607156e-16 -0.25881904510251386 -0.9659258262890701
vn 3.4521073074532146e-16 -9.157236996252582e-17 1
vn -6.896324714023426e-16 0.25881904510251535 0.9659258262890698
vn -1.769042342426024e-16 -0.25881904510251535 0.9659258262890699
vn 0 -1.5186234157937392e-16 1
vn 2.914729783962773e-16 0.2588190451025161 -0.9659258262890694
vn 0 -0.258819045102516 0.9659258262890694
vn -0 0.49994534854225603 -0.8660569545191369
vn -1.5410731509013196e-15 -0.4999586387732263 0.86604928238295
vn 4.069440863911394e-16 0.2588190451025153 -0.9659258262890698
vn 1.1886824197427424e-16 -0.4999453485422585 -0.8660569545191352
vn 6.445486360893576e-16 0.25881904510251386 0.9659258262890702
vn -5.629511380937613e-16 0.4999586387732224 0.8660492823829522
vn -0.980785899389553 0 0.19508721013594343
vn -0.98078588806382 0 -0.19508726707518312
vn -0.9238823348592702 0 -0.38267666682851637
vn -0.9238822912806124 0 0.38267677203886513
vn -0.8314635336924731 0 -0.5555793301947308
vn -0.8314635336924713 0 0.5555793301947334
vn -0.7071083202360735 0 0.7071052421336717
vn -0.7071083202360685 0 -0.7071052421336765
vn -0.5555674813519569 0 -0.8314714509014984
vn -0.5555674813519424 0 0.8314714509015081
vn -0.3826855384190418 0 -0.9238786601523644
vn -0.3826855384190383 0 0.9238786601523657
vn -0.1950903220161324 0 0.9807852804032297
vn -0.19509032201612375 0 -0.9807852804032313
vn 0.19508983431200494 0 -0.9807853774134863
vn 0.19508983431201213 0 0.9807853774134847
vn 0.3826834323650909 0 0.9238795325112863
vn 0.38268343236509383 0 -0.9238795325112851
vn 0.5555670873548176 0 0.8314717141599492
vn 0.5555670873548347 0 -0.8314717141599377
vn 0.7071117250948582 -0 -0.7071018372436699
vn 0.7071117250948652 0 0.7071018372436632
vn 0.8314668937948857 0 0.555574301532283
vn 0.8314668937948875 -0 -0.5555743015322806
vn 0.923880842412557 0 0.3826802699683691
vn 0.923880885991944 -0 -0.3826801647573866
vn 0.9807852804032272 0 -0.195090322016145
vn 0.9807852917293078 0 0.19509026507608312
vn -2.5121794054165555e-15 0.7071156396326146 -0.7070979226295028
vn 0 -0.49994534854225586 0.8660569545191369
vn -3.1401849173675395e-16 0.7071067811865483 0.7071067811865468
vn 0 -0.4999586387732223 -0.8660492823829524
vn -0.9665713774783383 0.2563976837641631 -0
vn -2.385028480082557e-16 0.4999453485422585 0.8660569545191353
vn 5.262059944008578e-16 0.7070979226295063 -0.7071156396326111
vn 5.580816019118458e-16 -0.7071067811865527 -0.7071067811865424
vn -0.9665713774783382 0.25639768376416344 -8.405719596733048e-17
vn -2.3657110924305555e-15 0.7070979226295072 -0.7071156396326101
vn -5.580816019118458e-16 0.7071067811865527 0.7071067811865425
vn -2.8734686308431154e-16 -0.9659258262890692 -0.25881904510251724
vn 1.25607396694701e-15 0.7071067811865532 0.7071067811865419
vn 0 0.9659258262890691 0.258819045102518
vn 0 -0.7071067811865483 -0.7071067811865467
vn 5.746937261686253e-17 -0.965925826289069 0.2588190451025183
vn 1.5701121283853388e-16 0.7070979226295065 -0.7071156396326108
vn 0 -0.7071156396326146 0.7070979226295029
vn -0 0.9659258262890691 -0.25881904510251796
vn 0 0.9659258262890689 -0.25881904510251824
vn -0 0.7070979226295002 -0.7071156396326173
vn 1.1101016740117353e-16 -0.8660569545191337 0.49994534854226147
vn -1.3285223855596124e-16 0.8660492823829519 -0.4999586387732231
vn -0 -0.965925826289069 0.25881904510251796
vn 4.4404066960469233e-16 -0.8660569545191347 -0.49994534854225947
vn 4.597549809348971e-16 0.9659258262890694 0.2588190451025165
vn 1.2560739669470097e-15 0.7071067811865532 0.7071067811865417
vn -1.9230157075232947e-16 0.8660492823829521 0.49995863877322244
vn 0 -0.965925826289069 -0.258819045102518
vn -0.6156789764353924 0.4918117484881109 -0.6156789764353944
vn -0.5117694489189781 0.6900609120261236 -0.5117694489189832
vn -0.3698908523592679 0.25639768376416217 -0.8929955123634759
vn -0.3332030609888368 0.4918117484881239 -0.8044233488634724
vn -0.27696762992891893 0.6900609120261195 -0.6686590085127379
vn 3.5368963546115335e-15 0.4918117484881197 -0.8707015585429134
vn 0.33320306098883 -0.49181174848811204 0.8044233488634825
vn -0.5117694489189807 -0.6900609120261231 -0.5117694489189816
vn 0.20659842125198313 0.8417498889488428 0.49877271055140804
vn 0.27696762992891855 0.6900609120261242 0.6686590085127332
vn 0.33320306098883695 0.4918117484881012 0.8044233488634863
vn 0.3817441056877002 0.8417498889488468 0.3817441056877002
vn 0.5117694489189818 0.6900609120261225 0.511769448918981
vn 0.6156789764353936 0.49181174848810877 0.6156789764353944
vn 0.6686590085127319 0.6900609120261242 0.2769676299289217
vn -0.511769448918988 -0.690060912026119 0.5117694489189797
vn 0.20659842125197939 0.8417498889488426 -0.49877271055141037
vn 0.2769676299289184 0.6900609120261234 -0.6686590085127341
vn 0.3332030609888357 0.4918117484881022 -0.8044233488634861
vn 0.38174410568770245 0.8417498889488457 -0.38174410568770073
vn 0.5117694489189802 0.6900609120261239 -0.5117694489189811
vn 0.6156789764353934 0.49181174848810894 -0.6156789764353947
vn 0.6686590085127325 0.6900609120261239 -0.2769676299289204
vn -0.6686590085127313 0.6900609120261244 0.2769676299289224
vn -0.6156789764353839 0.4918117484881161 0.6156789764353985
vn -0.511769448918982 0.690060912026123 0.5117694489189804
vn -0.38174410568770706 0.8417498889488414 0.3817441056877053
vn -0.3332030609888275 0.49181174848811615 0.8044233488634812
vn -0.2769676299289207 0.6900609120261222 0.6686590085127343
vn -0.20659842125198405 0.8417498889488431 0.4987727105514075
vn 0.5117694489189752 -0.6900609120261307 -0.5117694489189765
vn -0.3698908523592552 -0.25639768376414857 0.8929955123634852
vn -1.4720238188940804e-15 0.2563976837641538 -0.9665713774783407
vn 0.3332030609888342 0.49181174848810266 -0.8044233488634864
vn 0.3698908523592581 0.25639768376417704 -0.8929955123634759
vn 0.3826834323650886 -2.0551220597232717e-15 -0.9238795325112872
vn 0.615678976435395 0.49181174848809617 -0.6156789764354033
vn 0.6834691755157536 0.25639768376416305 -0.6834691755157566
vn -0.3698908523592593 -0.2563976837641577 -0.8929955123634808
vn -4.096066278661497e-15 0.2563976837641762 0.9665713774783347
vn 0.3332030609888371 0.491811748488109 0.8044233488634814
vn 0.36989085235926017 0.25639768376416366 0.8929955123634787
vn 0.3826834323650955 -9.080771891799934e-16 0.9238795325112843
vn 0.6156789764353996 0.4918117484881121 0.615678976435386
vn 0.6834691755157563 0.25639768376415994 0.6834691755157551
vn -0.6834691755157544 0.25639768376416006 0.6834691755157569
vn -0.6156789764353929 0.4918117484881134 0.6156789764353916
vn -0.3826834323650959 -1.9595349871784773e-15 0.9238795325112841
vn -0.3698908523592645 0.2563976837641513 0.8929955123634804
vn -0.33320306098883723 0.4918117484881111 0.8044233488634802
vn -1.0880176052690792e-15 0.256397683764176 0.9665713774783349
vn 0.36989085235927116 -0.2563976837641579 -0.8929955123634759
vn -0.6834691755157528 0.2563976837641637 -0.6834691755157574
vn -0.615678976435392 0.4918117484881098 -0.6156789764353953
vn -0.38268343236508773 5.257288989990123e-16 -0.9238795325112876
vn -0.36989085235926933 0.25639768376415917 -0.8929955123634762
vn -0.3332030609888369 0.4918117484881238 -0.8044233488634726
vn -5.1840838839299075e-15 0.25639768376415284 -0.966571377478341
vn 0.3698908523592687 -0.256397683764154 0.892995512363478
vn -0.3698908523592575 0.2563976837641742 0.892995512363477
vn -0.33320306098883495 0.49181174848811715 0.8044233488634773
vn -0.2769676299289177 0.6900609120261206 0.6686590085127372
vn 0 0.2563976837641764 0.9665713774783347
vn 0 0.4918117484881094 0.8707015585429192
vn 0 0.690060912026123 0.7237512954694282
vn 2.684319238714362e-16 -0.4918117484881069 -0.8707015585429206
vn 0.2769676299289177 0.6900609120261226 0.6686590085127351
vn 0.3332030609888349 0.49181174848810877 0.8044233488634823
vn 0.3698908523592549 0.25639768376417776 0.8929955123634769
vn -0.36989085235926844 0.25639768376415173 -0.8929955123634787
vn -0.3332030609888357 0.4918117484881237 -0.804423348863473
vn -0.2769676299289175 0.6900609120261187 -0.6686590085127392
vn -0 -0.4918117484881189 0.870701558542914
vn 0 0.6900609120261215 -0.7237512954694294
vn -0 0.4918117484881108 -0.8707015585429183
vn -0 0.2563976837641512 -0.9665713774783413
vn 0.2769676299289179 0.6900609120261227 -0.6686590085127347
vn 0.33320306098883534 0.4918117484880993 -0.804423348863488
vn 0.3698908523592537 0.25639768376416094 -0.8929955123634822
vn -0.6156789764353935 0.4918117484881086 0.6156789764353949
vn -0.5117694489189755 0.690060912026131 0.5117694489189762
vn -0.36989085235925745 0.25639768376417427 0.8929955123634769
vn -0.33320306098883035 0.4918117484881194 0.8044233488634778
vn -0.2769676299289196 0.6900609120261206 0.6686590085127365
vn 3.936223362390745e-15 0.49181174848810644 0.870701558542921
vn 0.3332030609888333 -0.4918117484881017 -0.8044233488634875
vn -0.333203060988837 -0.4918117484881099 -0.8044233488634811
vn -5.704671539696323e-16 0.49181174848810705 0.8707015585429205
vn 0.27696762992891966 0.6900609120261237 0.6686590085127332
vn 0.3332030609888376 0.49181174848810805 0.8044233488634818
vn 0.36989085235925806 0.25639768376415656 0.8929955123634816
vn 0.5117694489189872 0.6900609120261224 0.5117694489189758
vn 0.6156789764353923 0.49181174848811177 0.6156789764353935
vn -0.33320306098882796 -0.4918117484881052 0.8044233488634875
vn 1.312074454129817e-15 0.4918117484881205 -0.870701558542913
vn 0.27696762992891666 0.6900609120261235 -0.6686590085127346
vn 0.3332030609888359 0.4918117484881026 -0.8044233488634858
vn 0.369890852359254 0.2563976837641608 -0.8929955123634822
vn 0.511769448918981 0.690060912026122 -0.5117694489189828
vn 0.6156789764353899 0.4918117484881089 -0.6156789764353983
vn -0.6686590085127317 0.6900609120261243 -0.2769676299289211
vn -0.6156789764353934 0.49181174848810966 -0.6156789764353943
vn -0.51176944891898 0.6900609120261234 -0.5117694489189818
vn -0.3817441056877041 0.8417498889488428 -0.381744105687705
vn -0.3332030609888327 0.4918117484881243 -0.8044233488634739
vn -0.2769676299289146 0.6900609120261202 -0.6686590085127387
vn -0.2065984212519807 0.8417498889488411 -0.49877271055141226
vn 0.5117694489189796 -0.6900609120261252 0.51176944891898
vn -0.3332030609888303 0.4918117484881113 0.8044233488634829
vn -0.2769676299289187 0.6900609120261194 0.668659008512738
vn -0.20659899059230308 0.8417489347532762 0.49877408506052734
vn -2.298460720467188e-16 -0.6900609120261215 -0.7237512954694295
vn 0 0.4918117484881073 0.8707015585429204
vn 0 0.6900609120261219 0.7237512954694293
vn 0 0.8417488561728094 0.5398693018979381
vn 0.20659899059230163 0.8417489347532762 0.49877408506052795
vn 0.27696762992892077 0.6900609120261211 0.6686590085127353
vn 0.3332030609888377 0.49181174848810677 0.8044233488634824
vn -0.33320306098882685 0.49181174848812703 -0.8044233488634747
vn -0.27696762992892027 0.6900609120261177 -0.668659008512739
vn -0.20659899057126557 0.8417489347885279 -0.49877408500974946
vn 0 -0.6900609120261213 0.7237512954694297
vn 0 0.8417488561728107 -0.539869301897936
vn -0 0.690060912026121 -0.72375129546943
vn -0 0.49181174848812 -0.8707015585429133
vn 0.20659899057126385 0.8417489347885286 -0.49877408500974896
vn 0.2769676299289185 0.6900609120261221 -0.6686590085127352
vn 0.3332030609888265 0.491811748488116 -0.8044233488634814
vn -0.5117694489189798 0.6900609120261237 0.5117694489189816
vn -0.3332030609888316 0.4918117484881103 0.8044233488634829
vn -0.2769676299289213 0.6900609120261217 0.6686590085127345
vn -0.20659842125198463 0.8417498889488428 0.4987727105514076
vn 1.873947824063837e-16 0.6900609120261225 0.7237512954694285
vn 0.2769676182020315 -0.6900609441660585 -0.6686589802015236
vn -0.27696762992892143 -0.6900609120261216 -0.6686590085127344
vn -1.8739493690819312e-16 0.6900609120261216 0.7237512954694292
vn 0.20659899059230297 0.8417489347532768 0.4987740850605263
vn 0.2769676299289197 0.6900609120261227 0.6686590085127339
vn 0.33320306098883695 0.49181174848810977 0.804423348863481
vn 0.5117694489189815 0.690060912026123 0.5117694489189808
vn -0.27696761819676613 -0.6900609441804789 0.6686589801888225
vn 1.6865530410335841e-15 0.6900609120261239 -0.7237512954694272
vn 0.2065984212519785 0.8417498889488427 -0.4987727105514103
vn 0.27696762992891755 0.6900609120261225 -0.6686590085127352
vn 0.3332030609888252 0.49181174848811715 -0.8044233488634814
vn 0.5117694489189797 0.6900609120261227 -0.5117694489189828
vn -0.5117694489189805 0.6900609120261234 -0.5117694489189812
vn -0.33320306098883 0.491811748488112 -0.8044233488634825
vn -0.276967629928919 0.6900609120261179 -0.6686590085127397
vn -0.2065989905712639 0.841748934788527 -0.4987740850097516
vn 0 0.6900609120261243 -0.7237512954694268
vn 0.27696762992892054 -0.6900609120261187 0.668659008512738
vn -0.27696756607455547 0.6900609495735001 -0.6686589962129096
vn -0.2066011938038043 0.8417487311124461 -0.49877351612673837
vn -0.1271878607197096 0.9431545230992411 -0.3070550335737668
vn 0 -0.8417488561728097 0.5398693018979376
vn 0 0.9431547064467132 -0.3323540276684102
vn -0 0.8417488561728119 -0.5398693018979341
vn -0 0.6900609120261239 -0.7237512954694272
vn 0.12718786071971488 0.9431545230992394 -0.30705503357376956
vn 0.20659947114441102 0.8417488903627097 -0.4987739609241809
vn 0.27696756607455614 0.690060949573501 -0.6686589962129086
vn -0.27696756610319884 0.6900609495566625 0.668658996218422
vn -0.20659947118320723 0.8417488903258141 0.49877396097037763
vn -0.1271823279313113 0.9431531754678065 0.3070614646401682
vn -3.2955644797638425e-16 0.8417488561728086 0.5398693018979394
vn -2.0288472273698902e-16 0.9431527594972742 0.33235955267251877
vn 0 0.6900609120261214 0.7237512954694294
vn 2.9044340099964456e-15 -0.8417488561728094 -0.5398693018979381
vn 0.1271824660181266 0.9431530483234416 0.3070617979751758
vn 0.20660119390625412 0.8417487310696659 0.49877351615649923
vn 0.27696756610319767 0.6900609495566616 0.6686589962184233
vn -0.33235763853224465 0.9431534340229429 -5.909709135515923e-16
vn -0.3070584197137332 0.9431534340229398 0.12718776188627998
vn -0.3070584197137313 0.9431534340229409 -0.12718776188627534
vn -0.23501233998530555 0.9431534340229398 0.23501233998530235
vn -0.2350123399853002 0.9431534340229404 -0.23501233998530513
vn -0.1271878607197095 0.9431545230992406 -0.3070550335737682
vn -0.11211106489589935 0.9936956823534596 -1.9934663976240652e-16
vn -0.10357711822536732 0.9936956823534596 0.0429030471204622
vn -0.10357711822536676 0.9936956823534596 -0.042903047120464145
vn -0.07927449423393162 0.9936956823534596 -0.07927449423393783
vn -0.07927449423393076 0.9936956823534595 0.07927449423393922
vn -0.042903828247021075 0.993695579511543 -0.10357778130935817
vn -0.042901325395784465 0.9936956217479341 0.10357841280050438
vn -0 0.9936955822613712 -0.11211195205790615
vn -0 0.9431547064467153 -0.33235402766840433
vn 1.466316794628183e-15 0.9936955822613714 0.11211195205790558
vn 0.04290127626330258 0.9936956361147196 0.10357829532070163
vn 0.04290382824702189 0.9936955795115431 -0.1035777813093555
vn 0.07927449423393014 0.9936956823534598 -0.07927449423393765
vn 0.0792744942339379 0.9936956823534596 0.07927449423393065
vn 0.10357711822534418 -0.9936956823534617 0.04290304712046969
vn 0.10357711822535642 0.9936956823534598 0.042903047120482124
vn 0.1035771182253599 0.9936956823534601 -0.04290304712047011
vn 0.11211106489589304 0.9936956823534603 -4.327961819926755e-15
vn -0.10357711822536128 -0.9936956823534601 0.04290304712046517
vn -0.1035771182253314 0.9936956823534648 -0.04290304712042944
vn 0 0.9431547064467171 -0.33235402766839917
vn 4.76324631112397e-15 0.9936955822613711 -0.11211195205790789
vn 1.2460649803059437e-14 0.9936955822613708 0.11211195205791069
vn 0.04290127626330438 0.9936956361147194 0.10357829532070344
vn 0.042903828247022026 0.993695579511543 -0.10357778130935716
vn 0.07927449423392986 0.9936956823534597 -0.07927449423393891
vn 0.07927449423392989 0.9936956823534598 0.07927449423393673
vn 0.10357711822536098 0.99369568235346 0.04290304712046943
vn 0.10357711822536221 0.9936956823534598 -0.042903047120468295
vn 0.11211106489589641 0.9936956823534598 -1.9934663976240867e-16
vn 0.1271878607197194 0.9431545230992426 -0.3070550335737575
vn 0.2350123399853019 0.9431534340229407 -0.23501233998530185
vn 0.23501233998530816 0.9431534340229404 0.23501233998529722
vn 0.30705841971372316 0.9431534340229425 0.12718776188628447
vn 0.3070584197137302 0.9431534340229418 -0.12718776188627223
vn 0.3323576385322447 0.943153434022943 -5.909709135516143e-16
vn -0.10357711822543095 0.993695682353453 -0.04290304712046483
vn -0.07927449423393419 -0.9936956823534598 0.07927449423393175
vn -0 0.9936955822613686 -0.1121119520579307
vn -0 0.9431547064467152 -0.33235402766840433
vn 0.10357711822536866 0.9936956823534588 -0.042903047120475796
vn 0.12718786071972266 0.9431545230992385 -0.30705503357376884
vn 0.23501233998529864 0.9431534340229416 -0.23501233998530188
vn -0.3323576385322549 0.9431534340229394 -1.9499768726003655e-15
vn -0.30705841971372827 0.9431534340229412 0.1271877618862814
vn -0.23501233998530385 0.9431534340229378 0.235012339985312
vn -0.127182328869432 0.9431531757242675 0.30706146346387486
vn -0.10357711822535538 0.9936956823534604 -0.04290304712047191
vn -0.07927449423392732 0.9936956823534601 0.07927449423393805
vn -0.042901325395782675 0.9936956217479337 0.10357841280050858
vn 5.824056947550674e-15 0.9936955822613698 0.1121119520579205
vn 0.10357711822538018 0.9936956823534578 -0.04290304712047195
vn 0.1121124416479064 -0.9936955270219298 2.086657180738173e-06
vn -0.6834691755157536 -0.25639768376416316 0.6834691755157566
vn 0.3332030609888337 0.49181174848810133 -0.8044233488634874
vn 0.3698908523592578 0.25639768376417044 -0.8929955123634777
vn 0.3826834323650942 0 -0.923879532511285
vn 0.6156789764353934 0.49181174848810677 -0.6156789764353964
vn 0.6834691755157509 0.25639768376416916 -0.6834691755157573
vn 0.7071067811865476 0 -0.7071067811865476
vn 0.8044233488634832 0.4918117484881043 -0.3332030609888396
vn 0.8929955123634771 0.2563976837641649 -0.3698908523592635
vn -0.9665713774783381 0.2563976837641633 1.920031068122397e-15
vn -0.923879532511275 2.0855734079999713e-14 0.3826834323651183
vn -0.8929955123634843 0.2563976837641446 0.36989085235926
vn -0.8044233488634821 0.4918117484881106 0.33320306098883323
vn -0.7071067811865475 3.8536371704016816e-14 0.7071067811865475
vn -0.6834691755157599 0.2563976837641376 0.6834691755157599
vn -0.6156789764353925 0.49181174848811277 0.6156789764353925
vn 0.892995512363478 -0.2563976837641613 -0.3698908523592639
vn -0.9665713774783379 0.25639768376416444 -2.9440476377875447e-15
vn -0.9238795325112871 2.0928163339302104e-16 -0.3826834323650891
vn -0.8929955123634779 0.25639768376416305 -0.36989085235926256
vn -0.8044233488634814 0.4918117484881073 -0.3332030609888391
vn -0.7071067811865475 3.853637170403362e-14 -0.7071067811865475
vn -0.6834691755157563 0.256397683764157 -0.6834691755157563
vn -0.615678976435392 0.4918117484881128 -0.615678976435393
vn 0.8929955123634795 -0.25639768376416155 0.3698908523592599
vn -0.8929955123634504 -0.25639768376416483 -0.36989085235932767
vn 0.6156789764353937 0.4918117484881116 0.6156789764353923
vn 0.6834691755157118 0.25639768376419125 0.6834691755157879
vn 0.7071067811865083 0 0.7071067811865869
vn 0.8044233488634801 0.4918117484881101 0.33320306098883845
vn 0.8929955123634775 0.25639768376416217 0.36989085235926394
vn 0.9238795325112866 5.022759201432005e-16 0.38268343236509017
vn 0.9665713774783379 0.2563976837641642 -6.400103560407801e-17
vn -0.8707015585429198 -0.49181174848810866 -1.1979810233362622e-15
vn 0.6686590085127324 0.690060912026124 -0.27696762992892027
vn 0.6686590085127326 0.6900609120261243 0.2769676299289195
vn 0.7237512954694272 0.6900609120261241 -1.8581249893337271e-16
vn 0.8044233488634802 0.4918117484881101 0.3332030609888387
vn 0.8044233488634818 0.49181174848811154 -0.3332030609888323
vn 0.8707015585429185 0.4918117484881107 -2.0896901498658753e-15
vn 0.8929955123634781 0.25639768376416333 0.3698908523592622
vn 0.8929955123634781 0.2563976837641643 -0.36989085235926167
vn 0.966571377478338 0.25639768376416433 6.831428615291223e-17
vn -0.9665713774783378 0.25639768376416483 -2.6627138863590673e-16
vn -0.8929955123634782 0.25639768376416194 0.3698908523592629
vn -0.8929955123634775 0.2563976837641683 -0.3698908523592598
vn -0.8707015585429194 0.49181174848810905 2.2228638605862483e-16
vn -0.8044233488634822 0.49181174848810955 0.3332030609888344
vn -0.8044233488634813 0.4918117484881073 -0.33320306098883984
vn -0.7237512954694268 0.6900609120261242 -2.0302837241954158e-16
vn -0.668659008512732 0.6900609120261245 0.2769676299289203
vn -0.6686590085127319 0.6900609120261243 -0.2769676299289214
vn 0.8707015585429185 -0.49181174848811066 -2.1107284696875994e-15
vn -0.8929955123634777 0.2563976837641689 -0.36989085235925906
vn -0.870701558542919 0.4918117484881098 -2.2818686158784932e-15
vn -0.8044233488634815 0.49181174848810727 -0.3332030609888391
vn -0.6834691755157558 0.25639768376415933 -0.6834691755157558
vn -0.6686590085127322 0.6900609120261245 -0.27696762992891966
vn -0.6156789764353927 0.4918117484881125 -0.6156789764353927
vn -0.5117694489189801 0.6900609120261231 -0.5117694489189819
vn 0.8044233488634842 -0.49181174848810466 0.33320306098883634
vn -0.8044233488634802 -0.4918117484881101 -0.33320306098883834
vn 0.5117694489189821 0.6900609120261227 0.5117694489189805
vn 0.6156789764353928 0.4918117484881122 0.6156789764353928
vn 0.668659008512732 0.6900609120261247 0.2769676299289202
vn 0.6834691755157576 0.25639768376415045 0.6834691755157576
vn 0.8044233488634805 0.49181174848810943 0.33320306098883856
vn 0.8707015585429193 0.49181174848810927 -5.70467153969632e-16
vn 0.892995512363478 0.2563976837641633 0.3698908523592623
vn -0.8929955123634701 0.2563976837641718 0.3698908523592753
vn -0.8707015585429188 0.4918117484881104 -1.1409343079392504e-15
vn -0.8044233488634814 0.49181174848811143 0.33320306098883323
vn -0.6834691755157467 0.2563976837641466 0.6834691755157698
vn -0.6686590085127321 0.6900609120261245 0.27696762992892027
vn -0.6156789764353929 0.4918117484881132 0.6156789764353917
vn -0.511769448918983 0.6900609120261223 0.5117694489189801
vn 0.8044233488634691 -0.4918117484881117 -0.3332030609888627
vn -0.8044233488634799 -0.4918117484881111 0.33320306098883784
vn 0.5117694489189808 0.6900609120261225 -0.511769448918982
vn 0.6156789764353948 0.4918117484881082 -0.6156789764353939
vn 0.6686590085127325 0.6900609120261241 -0.27696762992892027
vn 0.6834691755157553 0.25639768376416233 -0.6834691755157553
vn 0.8044233488634831 0.491811748488107 -0.33320306098883606
vn 0.8707015585429195 0.4918117484881087 -0
vn 0.892995512363477 0.25639768376416416 -0.36989085235926417
vn -0.8707015585429188 0.4918117484881104 2.3507045272509397e-16
vn -0.8044233488634819 0.4918117484881101 -0.33320306098883423
vn -0.8044233488634802 0.49181174848811 0.33320306098883834
vn -0.7237512954694271 0.6900609120261241 -6.192496801135162e-16
vn -0.6686590085127323 0.690060912026125 -0.27696762992891877
vn -0.6686590085127322 0.6900609120261244 0.2769676299289199
vn -0.5398676916195395 0.8417498889488431 -4.619168178789733e-16
vn -0.4987727105514076 0.8417498889488433 -0.2065984212519835
vn -0.49877271055140676 0.8417498889488435 0.20659842125198374
vn 0.7237512954694271 -0.6900609120261242 -2.3595216308417565e-17
vn -0.723751295469427 -0.6900609120261241 9.369746845409173e-17
vn 0.4987727105514069 0.841749888948844 -0.20659842125198194
vn 0.49877271055140765 0.8417498889488427 0.20659842125198524
vn 0.5398676916195402 0.8417498889488426 -2.036230430721384e-16
vn 0.6686590085127322 0.6900609120261237 0.2769676299289221
vn 0.6686590085127334 0.6900609120261247 -0.27696762992891605
vn 0.7237512954694267 0.6900609120261243 -6.480755479230323e-16
vn 0.8044233488634801 0.4918117484881098 0.33320306098883906
vn 0.8044233488634801 0.4918117484881099 -0.3332030609888388
vn 0.870701558542919 0.49181174848810977 5.113044240751184e-16
vn -0.8929955123634784 0.2563976837641637 -0.3698908523592608
vn -0.8044233488634805 0.4918117484881073 -0.333203060988842
vn -0.7071067811865456 6.697012268576194e-16 -0.7071067811865495
vn -0.6834691755157559 0.25639768376415956 -0.6834691755157557
vn -0.6156789764353923 0.49181174848811277 -0.6156789764353927
vn -0.38268343236507474 -2.949446198919418e-14 -0.9238795325112928
vn -0.369890852359248 0.2563976837641711 -0.8929955123634816
vn -0.333203060988838 0.4918117484881228 -0.8044233488634726
vn 0.6834691755157597 -0.25639768376416316 0.6834691755157505
vn -0.11211106489589726 -0.9936956823534597 2.229582146463036e-15
vn -0.11210978480946995 0.9936958267749578 8.595562718503029e-08
vn -1.6324938815071173e-15 0.993695582261371 0.11211195205790864
vn 0.04290127626330926 0.993695636114719 0.10357829532070521
vn 0.07927449423392952 0.9936956823534593 0.07927449423394434
vn 0.10357711822536009 0.9936956823534601 -0.042903047120468
vn 0.12718246601812758 0.9431530483234438 0.30706179797516886
vn 0.23501233998530757 0.9431534340229409 0.2350123399852959
vn 0.30705841971372966 0.9431534340229396 0.12718776188629058
vn 0.33235763853225203 0.9431534340229404 8.160229303816814e-16
vn -0.6834691755157538 -0.25639768376415967 -0.6834691755157577
vn 0.33320306098883773 0.491811748488108 0.8044233488634818
vn 0.369890852359243 0.2563976837641748 0.8929955123634827
vn 0.38268343236506996 0 0.9238795325112948
vn 0.6156789764353939 0.49181174848811 0.6156789764353933
vn 0.683469175515764 0.2563976837641595 0.6834691755157476
vn 0.7071067811865478 -9.62695513607802e-16 0.7071067811865471
vn 0.8044233488634859 0.49181174848811016 0.33320306098882463
vn 0.8929955123634775 0.2563976837641617 0.3698908523592645
vn -0.892995512363479 0.25639768376416044 0.3698908523592621
vn -0.8044233488634723 0.4918117484881257 0.3332030609888345
vn -0.7071067811865476 -0 0.7071067811865476
vn -0.68346917551576 0.2563976837641359 0.6834691755157605
vn -0.6156789764353927 0.4918117484881124 0.6156789764353927
vn -0.38268343236507957 -0 0.923879532511291
vn -0.3698908523592637 0.2563976837641562 0.8929955123634795
vn -0.3332030609888371 0.49181174848810993 0.8044233488634809
vn 0.6834691755157566 -0.25639768376416006 -0.6834691755157548
vn -0.6686590085127325 -0.690060912026124 -0.27696762992892043
vn 0.3817441056877048 0.8417498889488428 0.3817441056877043
vn 0.4987727105514092 0.8417498889488417 0.206598421251985
vn 0.511769448918981 0.6900609120261233 0.511769448918981
vn 0.6156789764353909 0.4918117484881169 0.6156789764353909
vn 0.6686590085127322 0.6900609120261242 0.2769676299289205
vn 0.7237512954694273 0.6900609120261237 1.0306721529950335e-15
vn 0.80442334886348 0.4918117484881113 0.33320306098883706
vn -0.804423348863482 0.491811748488109 -0.33320306098883573
vn -0.723751295469426 0.690060912026125 -9.369746845409369e-16
vn -0.6686590085127317 0.6900609120261251 -0.2769676299289198
vn -0.6156789764353935 0.4918117484881104 -0.6156789764353935
vn -0.5117694489189815 0.6900609120261225 -0.5117694489189815
vn -0.4987727105514073 0.8417498889488436 -0.20659842125198224
vn -0.3817441056877023 0.8417498889488442 -0.3817441056877039
vn 0.6686590085127319 -0.6900609120261244 0.2769676299289211
vn -0.8044233488634795 0.4918117484881106 0.33320306098883895
vn -0.7237512954694264 0.6900609120261246 -9.369746845409445e-16
vn -0.6686590085127323 0.6900609120261243 0.2769676299289205
vn -0.6156789764353924 0.4918117484881135 0.6156789764353924
vn -0.5117694489189824 0.6900609120261217 0.5117694489189817
vn -0.49877271055140665 0.8417498889488436 0.20659842125198377
vn -0.3817441056877061 0.8417498889488417 0.3817441056877056
vn 0.6686590085127307 -0.6900609120261246 -0.27696762992892293
vn -0.6686590085127316 -0.6900609120261246 0.27696762992892093
vn 0.3817441056877042 0.8417498889488451 -0.38174410568770023
vn 0.49877271055140737 0.8417498889488437 -0.20659842125198163
vn 0.5117694489189809 0.6900609120261239 -0.5117694489189804
vn 0.6156789764353958 0.4918117484881046 -0.6156789764353958
vn 0.6686590085127361 0.6900609120261207 -0.27696762992892016
vn 0.7237512954694268 0.6900609120261242 -1.3117645583573163e-15
vn 0.8044233488634808 0.49181174848811027 -0.33320306098883706
vn -0.8044233488634825 0.49181174848810677 -0.33320306098883734
vn -0.6834691755157531 0.25639768376416533 -0.6834691755157565
vn -0.6686590085127322 0.690060912026124 -0.2769676299289209
vn -0.6156789764353918 0.4918117484881138 -0.6156789764353924
vn -0.5117694489189796 0.6900609120261247 -0.5117694489189804
vn -0.3698908523592628 0.2563976837641532 -0.8929955123634807
vn -0.3332030609888326 0.4918117484881254 -0.8044233488634731
vn -0.2769676299289182 0.6900609120261189 -0.6686590085127387
vn 0.6156789764353937 -0.4918117484881116 0.6156789764353924
vn -0.8044233488634798 0.49181174848810955 0.33320306098884
vn -0.6834691755157553 0.25639768376415933 0.6834691755157564
vn -0.6686590085127307 0.6900609120261255 0.2769676299289209
vn -0.6156789764353926 0.4918117484881127 0.6156789764353926
vn -0.5117694489189828 0.6900609120261229 0.51176944891898
vn -0.36989085235926095 0.2563976837641574 0.8929955123634802
vn -0.33320306098883234 0.49181174848810916 0.8044233488634832
vn -0.2769676299289184 0.6900609120261214 0.668659008512736
vn 0.615678976435393 -0.49181174848811027 -0.6156789764353942
vn -0.6156789764353936 -0.49181174848810877 -0.6156789764353944
vn 0.2769676299289217 0.690060912026123 0.6686590085127331
vn 0.33320306098882685 0.4918117484881133 0.804423348863483
vn 0.3698908523592531 0.2563976837641571 0.8929955123634836
vn 0.511769448918982 0.690060912026123 0.5117694489189804
vn 0.6156789764353942 0.49181174848811055 0.6156789764353926
vn 0.6686590085127289 0.6900609120261249 0.2769676299289277
vn 0.6834691755157547 0.2563976837641612 0.6834691755157564
vn 0.8044233488634805 0.49181174848810927 0.33320306098883873
vn -0.6156789764353935 -0.49181174848810894 0.6156789764353947
vn 0.2769676299289179 0.6900609120261225 -0.6686590085127352
vn 0.3332030609888364 0.49181174848810266 -0.8044233488634855
vn 0.3698908523592652 0.2563976837641741 -0.8929955123634737
vn 0.5117694489189808 0.6900609120261234 -0.511769448918981
vn 0.6156789764353939 0.4918117484881074 -0.6156789764353955
vn 0.668659008512734 0.6900609120261221 -0.2769676299289217
vn 0.6834691755157569 0.2563976837641592 -0.6834691755157547
vn 0.8044233488634805 0.49181174848811116 -0.33320306098883584
vn -0.7237512954694262 0.6900609120261249 3.6996737853055044e-16
vn -0.6686590085127325 0.6900609120261253 -0.27696762992891727
vn -0.6686590085127313 0.6900609120261247 0.27696762992892165
vn -0.5398676916195395 0.8417498889488432 -3.295591080717467e-16
vn -0.49877271055140865 0.8417498889488431 0.20659842125198113
vn -0.49877271055140754 0.8417498889488435 -0.2065984212519816
vn -0.33235763853224615 0.9431534340229425 -2.0288579704952793e-16
vn -0.3070584197137309 0.9431534340229412 0.12718776188627595
vn -0.30705841971372716 0.9431534340229423 -0.12718776188627678
vn 0.5398676916195375 -0.8417498889488445 1.6942070988051356e-15
vn -0.5398676916195385 -0.8417498889488437 -2.900823088746488e-16
vn 0.3070584197137247 0.943153434022943 0.12718776188627673
vn 0.30705841971372994 0.9431534340229413 -0.12718776188627667
vn 0.3323576385322444 0.943153434022943 -6.086573911485853e-16
vn 0.4987727105514065 0.8417498889488441 -0.20659842125198205
vn 0.498772710551407 0.8417498889488433 0.2065984212519841
vn 0.5398676916195387 0.8417498889488436 -9.886773242152461e-16
vn 0.6686590085127313 0.6900609120261251 -0.2769676299289205
vn 0.6686590085127321 0.6900609120261243 0.27696762992892077
vn 0.7237512954694263 0.6900609120261249 -6.769144678462381e-16
vn -0.3817441056877023 0.841749888948845 -0.38174410568770234
vn -0.27696758174208913 0.6900609066330744 -0.6686590340380355
vn -0.2066000481637594 0.8417492468233262 -0.49877312033738885
vn -0.12718786071971436 0.9431545230992424 -0.30705503357376046
vn -1.7600655342831146e-15 0.8417488561728091 -0.5398693018979386
vn 0.20659898683904387 -0.8417489260707918 0.4987741012680483
vn -0.1271824367665894 -0.9431530331365486 -0.3070618567380864
vn 0 0.8417488561728108 0.5398693018979359
vn 0 0.9431547064467102 0.33235402766841843
vn 0.0429012711110667 0.9936956359801828 0.10357829874541606
vn 0.20660004362776832 0.8417497733962869 0.49877223354984784
vn 0.23501233998528961 0.9431534340229435 0.23501233998530352
vn -0.5117694489189821 0.6900609120261235 0.5117694489189794
vn -0.38174410568770595 0.8417498889488413 0.3817441056877066
vn -0.27696756610319745 0.6900609495566642 0.6686589962184206
vn -0.23501233998529508 0.9431534340229413 0.2350123399853064
vn -0.20659884882961155 0.8417499333766014 0.4987724584645452
vn -0.12718236478655034 0.943153099413324 0.30706168297972497
vn 4.019077906323115e-15 0.8417488561728088 0.539869301897939
vn 0.20660038142412016 -0.8417500926202595 -0.4987715548918089
vn -0.2066003814241207 -0.8417500926202591 -0.49877155489180924
vn 9.387862815649011e-16 0.8417488561728096 0.5398693018979377
vn 0.1271824367665896 0.9431530331365485 0.30706185673808684
vn 0.20659921237968 0.8417493240753078 0.4987733361586787
vn 0.23501233998529633 0.9431534340229418 0.23501233998530346
vn 0.2769675817637022 0.690060906635497 0.6686590340265828
vn 0.38174410568769845 0.8417498889488457 0.3817441056877043
vn 0.5117694489189791 0.690060912026124 0.5117694489189817
vn -0.4987727105514086 -0.8417498889488425 0.20659842125198377
vn 0.23501233998529789 0.9431534340229426 -0.23501233998529864
vn 0.30705841971372744 0.9431534340229422 -0.12718776188627556
vn 0.38174410568770434 0.8417498889488425 -0.3817441056877055
vn 0.49877271055140726 0.8417498889488437 -0.20659842125198188
vn 0.511769448918982 0.6900609120261283 -0.5117694489189731
vn 0.5398676916195391 0.8417498889488435 -5.866909162462335e-16
vn 0.6686590085127316 0.6900609120261247 -0.27696762992892066
vn -0.6686590085127337 0.6900609120261235 -0.2769676299289187
vn -0.5117694489189806 0.6900609120261217 -0.5117694489189836
vn -0.49877271055140987 0.8417498889488421 -0.20659842125198177
vn -0.38174410568770384 0.8417498889488436 -0.3817441056877039
vn -0.3070584197137252 0.9431534340229433 -0.1271877618862737
vn -0.2769675817420887 0.6900609066330736 -0.6686590340380364
vn -0.23501234002856222 0.9431534340197008 -0.23501233995504447
vn -0.20659884881380866 0.8417499333749597 -0.49877245847386137
vn -0.12718786071970903 0.9431545230992419 -0.3070550335737645
vn 0.38174410568770467 -0.8417498889488438 0.38174410568770245
vn -0.3817441056877131 -0.841749888948838 0.3817441056877069
vn 0.1271878607197098 0.9431545230992414 -0.30705503357376546
vn 0.2065995923462849 0.8417500107584055 -0.49877201989543596
vn 0.23501233998530222 0.9431534340229416 -0.23501233998529836
vn 0.27696758174208624 0.6900609066330783 -0.6686590340380324
vn 0.38174410568770495 0.8417498889488435 -0.3817441056877028
vn 0.49877271055140615 0.8417498889488451 -0.2065984212519794
vn 0.5117694489189853 0.6900609120261229 -0.5117694489189772
vn -0.6686590085127336 0.6900609120261232 -0.27696762992892016
vn -0.5398676916195374 0.8417498889488445 -1.0267091034308739e-15
vn -0.4987727105514059 0.8417498889488442 -0.20659842125198352
vn -0.3817441056877089 0.8417498889488424 -0.38174410568770123
vn -0.30705841971372516 0.9431534340229434 -0.1271877618862734
vn 0.498772710551407 -0.8417498889488436 0.2065984212519833
vn -0.38174409584873165 -0.8417499114098894 -0.38174406599982363
vn 0.20660038142411538 0.8417500926202609 0.4987715548918085
vn 0.23501233998529633 0.9431534340229416 0.23501233998530446
vn 0.30705841971372994 0.9431534340229419 0.1271877618862716
vn 0.3817441056877036 0.8417498889488427 0.38174410568770556
vn 0.49877271055141187 0.8417498889488413 0.20659842125198039
vn 0.5117694489189814 0.6900609120261229 0.5117694489189814
vn 0.6686590085127329 0.6900609120261239 0.2769676299289201
vn -0.6686590085127306 0.6900609120261255 0.27696762992892116
vn -0.5117694489189842 0.6900609120261222 0.5117694489189794
vn -0.4987727105514079 0.8417498889488427 0.20659842125198424
vn -0.3817441056877073 0.8417498889488418 0.3817441056877039
vn -0.3070584197137252 0.9431534340229425 0.127187761886279
vn -0.2350123399852964 0.9431534340229419 0.2350123399853026
vn -0.20660038142411874 0.84175009262026 0.49877155489180847
vn 0.3817441646642568 -0.8417498449447529 -0.38174414374063864
vn -0.4987727105514066 -0.8417498889488437 -0.2065984212519836
vn 0.30705841971373216 0.9431534340229403 0.12718776188627834
vn 0.3817441056876993 0.8417498889488447 0.3817441056877055
vn 0.49877271055140643 0.8417498889488438 0.20659842125198352
vn 0.5398676916195378 0.8417498889488442 1.8480763861756375e-15
vn 0.668659008512732 0.6900609120261246 0.2769676299289203
vn -0.6686590085127316 0.6900609120261246 0.2769676299289206
vn -0.5398676916195388 0.8417498889488436 4.693527329969817e-16
vn -0.4987727105514088 0.8417498889488432 0.2065984212519803
vn -0.38174410568770345 0.8417498889488423 0.3817441056877071
vn -0.3070584197137305 0.9431534340229414 0.12718776188627526
vn 0.4987727105514073 -0.8417498889488434 -0.20659842125198327
vn -0.20659898218621453 -0.8417489255873094 0.49877410401125527
vn 1.2027259758903698e-15 0.8417488561728093 -0.5398693018979384
vn 0.12718786071971683 0.9431545230992402 -0.30705503357376634
vn 0.20659921235591866 0.8417493240870048 -0.49877333614878067
vn 0.2769675660745543 0.6900609495735024 -0.6686589962129079
vn 0.38174410568770556 0.8417498889488444 -0.38174410568770045
vn -0.23501233998529505 0.9431534340229416 0.23501233998530524
vn -0.2066009350701546 0.8417491648257933 0.49877289134757236
vn -0.0429014495162259 0.9936956320233197 0.1035782628121467
vn 0 0.8417488561728108 0.539869301897936
vn 3.711185645127035e-15 0.9431547064467137 0.3323540276684083
vn 0.12718205067664948 -0.9431531691726199 -0.30706159881256
vn -0.9665713774783606 0.25639768376407857 1.7308797306144406e-12
vn -0.9238795325119132 1.2561343802098944e-14 -0.38268343236357716
vn -0.8929955123634776 0.25639768376416405 -0.3698908523592626
vn -0.707106781186538 2.3728547258465337e-14 -0.7071067811865571
vn -0.6834691755157513 0.2563976837641666 -0.6834691755157579
vn 0.923879532511277 -1.7628951251880866e-14 0.38268343236511354
vn -0.9238795325112872 1.0922853123253345e-15 -0.38268343236508895
vn 0.6834691755157548 0.2563976837641596 0.6834691755157568
vn 0.7071067811865475 -5.561378263705304e-15 0.7071067811865475
vn 0.8929955123634776 0.2563976837641624 0.36989085235926383
vn 0.9238795325112898 -3.717752560797101e-14 0.38268343236508234
vn 0.9665713774783368 0.25639768376416855 5.711071525201696e-14
vn -0.9238795325112871 -9.319706691916156e-15 0.3826834323650889
vn 0.6834691755157491 0.2563976837642004 -0.6834691755157472
vn 0.7071067811865475 1.18642736292366e-14 -0.7071067811865475
vn 0.8929955123634512 0.25639768376424965 -0.369890852359267
vn 0.9238795325112944 1.8823503017502065e-14 -0.3826834323650717
vn 0.9665713774783533 0.2563976837641065 -1.6111095622343354e-13
vn -0.966571377478345 0.2563976837641377 -0
vn -0.9238795325112856 3.4247716994027086e-14 0.3826834323650921
vn -0.8929955123634762 0.2563976837641583 0.3698908523592702
vn -0.707106781186591 1.9650203198416565e-14 0.7071067811865039
vn -0.6834691755158004 0.2563976837641406 0.6834691755157183
vn 0.9238795325112814 1.3169150760317197e-14 -0.38268343236510255
vn -0.7071067811865467 3.7075855091364317e-16 -0.7071067811865486
vn 0.3698908523592597 0.2563976837641639 0.8929955123634788
vn 0.38268343236509567 7.39463065226564e-15 0.9238795325112844
vn 0.6834691755157554 0.25639768376415856 0.6834691755157566
vn 0.7071067811865658 -2.058981497355798e-14 0.7071067811865293
vn 0.8929955123634415 0.2563976837641632 0.36989085235935
vn 0.9238795325112876 5.730458956976912e-16 0.3826834323650878
vn -0.9238795325112694 -1.1249881146481797e-14 -0.38268343236513175
vn -0.8929955123633598 0.2563976837641777 -0.3698908523595374
vn -0.7071067811865593 1.1605168439641901e-14 -0.7071067811865358
vn -0.6834691755157544 0.2563976837641578 -0.6834691755157579
vn -0.3826834323650918 -4.748879354563467e-14 -0.923879532511286
vn -0.36989085235926683 0.2563976837641602 -0.892995512363477
vn 0.7071067811865157 -2.85484084203405e-14 0.7071067811865793
vn -0.9238795325112873 -2.6015394822407702e-15 0.3826834323650882
vn -0.8929955123634791 0.2563976837641578 0.3698908523592637
vn -0.707106781186568 9.268963772844585e-15 0.7071067811865269
vn -0.38268343236502145 5.607486366580088e-15 0.9238795325113152
vn -0.369890852359192 0.25639768376415073 0.8929955123635106
vn 0.7071067811865616 -1.3851330073121842e-14 -0.7071067811865334
vn -0.7071067811865478 7.487205444930557e-15 0.7071067811865472
vn 0.36989085235923796 0.25639768376415534 -0.8929955123634903
vn 0.38268343236506275 4.138954791254593e-15 -0.923879532511298
vn 0.6834691755157589 0.2563976837641435 -0.6834691755157589
vn 0.7071067811865476 3.3368269582227938e-15 -0.7071067811865476
vn 0.8929955123634482 0.2563976837641527 -0.36989085235934144
vn 0.9238795325112876 -1.1401277359605607e-15 -0.38268343236508773
vn -0.7071067811865475 1.1230808167394808e-15 -0.7071067811865475
vn -0.6834691755156905 0.2563976837641677 -0.683469175515818
vn -0.3826834323652467 -7.105769106648151e-14 -0.9238795325112218
vn -0.36989085235926894 0.25639768376416566 -0.8929955123634744
vn -0 0.25639768376414535 -0.9665713774783429
vn 0.38268343236512503 0 0.9238795325112722
vn -0.3826834323650982 -2.026023193895033e-16 -0.9238795325112833
vn 3.790534198142551e-16 0.25639768376415023 0.9665713774783417
vn 0.3698908523592602 0.2563976837641785 0.8929955123634745
vn 0.3826834323651163 3.782102911604788e-14 0.9238795325112759
vn 0.6834691755157645 0.25639768376416006 0.683469175515747
vn 0.7071067811865488 3.743602722465323e-16 0.7071067811865461
vn -0.38268343236508773 4.130002960814257e-15 0.9238795325112877
vn 1.5337926163382625e-14 0.2563976837641656 -0.9665713774783377
vn 0.3698908523592527 0.2563976837642123 -0.8929955123634677
vn 0.38268343236502556 -3.2416371102312554e-15 -0.9238795325113134
vn 0.6834691755157355 0.2563976837641487 -0.6834691755157801
vn 0.7071067811865448 -3.7436027224664093e-16 -0.7071067811865503
vn -0.6834691755157514 0.2563976837641779 0.6834691755157534
vn -0.38268343236504987 6.787177699547273e-15 0.9238795325113034
vn -0.3698908523592577 0.25639768376415567 0.8929955123634821
vn 7.023996723168264e-14 0.25639768376417144 0.9665713774783359
vn 0.3826834323651056 -6.3035048526744545e-15 -0.9238795325112801
vn -0.23501233998527757 0.9431534340229488 -0.23501233998529417
vn -0.2066009350086808 0.841749164840973 -0.4987728913474183
vn -0.12718786071970484 0.9431545230992476 -0.3070550335737481
vn -0.07927449423394131 0.9936956823534582 -0.07927449423394692
vn -0.04290267605025218 0.9936956048192511 -0.10357801576893584
vn 0 0.943154706446714 -0.3323540276684081
vn 9.719298635288545e-16 -0.9431547064467102 0.33235402766841865
vn 2.957038359045413e-15 0.9936955861848538 -0.11211191728241957
vn 4.052377892882784e-15 0.8417488561728058 -0.5398693018979437
vn 0.042902676050256786 0.9936956048192497 -0.10357801576894615
vn 0.07927449423394287 0.9936956823534582 -0.07927449423394473
vn 0.12718786071971186 0.9431545230992378 -0.30705503357377556
vn 0.20660093500867652 0.8417491648409778 -0.49877289134741176
vn 0.2350123399853033 0.9431534340229387 -0.23501233998530882
vn -0.11211063819613902 0.9936957304946253 8.595561885575173e-08
vn -0.10357711822536407 -0.9936956823534597 -0.042903047120466914
vn 0 0.9431527594972764 0.3323595526725127
vn 0 0.9936955822613717 0.11211195205790386
vn 0.042901276263306684 0.9936956361147198 0.10357829532069884
vn 0.112110638202581 0.9936957304938985 8.595561885568885e-08
vn 0.12718246601812766 0.9431530483234427 0.30706179797517236
vn 0.23501233998529852 0.943153434022946 0.23501233998528423
vn 0.3070584197137131 0.9431534340229468 0.12718776188627706
vn -0.23501233998529653 0.943153434022943 -0.2350123399852978
vn -0.12718786071971 0.9431545230992427 -0.307055033573761
vn -0.10357711822536866 0.9936956823534593 -0.04290304712046576
vn -2.027642323899827e-15 0.943154706446715 -0.33235402766840505
vn 0.0792735625876431 0.9936957512815319 -0.0792745618700911
vn 0.07927449423393933 -0.9936956823534596 0.07927449423392913
vn -0.3070584197137294 0.9431534340229408 0.12718776188628095
vn -0.2350123399853005 0.9431534340229402 0.23501233998530568
vn -0.1271823292370755 0.9431531753857111 0.3070614643514914
vn -0.11211106489590439 0.9936956823534588 5.974973567016178e-15
vn -0.04290132539577946 0.9936956217479339 0.10357841280050754
vn 0 0.9431527594972784 0.3323595526725066
vn 0 0.9936955822613712 0.11211195205790744
vn 0.10357711822536386 -0.9936956823534596 -0.04290304712046857
vn 0.1035785391351599 0.9936955353139983 0.04290302236034787
vn -0.10357693046130594 0.9936956779426809 0.04290360257891886
vn -0.07927449423393254 -0.9936956823534597 -0.07927449423393552
vn -3.892498492799673e-15 0.9431527594972727 0.33235955267252304
vn 0 0.9936955822613712 0.11211195205790737
vn 0.10357778293167648 0.9936956139904382 0.04290302575722038
vn 0.12718246601812896 0.9431530483234419 0.30706179797517474
vn 0.23501233998530535 0.9431534340229394 0.23501233998530371
vn -0.23501233998529478 0.9431534340229438 0.23501233998529727
vn -0.1271823288011001 0.9431531754131168 0.3070614644478911
vn -0.10357711822536739 0.9936956823534592 0.04290304712047135
vn 3.4738435163226214e-15 0.9431527594972717 0.332359552672526
vn 0.0792747876616435 -0.9936956637428075 -0.07927443408781003
vn 0.07927537377850483 0.9936956172792729 0.07927443038107108
vn -0.0792741834230189 0.993695702066494 -0.07927455794383845
vn -0.04290127443088583 -0.9936956359635523 0.10357829752992329
vn -3.1759970165872514e-12 0.9431547064501147 -0.3323540276587572
vn 0.07927437103150466 0.9936957372540172 -0.07927392926274365
vn 0.12718786071971977 0.943154523099241 -0.3070550335737623
vn -0.12718786070927063 0.9431545231174538 -0.3070550335221479
vn -0.07927449423393237 0.9936956823534598 -0.07927449423393382
vn 3.984929893463074e-15 0.9431547064467155 -0.3323540276684036
vn 0.04290127627352928 0.9936956361202036 -0.10357829526385497
vn 0.042902676050250825 -0.9936956048192516 0.10357801576893257
vn -0.1271823286501614 0.943153175422611 0.3070614644812469
vn -0.07927461053792538 0.9936956305207977 0.07927502764385837
vn -3.830859432391602e-11 0.9431527594562404 0.3323595527889622
vn 0.042901274508239495 -0.9936956359586564 -0.10357829754485309
vn 0.07927478765869796 0.9936956637430411 0.07927443408782867
vn -0.04290127624813684 0.9936956361065873 0.10357829540500188
vn -0.04290127111106741 -0.9936956359801832 -0.10357829874541107
vn 4.083871188718366e-15 0.9431527594972726 0.3323595526725236
vn 0.07927449423393033 0.9936956823534597 0.07927449423393697
vn 0.12718246603361025 0.9431530482964258 0.30706179805174305
vn -0.04290127581775082 0.9936956358757962 -0.10357829779739662
vn -2.957038359045446e-15 -0.9936955861848542 0.11211191728241472
vn 1.3367606476765468e-15 0.9431547064467203 -0.3323540276683901
vn 0.042901275817752126 0.9936956358757962 -0.10357829779739665
vn -0.042901275817766815 0.9936956358757942 0.10357829779740946
vn -1.7834082493317084e-07 -0.9936955901363451 -0.11211188225852335
vn 3.646806433727713e-15 0.9431527594972718 0.33235955267252576
vn 0.0429012758177669 0.9936956358757943 0.10357829779740946
vn -0.23501233998530963 0.9431534340229343 0.2350123399853207
vn -0.20658959698561688 0.8417502128942485 0.4987758188904188
vn -0.12717811065026113 0.9431509858824301 0.30706993666008714
vn -0.07927449423395276 0.9936956823534564 0.07927449423395648
vn -0.04290144951624084 0.9936956320233156 0.10357826281217841
vn -1.1501532090905526e-15 0.8417488561728061 0.5398693018979432
vn -2.3605175416097774e-16 0.9431527594972738 0.3323595526725201
vn 5.382064976139533e-16 -0.9431547064467174 -0.3323540276683977
vn 1.783408249331733e-07 0.9936955901363455 0.11211188225852012
vn 0.042901271111066314 0.9936956359801835 0.10357829874540841
vn 0.07927449423396324 0.9936956823534553 0.0792744942339595
vn 0.12718246601813202 0.9431530483234354 0.3070617979751927
vn 0.20658959698559837 0.8417502128942503 0.49877581889042316
vn 0.23501233998532306 0.9431534340229331 0.235012339985312
vn -0.8929955123634756 -0.25639768376417205 0.3698908523592618
vn 0.615678976435392 0.49181174848810727 -0.6156789764353975
vn 0.6834691755157506 0.25639768376416505 -0.6834691755157589
vn 0.8044233488634807 0.49181174848811104 -0.3332030609888359
vn 0.8929955123634766 0.25639768376416594 -0.3698908523592636
vn 0.9238795325112868 0 -0.38268343236508967
vn 0.9665713774783379 0.25639768376416394 -1.7280279613101133e-15
vn -0.12718791733347742 -0.9431545524905524 0.3070549198445098
vn -7.520141347996958e-15 0.9431547064466996 -0.3323540276684485
vn 3.170086607745631e-15 0.8417488561728114 -0.5398693018979351
vn 0.04290267605025353 0.9936956048192512 -0.10357801576893323
vn 0.07927449423395469 0.9936956823534567 -0.07927449423395219
vn 0.10357711822538895 0.9936956823534567 -0.042903047120477364
vn 0.12718786071971314 0.9431545230992421 -0.3070550335737617
vn 0.20660093500867638 0.8417491648409778 -0.49877289134741165
vn 0.23501233998529775 0.9431534340229426 -0.23501233998529864
vn 0.3070584197137239 0.9431534340229436 -0.12718776188627387
vn 0.381744105687704 0.8417498889488442 -0.38174410568770195
vn -0.3817441056877036 0.8417498889488445 -0.3817441056877018
vn -0.30705841971374964 0.943153434022934 -0.12718776188628347
vn -0.23501233998531493 0.9431534340229341 -0.23501233998531598
vn -0.2066003814241154 0.8417500926202592 -0.4987715548918112
vn -0.1271878607197161 0.9431545230992412 -0.3070550335737639
vn -0.10357711822533477 0.9936956823534633 -0.04290304712045456
vn -0.07927449423394907 0.9936956823534596 -0.07927449423392084
vn -0.04290267605025299 0.9936956048192516 -0.10357801576893003
vn -4.074483966951541e-15 0.9431547064467093 -0.3323540276684213
vn -2.5651438936431894e-15 0.8417488561728123 -0.5398693018979337
vn 0.1271879173334761 -0.943154552490553 0.30705491984450833
vn -0.33235763853222117 -0.9431534340229512 5.339840672435255e-15
vn 0.07927449423396074 0.9936956823534557 0.07927449423395702
vn 0.10357711822536445 0.9936956823534597 -0.04290304712046648
vn 0.1035771182253986 0.9936956823534555 0.04290304712048122
vn 0.11211106489590002 0.9936956823534593 -2.229582146462999e-15
vn 0.12718786071975008 0.9431545230992492 -0.30705503357372504
vn 0.23501233998528928 0.9431534340229499 0.23501233998527823
vn 0.3070584197137206 0.9431534340229439 0.12718776188627873
vn 0.3070584197137289 0.943153434022942 -0.1271877618862738
vn 0.3323576385322467 0.9431534340229423 1.298294806011623e-15
vn 0.4987727105514065 0.8417498889488443 -0.2065984212519817
vn 0.49877271055140776 0.8417498889488426 0.2065984212519852
vn 0.5398676916195374 0.8417498889488446 -5.3665516342899874e-15
vn -0.5398676916195444 0.84174988894884 -3.3951653196528763e-15
vn -0.49877271055141303 0.84174988894884 0.2065984212519829
vn -0.4987727105514066 0.8417498889488436 -0.20659842125198388
vn -0.3323576385322492 0.9431534340229413 -2.32537977827462e-15
vn -0.3070584197137365 0.9431534340229383 0.1271877618862839
vn -0.3070584197137273 0.9431534340229422 -0.1271877618862767
vn -0.2350123399853029 0.9431534340229375 0.23501233998531396
vn -0.12718786071971358 0.9431545230992379 -0.3070550335737748
vn -0.11211106489589834 0.9936956823534596 -3.1648978944742165e-15
vn -0.10357711822536768 0.9936956823534591 -0.04290304712047113
vn -0.10357711822536261 0.9936956823534597 0.04290304712046806
vn -0.07927449423391825 0.9936956823534618 0.079274494233922
vn 0.3323576385322448 -0.9431534340229429 1.1210091382000125e-14
vn -0.5398676916195377 0.8417498889488443 -7.925096154334359e-16
vn -0.49877271055140604 0.8417498889488441 -0.20659842125198316
vn -0.38174410568770095 0.8417498889488444 -0.38174410568770434
vn -0.3323576385321996 0.9431534340229588 -1.2319091262842764e-14
vn -0.3070584196771564 0.9431534340271175 -0.12718776194360532
vn -0.23501233998529608 0.943153434022942 -0.23501233998530266
vn -0.12718786071971347 0.9431545230992405 -0.3070550335737668
vn -0.10357711820490595 0.9936956823542633 -0.042903047151245044
vn -0.07927449423393806 0.9936956823534598 -0.0792744942339288
vn 0.3070584197137245 -0.9431534340229425 0.12718776188628014
vn -0.5398676916195416 0.8417498889488418 -7.925096154334412e-16
vn -0.49877271055140704 0.8417498889488424 0.20659842125198755
vn -0.3817441056877066 0.8417498889488413 0.3817441056877062
vn -0.3323576385322541 0.9431534340229396 -4.878910673639378e-16
vn -0.30705841971372405 0.9431534340229426 0.12718776188628098
vn -0.2350123399853053 0.9431534340229385 0.23501233998530754
vn -0.10357711822536547 0.9936956823534594 0.0429030471204679
vn -0.07927449423394974 0.9936956823534602 0.07927449423391261
vn -8.24857463806609e-14 0.9431547064467222 0.3323540276683845
vn 0.30705841971372594 -0.9431534340229424 -0.1271877618862775
vn -0.30705841971372655 -0.9431534340229426 -0.1271877618862746
vn -2.5920666231882373e-14 0.9431547064467006 0.33235402766844585
vn 0.0792744942339236 0.9936956823534613 0.07927449423392677
vn 0.10357711822536345 0.9936956823534597 0.042903047120467414
vn 0.2350123399852992 0.9431534340229416 0.2350123399853013
vn 0.3070584197137246 0.9431534340229428 0.12718776188627834
vn 0.3323576385324482 0.9431534340228712 -3.573231167462525e-14
vn 0.38174410568769884 0.8417498889488451 0.3817441056877058
vn 0.4987727105514107 0.8417498889488398 0.20659842125198916
vn 0.5398676916195442 0.8417498889488402 -1.9812740385836117e-15
vn -0.30705841971372644 -0.9431534340229424 0.12718776188627712
vn 0.07927449423393632 0.9936956823534598 -0.07927449423393074
vn 0.10357711821391183 0.9936956823545645 -0.04290304712252599
vn 0.12718786070258387 0.9431545231291254 -0.30705503348906715
vn 0.23501233998529622 0.9431534340229423 -0.2350123399853022
vn 0.3070584197137316 0.9431534340229418 -0.12718776188626968
vn 0.33235763853224015 0.9431534340229445 -9.757821347278342e-16
vn 0.38174410568769995 0.841749888948846 -0.3817441056877023
vn 0.49877271055140937 0.8417498889488438 -0.20659842125197636
vn 0.5398676916195364 0.8417498889488453 -1.5850192308668662e-15
vn -0.38174410568770006 0.841749888948847 -0.38174410568770006
vn -0.3070584197137285 0.9431534340229419 -0.12718776188627595
vn -0.12718786068899188 0.9431545231067385 -0.30705503356346125
vn -0.07927449423394116 0.9936956823534595 -0.07927449423392947
vn 0.23501233998529547 -0.9431534340229422 0.2350123399853025
vn -0.2350123399852978 -0.9431534340229423 0.23501233998530066
vn 0.07927449423393382 0.9936956823534602 -0.0792744942339302
vn 0.12718786071971097 0.9431545230992414 -0.30705503357376523
vn 0.3070584197137258 0.9431534340229425 -0.1271877618862778
vn 0.3817441054972427 0.8417498890566357 -0.38174410564048195
vn -0.38174410568770434 0.8417498889488431 0.3817441056877047
vn -0.3070584197137268 0.9431534340229426 0.12718776188627423
vn -0.23501233998529725 0.9431534340229419 0.23501233998530197
vn -0.20662629343136524 0.8417210297123224 0.4988098665852983
vn -0.1271872167398917 0.9431535317040008 0.30705834548539845
vn -0.07927449414540788 0.9936956823620624 0.07927449421462629
vn -0.042901449516229546 0.9936956320233191 0.10357826281214924
vn -1.3173895758874716e-10 0.9431547066840658 0.3323540269948508
vn 0.23501233998529816 -0.9431534340229413 -0.23501233998530388
vn -0.23501233998529533 -0.943153434022942 -0.2350123399853031
vn -1.4583064870590776e-05 0.9431545681472555 0.33235441981459846
vn 0.04290127111106277 0.9936956359801834 0.10357829874541331
vn 0.07927449430401091 0.9936956823516241 0.07927449418686612
vn 0.12718735501527526 0.9431534043917309 0.30705867925936636
vn 0.20660845058384522 0.8417509310001036 0.4987667975194437
vn 0.23501234002166244 0.9431534340202169 0.2350123399598729
vn 0.3070584197137184 0.9431534340229455 0.12718776188627418
vn 0.38174410568770045 0.8417498889488414 0.3817441056877121
vn 0 -0.9738412097417932 0.22722961560641844
vn -0 0.9738412097417932 -0.22722961560641844
vn 0 0.9738412097417932 0.22722961560641844
vn 0 -0.9738412097417932 -0.22722961560641844
vn -0.22722961560641844 -0.9738412097417932 -0
vn 0.22722961560641844 0.9738412097417932 -0
vn -0.22722961560641844 0.9738412097417932 -0
vn 0.22722961560641844 -0.9738412097417932 -0

o entity0_brush0
usemtl kenney_prototype_textures/purple/texture_13
f  1/1/1  2/2/1  3/3/1  4/4/1
usemtl kenney_prototype_textures/purple/texture_13
f  5/5/2  3/6/2  2/7/2  6/8/2
usemtl kenney_prototype_textures/purple/texture_13
f  6/8/3  2/7/3  1/9/3
usemtl kenney_prototype_textures/purple/texture_13
f  4/9/4  3/6/4  5/5/4
usemtl kenney_prototype_textures/purple/texture_13
f  6/2/5  1/1/5  4/4/5  5/3/5

o entity0_brush1
usemtl kenney_prototype_textures/purple/texture_13
f  7/10/6  8/11/6  9/12/6  10/13/6
usemtl kenney_prototype_textures/purple/texture_13
f  11/14/7  12/15/7  9/12/7  8/11/7  13/16/7
usemtl kenney_prototype_textures/purple/texture_13
f  14/17/8  12/15/8  11/14/8
usemtl kenney_prototype_textures/purple/texture_13
f  15/18/9  10/19/9  9/20/9  12/21/9  14/22/9  16/23/9  17/24/9  18/25/9
usemtl kenney_prototype_textures/purple/texture_13
f  16/26/10  14/17/10  11/14/10  19/27/10
usemtl kenney_prototype_textures/purple/texture_13
f  20/28/3  21/29/3  13/16/3  8/11/3  7/10/3  22/30/3
usemtl kenney_prototype_textures/purple/texture_13
f  19/27/11  11/14/11  13/16/11  21/29/11
usemtl kenney_prototype_textures/purple/texture_13
f  22/31/12  7/32/12  10/33/12  15/34/12
usemtl kenney_prototype_textures/purple/texture_13
f  17/35/13  16/26/13  19/27/13
usemtl kenney_prototype_textures/purple/texture_13
f  18/36/14  17/35/14  19/27/14  21/29/14  20/28/14
usemtl kenney_prototype_textures/purple/texture_13
f  22/30/15  15/37/15  18/36/15  20/28/15

o entity0_brush2
usemtl kenney_prototype_textures/purple/texture_13
f  23/38/16  24/39/16  25/40/16
usemtl kenney_prototype_textures/purple/texture_13
f  26/41/17  24/42/17  23/43/17  27/18/17
usemtl kenney_prototype_textures/purple/texture_13
f  28/30/3  25/44/3  24/45/3  26/46/3
usemtl kenney_prototype_textures/purple/texture_13
f  27/34/18  23/38/18  25/40/18  28/31/18
usemtl kenney_prototype_textures/purple/texture_13
f  26/46/19  27/37/19  28/30/19

o entity0_brush3
usemtl kenney_prototype_textures/purple/texture_13
f  29/47/20  30/10/20  31/13/20
usemtl kenney_prototype_textures/purple/texture_13
f  32/48/3  30/10/3  29/47/3  33/49/3
usemtl kenney_prototype_textures/purple/texture_13
f  34/50/18  31/33/18  30/32/18  32/51/18
usemtl kenney_prototype_textures/purple/texture_13
f  33/52/21  29/53/21  31/19/21  34/54/21
usemtl kenney_prototype_textures/purple/texture_13
f  34/50/22  32/51/22  33/55/22

o entity0_brush4
usemtl kenney_prototype_textures/purple/texture_13
f  35/56/23  36/57/23  37/2/23  38/3/23
usemtl kenney_prototype_textures/purple/texture_13
f  39/29/24  38/58/24  37/59/24  40/60/24
usemtl kenney_prototype_textures/purple/texture_13
f  40/60/3  37/59/3  36/61/3  41/62/3
usemtl kenney_prototype_textures/purple/texture_13
f  41/63/12  36/64/12  35/65/12  42/31/12
usemtl kenney_prototype_textures/purple/texture_13
f  42/66/4  35/61/4  38/58/4  39/29/4  43/28/4
usemtl kenney_prototype_textures/purple/texture_13
f  43/28/25  39/29/25  40/60/25
usemtl kenney_prototype_textures/purple/texture_13
f  41/62/26  42/66/26  43/28/26  40/60/26

o entity0_brush5
usemtl kenney_prototype_textures/purple/texture_13
f  44/67/27  45/68/27  46/69/27  47/11/27
usemtl kenney_prototype_textures/purple/texture_13
f  47/11/28  46/69/28  48/16/28
usemtl kenney_prototype_textures/purple/texture_13
f  49/70/29  48/16/29  46/69/29  50/71/29
usemtl kenney_prototype_textures/purple/texture_13
f  50/71/3  46/69/3  45/68/3  51/72/3
usemtl kenney_prototype_textures/purple/texture_13
f  51/73/12  45/74/12  44/32/12  52/75/12
usemtl kenney_prototype_textures/purple/texture_13
f  52/72/4  44/67/4  47/11/4  48/16/4  49/70/4
usemtl kenney_prototype_textures/purple/texture_13
f  51/57/30  52/56/30  49/3/30  50/2/30

o entity0_brush6
usemtl kenney_prototype_textures/purple/texture_13
f  53/76/31  54/2/31  55/3/31  56/77/31
usemtl kenney_prototype_textures/purple/texture_13
f  57/58/32  55/78/32  54/79/32  58/59/32
usemtl kenney_prototype_textures/purple/texture_13
f  58/59/3  54/79/3  53/80/3
usemtl kenney_prototype_textures/purple/texture_13
f  56/80/4  55/78/4  57/58/4
usemtl kenney_prototype_textures/purple/texture_13
f  58/2/30  53/76/30  56/77/30  57/3/30

o entity0_brush7
usemtl kenney_prototype_textures/purple/texture_13
f  59/81/33  60/56/33  61/57/33  62/82/33
usemtl kenney_prototype_textures/purple/texture_13
f  62/83/3  61/72/3  63/84/3
usemtl kenney_prototype_textures/purple/texture_13
f  63/85/12  61/73/12  60/75/12  64/86/12
usemtl kenney_prototype_textures/purple/texture_13
f  64/84/4  60/72/4  59/83/4
usemtl kenney_prototype_textures/purple/texture_13
f  59/81/34  62/82/34  63/57/34  64/56/34

o entity0_brush8
usemtl kenney_prototype_textures/purple/texture_13
f  65/81/35  66/56/35  67/57/35  68/82/35
usemtl kenney_prototype_textures/purple/texture_13
f  68/87/3  67/88/3  69/61/3
usemtl kenney_prototype_textures/purple/texture_13
f  69/64/12  67/89/12  66/90/12  70/65/12
usemtl kenney_prototype_textures/purple/texture_13
f  70/61/4  66/88/4  65/87/4
usemtl kenney_prototype_textures/purple/texture_13
f  65/81/36  68/82/36  69/57/36  70/56/36

o entity0_brush9
usemtl kenney_prototype_textures/purple/texture_13
f  71/76/33  72/2/33  73/3/33  74/77/33
usemtl kenney_prototype_textures/purple/texture_13
f  75/91/3  72/71/3  71/92/3
usemtl kenney_prototype_textures/purple/texture_13
f  76/93/37  73/70/37  72/71/37  75/91/37
usemtl kenney_prototype_textures/purple/texture_13
f  74/92/4  73/70/4  76/93/4
usemtl kenney_prototype_textures/purple/texture_13
f  76/3/38  75/2/38  71/76/38  74/77/38

o entity0_brush10
usemtl kenney_prototype_textures/purple/texture_13
f  77/94/39  78/56/39  79/57/39  80/95/39
usemtl kenney_prototype_textures/purple/texture_13
f  80/96/3  79/97/3  81/88/3
usemtl kenney_prototype_textures/purple/texture_13
f  81/89/12  79/98/12  78/99/12  82/90/12
usemtl kenney_prototype_textures/purple/texture_13
f  82/88/4  78/97/4  77/96/4
usemtl kenney_prototype_textures/purple/texture_13
f  77/94/40  80/95/40  81/57/40  82/56/40

o entity0_brush11
usemtl kenney_prototype_textures/purple/texture_13
f  83/100/41  84/2/41  85/3/41  86/101/41
usemtl kenney_prototype_textures/purple/texture_13
f  87/6/42  85/93/42  84/91/42  88/7/42
usemtl kenney_prototype_textures/purple/texture_13
f  88/7/3  84/91/3  83/102/3
usemtl kenney_prototype_textures/purple/texture_13
f  86/102/4  85/93/4  87/6/4
usemtl kenney_prototype_textures/purple/texture_13
f  88/2/43  83/100/43  86/101/43  87/3/43

o entity0_brush12
usemtl kenney_prototype_textures/purple/texture_13
f  89/100/44  90/2/44  91/3/44  92/101/44
usemtl kenney_prototype_textures/purple/texture_13
f  93/79/3  90/103/3  89/104/3
usemtl kenney_prototype_textures/purple/texture_13
f  94/78/45  91/105/45  90/103/45  93/79/45
usemtl kenney_prototype_textures/purple/texture_13
f  92/104/4  91/105/4  94/78/4
usemtl kenney_prototype_textures/purple/texture_13
f  94/3/46  93/2/46  89/100/46  92/101/46

o entity0_brush13
usemtl kenney_prototype_textures/purple/texture_13
f  95/94/47  96/56/47  97/57/47  98/95/47
usemtl kenney_prototype_textures/purple/texture_13
f  98/106/3  97/84/3  99/107/3
usemtl kenney_prototype_textures/purple/texture_13
f  99/108/12  97/85/12  96/86/12  100/109/12
usemtl kenney_prototype_textures/purple/texture_13
f  100/107/4  96/84/4  95/106/4
usemtl kenney_prototype_textures/purple/texture_13
f  95/94/48  98/95/48  99/57/48  100/56/48

o entity0_brush14
usemtl kenney_prototype_textures/purple/texture_13
f  101/110/49  102/111/49  103/112/49  104/113/49
usemtl kenney_prototype_textures/purple/texture_13
f  105/114/50  103/112/50  102/111/50  106/115/50
usemtl kenney_prototype_textures/purple/texture_13
f  104/116/3  103/117/3  105/118/3
usemtl kenney_prototype_textures/purple/texture_13
f  106/118/4  102/117/4  101/116/4
usemtl kenney_prototype_textures/purple/texture_13
f  101/110/51  104/113/51  105/114/51  106/115/51

o entity0_brush15
usemtl kenney_prototype_textures/purple/texture_13
f  107/119/52  108/120/52  109/121/52  110/122/52
usemtl kenney_prototype_textures/purple/texture_13
f  110/123/3  109/124/3  111/97/3
usemtl kenney_prototype_textures/purple/texture_13
f  111/98/12  109/121/12  108/120/12  112/99/12
usemtl kenney_prototype_textures/purple/texture_13
f  112/97/4  108/124/4  107/123/4
usemtl kenney_prototype_textures/purple/texture_13
f  107/125/53  110/126/53  111/57/53  112/56/53

o entity0_brush16
usemtl kenney_prototype_textures/purple/texture_13
f  113/125/54  114/56/54  115/57/54  116/126/54
usemtl kenney_prototype_textures/purple/texture_13
f  116/127/3  115/107/3  117/128/3
usemtl kenney_prototype_textures/purple/texture_13
f  117/129/12  115/108/12  114/109/12  118/130/12
usemtl kenney_prototype_textures/purple/texture_13
f  118/128/4  114/107/4  113/127/4
usemtl kenney_prototype_textures/purple/texture_13
f  113/131/55  116/132/55  117/129/55  118/130/55

o entity0_brush17
usemtl kenney_prototype_textures/purple/texture_13
f  119/133/56  120/134/56  121/3/56
usemtl kenney_prototype_textures/purple/texture_13
f  122/122/57  123/135/57  120/136/57  119/137/57  124/119/57
usemtl kenney_prototype_textures/purple/texture_13
f  125/105/58  121/5/58  120/138/58  123/139/58  126/103/58
usemtl kenney_prototype_textures/purple/texture_13
f  126/103/3  123/139/3  122/140/3
usemtl kenney_prototype_textures/purple/texture_13
f  124/140/4  119/138/4  121/5/4  125/105/4
usemtl kenney_prototype_textures/purple/texture_13
f  125/3/59  126/2/59  122/1/59  124/4/59

o entity0_brush18
usemtl kenney_prototype_textures/purple/texture_13
f  127/133/60  128/141/60  129/142/60  130/2/60  131/134/60
usemtl kenney_prototype_textures/purple/texture_13
f  131/138/61  130/8/61  132/139/61
usemtl kenney_prototype_textures/purple/texture_13
f  132/139/3  130/8/3  129/143/3  133/144/3
usemtl kenney_prototype_textures/purple/texture_13
f  133/145/12  129/146/12  128/147/12  134/148/12
usemtl kenney_prototype_textures/purple/texture_13
f  134/144/4  128/143/4  127/138/4
usemtl kenney_prototype_textures/purple/texture_13
f  132/135/62  133/145/62  134/148/62  127/137/62  131/136/62

o entity0_brush19
usemtl kenney_prototype_textures/purple/texture_13
f  135/149/63  136/150/63  137/40/63  138/151/63
usemtl kenney_prototype_textures/purple/texture_13
f  139/144/3  136/44/3  135/152/3
usemtl kenney_prototype_textures/purple/texture_13
f  140/148/18  137/40/18  136/150/18  139/145/18
usemtl kenney_prototype_textures/purple/texture_13
f  138/152/4  137/44/4  140/144/4
usemtl kenney_prototype_textures/purple/texture_13
f  140/148/64  139/145/64  135/149/64  138/151/64

o entity0_brush20
usemtl kenney_prototype_textures/purple/texture_13
f  141/153/65  142/130/65  143/129/65  144/154/65
usemtl kenney_prototype_textures/purple/texture_13
f  144/117/3  143/128/3  145/155/3
usemtl kenney_prototype_textures/purple/texture_13
f  145/156/12  143/129/12  142/130/12  146/51/12
usemtl kenney_prototype_textures/purple/texture_13
f  146/155/4  142/128/4  141/117/4
usemtl kenney_prototype_textures/purple/texture_13
f  141/153/66  144/154/66  145/156/66  146/51/66

o entity0_brush21
usemtl kenney_prototype_textures/purple/texture_13
f  147/157/67  148/40/67  149/150/67  150/158/67
usemtl kenney_prototype_textures/purple/texture_13
f  150/159/3  149/160/3  151/124/3
usemtl kenney_prototype_textures/purple/texture_13
f  151/121/12  149/150/12  148/40/12  152/120/12
usemtl kenney_prototype_textures/purple/texture_13
f  152/124/4  148/160/4  147/159/4
usemtl kenney_prototype_textures/purple/texture_13
f  147/157/68  150/158/68  151/121/68  152/120/68

o entity0_brush22
usemtl kenney_prototype_textures/purple/texture_13
f  153/161/69  154/142/69  155/141/69  156/162/69
usemtl kenney_prototype_textures/purple/texture_13
f  157/48/3  154/143/3  153/163/3
usemtl kenney_prototype_textures/purple/texture_13
f  158/51/18  155/147/18  154/146/18  157/156/18
usemtl kenney_prototype_textures/purple/texture_13
f  156/163/4  155/143/4  158/48/4
usemtl kenney_prototype_textures/purple/texture_13
f  158/51/70  157/156/70  153/164/70  156/165/70

o entity0_brush23
usemtl kenney_prototype_textures/purple/texture_13
f  159/166/71  160/161/71  161/162/71  162/167/71
usemtl kenney_prototype_textures/purple/texture_13
f  163/168/72  161/165/72  160/164/72  164/169/72
usemtl kenney_prototype_textures/purple/texture_13
f  164/170/3  160/163/3  159/171/3
usemtl kenney_prototype_textures/purple/texture_13
f  162/171/4  161/163/4  163/170/4
usemtl kenney_prototype_textures/purple/texture_13
f  163/168/73  164/169/73  159/172/73  162/173/73

o entity0_brush24
usemtl kenney_prototype_textures/purple/texture_13
f  165/174/74  166/175/74  167/176/74  168/177/74
usemtl kenney_prototype_textures/purple/texture_13
f  168/178/3  167/179/3  169/159/3
usemtl kenney_prototype_textures/purple/texture_13
f  170/159/4  166/179/4  165/178/4
usemtl kenney_prototype_textures/purple/texture_13
f  169/158/75  167/176/75  166/175/75  170/157/75
usemtl kenney_prototype_textures/purple/texture_13
f  165/174/76  168/177/76  169/158/76  170/157/76

o entity0_brush25
usemtl kenney_prototype_textures/purple/texture_13
f  171/177/77  172/176/77  173/175/77  174/174/77
usemtl kenney_prototype_textures/purple/texture_13
f  175/152/3  172/180/3  171/181/3
usemtl kenney_prototype_textures/purple/texture_13
f  174/181/4  173/180/4  176/152/4
usemtl kenney_prototype_textures/purple/texture_13
f  176/151/78  173/175/78  172/176/78  175/149/78
usemtl kenney_prototype_textures/purple/texture_13
f  174/174/79  176/151/79  175/149/79  171/177/79

o entity0_brush26
usemtl kenney_prototype_textures/purple/texture_13
f  177/173/80  178/153/80  179/154/80  180/172/80
usemtl kenney_prototype_textures/purple/texture_13
f  181/169/81  179/154/81  178/153/81  182/168/81
usemtl kenney_prototype_textures/purple/texture_13
f  180/116/3  179/117/3  181/118/3
usemtl kenney_prototype_textures/purple/texture_13
f  182/118/4  178/117/4  177/116/4
usemtl kenney_prototype_textures/purple/texture_13
f  177/173/82  180/172/82  181/169/82  182/168/82

o entity0_brush27
usemtl kenney_prototype_textures/purple/texture_13
f  183/182/83  184/183/83  185/184/83  186/185/83
usemtl kenney_prototype_textures/purple/texture_13
f  186/106/3  185/84/3  187/107/3
usemtl kenney_prototype_textures/purple/texture_13
f  187/186/12  185/187/12  184/188/12  188/189/12
usemtl kenney_prototype_textures/purple/texture_13
f  188/107/4  184/84/4  183/106/4
usemtl kenney_prototype_textures/purple/texture_13
f  183/182/84  186/185/84  187/184/84  188/183/84

o entity0_brush28
usemtl kenney_prototype_textures/purple/texture_13
f  189/12/85  190/11/85  191/10/85  192/13/85
usemtl kenney_prototype_textures/purple/texture_13
f  193/15/86  194/14/86  195/16/86  190/11/86  189/12/86
usemtl kenney_prototype_textures/purple/texture_13
f  196/17/87  194/14/87  193/15/87
usemtl kenney_prototype_textures/purple/texture_13
f  197/29/88  195/16/88  194/14/88  198/27/88
usemtl kenney_prototype_textures/purple/texture_13
f  199/190/12  192/191/12  191/192/12  200/193/12
usemtl kenney_prototype_textures/purple/texture_13
f  198/27/89  194/14/89  196/17/89  201/26/89
usemtl kenney_prototype_textures/purple/texture_13
f  200/30/4  191/10/4  190/11/4  195/16/4  197/29/4  202/28/4
usemtl kenney_prototype_textures/purple/texture_13
f  203/25/90  204/24/90  201/23/90  196/22/90  193/21/90  189/20/90  192/19/90  199/18/90
usemtl kenney_prototype_textures/purple/texture_13
f  198/27/91  201/26/91  204/35/91
usemtl kenney_prototype_textures/purple/texture_13
f  202/28/92  197/29/92  198/27/92  204/35/92  203/36/92
usemtl kenney_prototype_textures/purple/texture_13
f  202/28/93  203/36/93  199/37/93  200/30/93

o entity0_brush29
usemtl kenney_prototype_textures/purple/texture_13
f  205/194/94  206/195/94  207/196/94
usemtl kenney_prototype_textures/purple/texture_13
f  208/193/18  206/195/18  205/194/18  209/190/18
usemtl kenney_prototype_textures/purple/texture_13
f  210/46/4  207/45/4  206/44/4  208/30/4
usemtl kenney_prototype_textures/purple/texture_13
f  209/18/95  205/43/95  207/42/95  210/41/95
usemtl kenney_prototype_textures/purple/texture_13
f  210/46/96  208/30/96  209/37/96

o entity0_brush30
usemtl kenney_prototype_textures/purple/texture_13
f  211/13/97  212/10/97  213/47/97
usemtl kenney_prototype_textures/purple/texture_13
f  214/197/18  212/192/18  211/191/18  215/198/18
usemtl kenney_prototype_textures/purple/texture_13
f  216/49/4  213/47/4  212/10/4  214/48/4
usemtl kenney_prototype_textures/purple/texture_13
f  215/54/98  211/19/98  213/53/98  216/52/98
usemtl kenney_prototype_textures/purple/texture_13
f  214/197/99  215/198/99  216/199/99

o entity0_brush31
usemtl kenney_prototype_textures/purple/texture_13
f  217/183/33  218/184/33  219/200/33  220/201/33
usemtl kenney_prototype_textures/purple/texture_13
f  221/28/3  222/29/3  219/58/3  218/61/3  223/66/3
usemtl kenney_prototype_textures/purple/texture_13
f  223/193/12  218/202/12  217/203/12  224/204/12
usemtl kenney_prototype_textures/purple/texture_13
f  225/60/100  220/59/100  219/58/100  222/29/100
usemtl kenney_prototype_textures/purple/texture_13
f  224/62/4  217/61/4  220/59/4  225/60/4
usemtl kenney_prototype_textures/purple/texture_13
f  225/60/101  222/29/101  221/28/101
usemtl kenney_prototype_textures/purple/texture_13
f  224/62/102  225/60/102  221/28/102  223/66/102

o entity0_brush32
usemtl kenney_prototype_textures/purple/texture_13
f  226/68/103  227/67/103  228/11/103  229/69/103
usemtl kenney_prototype_textures/purple/texture_13
f  229/69/104  228/11/104  230/16/104
usemtl kenney_prototype_textures/purple/texture_13
f  231/70/3  230/16/3  228/11/3  227/67/3  232/72/3
usemtl kenney_prototype_textures/purple/texture_13
f  232/205/12  227/192/12  226/206/12  233/207/12
usemtl kenney_prototype_textures/purple/texture_13
f  233/72/4  226/68/4  229/69/4  234/71/4
usemtl kenney_prototype_textures/purple/texture_13
f  234/71/105  229/69/105  230/16/105  231/70/105
usemtl kenney_prototype_textures/purple/texture_13
f  232/184/30  233/183/30  234/201/30  231/200/30

o entity0_brush33
usemtl kenney_prototype_textures/purple/texture_13
f  235/208/106  236/200/106  237/201/106  238/209/106
usemtl kenney_prototype_textures/purple/texture_13
f  239/58/3  236/78/3  235/80/3
usemtl kenney_prototype_textures/purple/texture_13
f  240/59/107  237/79/107  236/78/107  239/58/107
usemtl kenney_prototype_textures/purple/texture_13
f  238/80/4  237/79/4  240/59/4
usemtl kenney_prototype_textures/purple/texture_13
f  240/201/30  239/200/30  235/208/30  238/209/30

o entity0_brush34
usemtl kenney_prototype_textures/purple/texture_13
f  241/210/33  242/183/33  243/184/33  244/211/33
usemtl kenney_prototype_textures/purple/texture_13
f  244/83/3  243/72/3  245/84/3
usemtl kenney_prototype_textures/purple/texture_13
f  245/187/12  243/205/12  242/207/12  246/188/12
usemtl kenney_prototype_textures/purple/texture_13
f  246/84/4  242/72/4  241/83/4
usemtl kenney_prototype_textures/purple/texture_13
f  241/210/108  244/211/108  245/184/108  246/183/108

o entity0_brush35
usemtl kenney_prototype_textures/purple/texture_13
f  247/210/109  248/183/109  249/184/109  250/211/109
usemtl kenney_prototype_textures/purple/texture_13
f  250/87/3  249/88/3  251/61/3
usemtl kenney_prototype_textures/purple/texture_13
f  251/202/12  249/212/12  248/213/12  252/203/12
usemtl kenney_prototype_textures/purple/texture_13
f  252/61/4  248/88/4  247/87/4
usemtl kenney_prototype_textures/purple/texture_13
f  247/210/30  250/211/30  251/184/30  252/183/30

o entity0_brush36
usemtl kenney_prototype_textures/purple/texture_13
f  253/208/33  254/200/33  255/201/33  256/209/33
usemtl kenney_prototype_textures/purple/texture_13
f  257/93/3  254/70/3  253/92/3
usemtl kenney_prototype_textures/purple/texture_13
f  258/91/110  255/71/110  254/70/110  257/93/110
usemtl kenney_prototype_textures/purple/texture_13
f  256/92/4  255/71/4  258/91/4
usemtl kenney_prototype_textures/purple/texture_13
f  258/201/111  257/200/111  253/208/111  256/209/111

o entity0_brush37
usemtl kenney_prototype_textures/purple/texture_13
f  259/182/112  260/183/112  261/184/112  262/185/112
usemtl kenney_prototype_textures/purple/texture_13
f  262/96/3  261/97/3  263/88/3
usemtl kenney_prototype_textures/purple/texture_13
f  263/212/12  261/214/12  260/215/12  264/213/12
usemtl kenney_prototype_textures/purple/texture_13
f  264/88/4  260/97/4  259/96/4
usemtl kenney_prototype_textures/purple/texture_13
f  259/182/113  262/185/113  263/184/113  264/183/113

o entity0_brush38
usemtl kenney_prototype_textures/purple/texture_13
f  265/216/114  266/200/114  267/201/114  268/217/114
usemtl kenney_prototype_textures/purple/texture_13
f  269/6/3  266/93/3  265/102/3
usemtl kenney_prototype_textures/purple/texture_13
f  270/7/115  267/91/115  266/93/115  269/6/115
usemtl kenney_prototype_textures/purple/texture_13
f  268/102/4  267/91/4  270/7/4
usemtl kenney_prototype_textures/purple/texture_13
f  270/201/116  269/200/116  265/216/116  268/217/116

o entity0_brush39
usemtl kenney_prototype_textures/purple/texture_13
f  271/216/117  272/200/117  273/201/117  274/217/117
usemtl kenney_prototype_textures/purple/texture_13
f  275/78/3  272/105/3  271/104/3
usemtl kenney_prototype_textures/purple/texture_13
f  276/79/118  273/103/118  272/105/118  275/78/118
usemtl kenney_prototype_textures/purple/texture_13
f  274/104/4  273/103/4  276/79/4
usemtl kenney_prototype_textures/purple/texture_13
f  276/201/119  275/200/119  271/216/119  274/217/119

o entity0_brush40
usemtl kenney_prototype_textures/purple/texture_13
f  277/10/33  278/11/33  279/16/33  280/29/33  281/28/33  282/30/33
usemtl kenney_prototype_textures/purple/texture_13
f  283/27/120  280/29/120  279/16/120  284/14/120
usemtl kenney_prototype_textures/purple/texture_13
f  285/12/121  278/11/121  277/10/121  286/13/121
usemtl kenney_prototype_textures/purple/texture_13
f  287/37/122  282/30/122  281/28/122  288/36/122
usemtl kenney_prototype_textures/purple/texture_13
f  289/15/123  284/14/123  279/16/123  278/11/123  285/12/123
usemtl kenney_prototype_textures/purple/texture_13
f  288/36/124  281/28/124  280/29/124  283/27/124  290/35/124
usemtl kenney_prototype_textures/purple/texture_13
f  291/26/125  283/27/125  284/14/125  292/17/125
usemtl kenney_prototype_textures/purple/texture_13
f  292/17/126  284/14/126  289/15/126
usemtl kenney_prototype_textures/purple/texture_13
f  290/35/127  283/27/127  291/26/127
usemtl kenney_prototype_textures/purple/texture_13
f  286/218/12  277/219/12  282/220/12  287/221/12
usemtl kenney_prototype_textures/purple/texture_13
f  287/18/128  288/25/128  290/24/128  291/23/128  292/22/128  289/21/128  285/20/128  286/19/128

o entity0_brush41
usemtl kenney_prototype_textures/purple/texture_13
f  293/222/129  294/200/129  295/201/129  296/223/129
usemtl kenney_prototype_textures/purple/texture_13
f  297/5/3  294/6/3  293/9/3
usemtl kenney_prototype_textures/purple/texture_13
f  298/8/130  295/7/130  294/6/130  297/5/130
usemtl kenney_prototype_textures/purple/texture_13
f  296/9/4  295/7/4  298/8/4
usemtl kenney_prototype_textures/purple/texture_13
f  298/201/131  297/200/131  293/222/131  296/223/131

o entity0_brush42
usemtl kenney_prototype_textures/purple/texture_13
f  299/224/132  300/225/132  301/226/132  302/227/132
usemtl kenney_prototype_textures/purple/texture_13
f  302/123/3  301/124/3  303/97/3
usemtl kenney_prototype_textures/purple/texture_13
f  303/214/12  301/226/12  300/225/12  304/215/12
usemtl kenney_prototype_textures/purple/texture_13
f  304/97/4  300/124/4  299/123/4
usemtl kenney_prototype_textures/purple/texture_13
f  299/228/53  302/229/53  303/184/53  304/183/53

o entity0_brush43
usemtl kenney_prototype_textures/purple/texture_13
f  305/228/133  306/183/133  307/184/133  308/229/133
usemtl kenney_prototype_textures/purple/texture_13
f  308/127/3  307/107/3  309/128/3
usemtl kenney_prototype_textures/purple/texture_13
f  309/230/12  307/186/12  306/189/12  310/231/12
usemtl kenney_prototype_textures/purple/texture_13
f  310/128/4  306/107/4  305/127/4
usemtl kenney_prototype_textures/purple/texture_13
f  305/232/134  308/233/134  309/230/134  310/231/134

o entity0_brush44
usemtl kenney_prototype_textures/purple/texture_13
f  311/234/135  312/235/135  313/200/135
usemtl kenney_prototype_textures/purple/texture_13
f  314/227/136  312/236/136  311/237/136  315/238/136  316/224/136
usemtl kenney_prototype_textures/purple/texture_13
f  317/105/3  313/5/3  312/138/3  314/140/3
usemtl kenney_prototype_textures/purple/texture_13
f  318/103/137  315/139/137  311/138/137  313/5/137  317/105/137
usemtl kenney_prototype_textures/purple/texture_13
f  316/140/4  315/139/4  318/103/4
usemtl kenney_prototype_textures/purple/texture_13
f  316/223/138  318/201/138  317/200/138  314/222/138

o entity0_brush45
usemtl kenney_prototype_textures/purple/texture_13
f  319/234/139  320/201/139  321/239/139  322/240/139  323/235/139
usemtl kenney_prototype_textures/purple/texture_13
f  323/138/3  322/143/3  324/144/3
usemtl kenney_prototype_textures/purple/texture_13
f  324/241/12  322/242/12  321/243/12  325/244/12
usemtl kenney_prototype_textures/purple/texture_13
f  325/144/4  321/143/4  320/8/4  326/139/4
usemtl kenney_prototype_textures/purple/texture_13
f  326/139/140  320/8/140  319/138/140
usemtl kenney_prototype_textures/purple/texture_13
f  324/241/141  325/244/141  326/238/141  319/237/141  323/236/141

o entity0_brush46
usemtl kenney_prototype_textures/purple/texture_13
f  327/245/142  328/195/142  329/246/142  330/247/142
usemtl kenney_prototype_textures/purple/texture_13
f  331/144/3  328/44/3  327/152/3
usemtl kenney_prototype_textures/purple/texture_13
f  332/244/18  329/246/18  328/195/18  331/241/18
usemtl kenney_prototype_textures/purple/texture_13
f  330/152/4  329/44/4  332/144/4
usemtl kenney_prototype_textures/purple/texture_13
f  332/244/143  331/241/143  327/245/143  330/247/143

o entity0_brush47
usemtl kenney_prototype_textures/purple/texture_13
f  333/111/65  334/231/65  335/230/65  336/112/65
usemtl kenney_prototype_textures/purple/texture_13
f  336/117/3  335/128/3  337/155/3
usemtl kenney_prototype_textures/purple/texture_13
f  337/197/12  335/230/12  334/231/12  338/248/12
usemtl kenney_prototype_textures/purple/texture_13
f  338/155/4  334/128/4  333/117/4
usemtl kenney_prototype_textures/purple/texture_13
f  333/111/144  336/112/144  337/197/144  338/248/144

o entity0_brush48
usemtl kenney_prototype_textures/purple/texture_13
f  339/249/145  340/246/145  341/195/145  342/250/145
usemtl kenney_prototype_textures/purple/texture_13
f  342/159/3  341/160/3  343/124/3
usemtl kenney_prototype_textures/purple/texture_13
f  343/226/12  341/195/12  340/246/12  344/225/12
usemtl kenney_prototype_textures/purple/texture_13
f  344/124/4  340/160/4  339/159/4
usemtl kenney_prototype_textures/purple/texture_13
f  339/249/146  342/250/146  343/226/146  344/225/146

o entity0_brush49
usemtl kenney_prototype_textures/purple/texture_13
f  345/251/147  346/240/147  347/239/147  348/252/147
usemtl kenney_prototype_textures/purple/texture_13
f  349/48/3  346/143/3  345/163/3
usemtl kenney_prototype_textures/purple/texture_13
f  350/248/18  347/243/18  346/242/18  349/197/18
usemtl kenney_prototype_textures/purple/texture_13
f  348/163/4  347/143/4  350/48/4
usemtl kenney_prototype_textures/purple/texture_13
f  350/248/148  349/197/148  345/253/148  348/254/148

o entity0_brush50
usemtl kenney_prototype_textures/purple/texture_13
f  351/255/149  352/251/149  353/252/149  354/256/149
usemtl kenney_prototype_textures/purple/texture_13
f  355/115/150  353/254/150  352/253/150  356/114/150
usemtl kenney_prototype_textures/purple/texture_13
f  356/170/3  352/163/3  351/171/3
usemtl kenney_prototype_textures/purple/texture_13
f  354/171/4  353/163/4  355/170/4
usemtl kenney_prototype_textures/purple/texture_13
f  355/115/151  356/114/151  351/113/151  354/110/151

o entity0_brush51
usemtl kenney_prototype_textures/purple/texture_13
f  357/257/152  358/258/152  359/259/152  360/260/152
usemtl kenney_prototype_textures/purple/texture_13
f  360/178/3  359/179/3  361/159/3
usemtl kenney_prototype_textures/purple/texture_13
f  362/159/4  358/179/4  357/178/4
usemtl kenney_prototype_textures/purple/texture_13
f  361/250/153  359/259/153  358/258/153  362/249/153
usemtl kenney_prototype_textures/purple/texture_13
f  357/257/154  360/260/154  361/250/154  362/249/154

o entity0_brush52
usemtl kenney_prototype_textures/purple/texture_13
f  363/260/155  364/259/155  365/258/155  366/257/155
usemtl kenney_prototype_textures/purple/texture_13
f  367/152/3  364/180/3  363/181/3
usemtl kenney_prototype_textures/purple/texture_13
f  366/181/4  365/180/4  368/152/4
usemtl kenney_prototype_textures/purple/texture_13
f  368/247/156  365/258/156  364/259/156  367/245/156
usemtl kenney_prototype_textures/purple/texture_13
f  366/257/157  368/247/157  367/245/157  363/260/157

o entity0_brush53
usemtl kenney_prototype_textures/purple/texture_13
f  369/261/33  370/262/33  371/263/33
usemtl kenney_prototype_textures/purple/texture_13
f  372/201/158  371/200/158  370/222/158  373/223/158
usemtl kenney_prototype_textures/purple/texture_13
f  373/223/159  370/222/159  369/200/159  374/201/159
usemtl kenney_prototype_textures/purple/texture_13
f  374/264/160  369/261/160  371/263/160  372/265/160
usemtl kenney_prototype_textures/purple/texture_13
f  373/262/30  374/264/30  372/265/30

o entity0_brush54
usemtl kenney_prototype_textures/purple/texture_13
f  375/53/161  376/19/161  377/266/161  378/267/161
usemtl kenney_prototype_textures/purple/texture_13
f  378/268/162  377/269/162  379/270/162
usemtl kenney_prototype_textures/purple/texture_13
f  379/270/18  377/269/18  376/271/18  380/272/18
usemtl kenney_prototype_textures/purple/texture_13
f  380/10/163  376/13/163  375/47/163
usemtl kenney_prototype_textures/purple/texture_13
f  375/47/30  378/273/30  379/274/30  380/10/30

o entity0_brush55
usemtl kenney_prototype_textures/purple/texture_13
f  381/275/164  382/276/164  383/18/164  384/41/164
usemtl kenney_prototype_textures/purple/texture_13
f  385/277/18  383/278/18  382/279/18  386/280/18
usemtl kenney_prototype_textures/purple/texture_13
f  386/280/165  382/279/165  381/281/165
usemtl kenney_prototype_textures/purple/texture_13
f  384/46/166  383/37/166  385/30/166
usemtl kenney_prototype_textures/purple/texture_13
f  386/282/30  381/283/30  384/46/30  385/30/30

o entity0_brush56
usemtl kenney_prototype_textures/purple/texture_13
f  387/284/33  388/285/33  389/67/33  390/11/33  391/16/33
usemtl kenney_prototype_textures/purple/texture_13
f  392/183/167  388/184/167  387/200/167  393/201/167
usemtl kenney_prototype_textures/purple/texture_13
f  394/286/12  389/272/12  388/287/12  392/288/12
usemtl kenney_prototype_textures/purple/texture_13
f  391/16/168  390/11/168  395/69/168
usemtl kenney_prototype_textures/purple/texture_13
f  395/69/169  390/11/169  389/67/169  394/68/169
usemtl kenney_prototype_textures/purple/texture_13
f  393/289/170  387/284/170  391/16/170  395/69/170
usemtl kenney_prototype_textures/purple/texture_13
f  393/289/30  395/69/30  394/68/30  392/285/30

o entity0_brush57
usemtl kenney_prototype_textures/purple/texture_13
f  396/29/33  397/28/33  398/66/33  399/290/33  400/291/33
usemtl kenney_prototype_textures/purple/texture_13
f  401/201/3  400/200/3  399/184/3  402/183/3
usemtl kenney_prototype_textures/purple/texture_13
f  402/292/12  399/293/12  398/277/12  403/294/12
usemtl kenney_prototype_textures/purple/texture_13
f  404/60/171  397/28/171  396/29/171
usemtl kenney_prototype_textures/purple/texture_13
f  403/62/172  398/66/172  397/28/172  404/60/172
usemtl kenney_prototype_textures/purple/texture_13
f  404/60/173  396/29/173  400/291/173  401/295/173
usemtl kenney_prototype_textures/purple/texture_13
f  403/62/30  404/60/30  401/295/30  402/290/30

o entity0_brush58
usemtl kenney_prototype_textures/purple/texture_13
f  405/296/33  406/297/33  407/284/33
usemtl kenney_prototype_textures/purple/texture_13
f  408/209/174  406/208/174  405/200/174  409/201/174
usemtl kenney_prototype_textures/purple/texture_13
f  410/201/175  407/200/175  406/208/175  408/209/175
usemtl kenney_prototype_textures/purple/texture_13
f  409/298/176  405/296/176  407/284/176  410/289/176
usemtl kenney_prototype_textures/purple/texture_13
f  409/298/30  410/289/30  408/297/30

o entity0_brush59
usemtl kenney_prototype_textures/purple/texture_13
f  411/299/33  412/290/33  413/300/33
usemtl kenney_prototype_textures/purple/texture_13
f  414/301/12  413/302/12  412/293/12  415/292/12
usemtl kenney_prototype_textures/purple/texture_13
f  415/183/4  412/184/4  411/211/4  416/210/4
usemtl kenney_prototype_textures/purple/texture_13
f  416/210/177  411/211/177  413/184/177  414/183/177
usemtl kenney_prototype_textures/purple/texture_13
f  415/290/30  416/299/30  414/300/30

o entity0_brush60
usemtl kenney_prototype_textures/purple/texture_13
f  417/291/33  418/303/33  419/304/33
usemtl kenney_prototype_textures/purple/texture_13
f  420/209/4  418/208/4  417/200/4  421/201/4
usemtl kenney_prototype_textures/purple/texture_13
f  422/201/178  419/200/178  418/208/178  420/209/178
usemtl kenney_prototype_textures/purple/texture_13
f  421/295/179  417/291/179  419/304/179  422/305/179
usemtl kenney_prototype_textures/purple/texture_13
f  421/295/30  422/305/30  420/303/30

o entity0_brush61
usemtl kenney_prototype_textures/purple/texture_13
f  423/285/33  424/306/33  425/307/33
usemtl kenney_prototype_textures/purple/texture_13
f  426/210/180  424/211/180  423/184/180  427/183/180
usemtl kenney_prototype_textures/purple/texture_13
f  428/183/181  425/184/181  424/211/181  426/210/181
usemtl kenney_prototype_textures/purple/texture_13
f  427/288/12  423/287/12  425/308/12  428/309/12
usemtl kenney_prototype_textures/purple/texture_13
f  428/307/30  426/306/30  427/285/30

o entity0_brush62
usemtl kenney_prototype_textures/purple/texture_13
f  429/310/33  430/307/33  431/311/33
usemtl kenney_prototype_textures/purple/texture_13
f  432/182/182  431/185/182  430/184/182  433/183/182
usemtl kenney_prototype_textures/purple/texture_13
f  433/309/12  430/308/12  429/312/12  434/313/12
usemtl kenney_prototype_textures/purple/texture_13
f  434/183/183  429/184/183  431/185/183  432/182/183
usemtl kenney_prototype_textures/purple/texture_13
f  433/307/30  434/310/30  432/311/30

o entity0_brush63
usemtl kenney_prototype_textures/purple/texture_13
f  435/304/33  436/314/33  437/261/33
usemtl kenney_prototype_textures/purple/texture_13
f  438/201/184  437/200/184  436/216/184  439/217/184
usemtl kenney_prototype_textures/purple/texture_13
f  439/217/185  436/216/185  435/200/185  440/201/185
usemtl kenney_prototype_textures/purple/texture_13
f  440/305/186  435/304/186  437/261/186  438/264/186
usemtl kenney_prototype_textures/purple/texture_13
f  439/314/30  440/305/30  438/264/30

o entity0_brush64
usemtl kenney_prototype_textures/purple/texture_13
f  441/315/33  442/316/33  443/296/33
usemtl kenney_prototype_textures/purple/texture_13
f  444/217/187  442/216/187  441/200/187  445/201/187
usemtl kenney_prototype_textures/purple/texture_13
f  446/201/188  443/200/188  442/216/188  444/217/188
usemtl kenney_prototype_textures/purple/texture_13
f  445/317/189  441/315/189  443/296/189  446/298/189
usemtl kenney_prototype_textures/purple/texture_13
f  445/317/30  446/298/30  444/316/30

o entity0_brush65
usemtl kenney_prototype_textures/purple/texture_13
f  447/300/33  448/318/33  449/319/33
usemtl kenney_prototype_textures/purple/texture_13
f  450/182/190  449/185/190  448/184/190  451/183/190
usemtl kenney_prototype_textures/purple/texture_13
f  451/320/12  448/321/12  447/302/12  452/301/12
usemtl kenney_prototype_textures/purple/texture_13
f  452/183/191  447/184/191  449/185/191  450/182/191
usemtl kenney_prototype_textures/purple/texture_13
f  451/318/30  452/300/30  450/319/30

o entity0_brush66
usemtl kenney_prototype_textures/purple/texture_13
f  453/18/192  454/19/192  455/20/192  456/21/192  457/22/192  458/23/192  459/24/192  460/25/192
usemtl kenney_prototype_textures/purple/texture_13
f  461/272/12  454/271/12  453/278/12  462/277/12
usemtl kenney_prototype_textures/purple/texture_13
f  463/14/193  457/17/193  456/15/193
usemtl kenney_prototype_textures/purple/texture_13
f  459/35/194  458/26/194  464/27/194
usemtl kenney_prototype_textures/purple/texture_13
f  464/27/195  458/26/195  457/17/195  463/14/195
usemtl kenney_prototype_textures/purple/texture_13
f  465/16/196  463/14/196  456/15/196  455/12/196  466/11/196
usemtl kenney_prototype_textures/purple/texture_13
f  467/28/197  460/36/197  459/35/197  464/27/197  468/29/197
usemtl kenney_prototype_textures/purple/texture_13
f  466/11/198  455/12/198  454/13/198  461/10/198
usemtl kenney_prototype_textures/purple/texture_13
f  462/30/199  453/37/199  460/36/199  467/28/199
usemtl kenney_prototype_textures/purple/texture_13
f  468/29/200  464/27/200  463/14/200  465/16/200
usemtl kenney_prototype_textures/purple/texture_13
f  466/11/30  461/10/30  462/30/30  467/28/30  468/29/30  465/16/30

o entity0_brush67
usemtl kenney_prototype_textures/purple/texture_13
f  469/310/33  470/322/33  471/323/33
usemtl kenney_prototype_textures/purple/texture_13
f  472/324/201  471/325/201  470/326/201  473/327/201
usemtl kenney_prototype_textures/purple/texture_13
f  473/228/202  470/229/202  469/184/202  474/183/202
usemtl kenney_prototype_textures/purple/texture_13
f  474/313/12  469/312/12  471/325/12  472/324/12
usemtl kenney_prototype_textures/purple/texture_13
f  473/322/30  474/310/30  472/323/30

o entity0_brush68
usemtl kenney_prototype_textures/purple/texture_13
f  475/318/33  476/328/33  477/329/33
usemtl kenney_prototype_textures/purple/texture_13
f  478/330/203  477/331/203  476/332/203  479/333/203
usemtl kenney_prototype_textures/purple/texture_13
f  479/333/12  476/332/12  475/321/12  480/320/12
usemtl kenney_prototype_textures/purple/texture_13
f  480/183/204  475/184/204  477/229/204  478/228/204
usemtl kenney_prototype_textures/purple/texture_13
f  479/328/30  480/318/30  478/329/30

o entity0_brush69
usemtl kenney_prototype_textures/purple/texture_13
f  481/263/33  482/334/33  483/335/33  484/315/33
usemtl kenney_prototype_textures/purple/texture_13
f  485/234/205  482/235/205  481/200/205
usemtl kenney_prototype_textures/purple/texture_13
f  486/327/206  483/326/206  482/336/206  485/337/206  487/338/206
usemtl kenney_prototype_textures/purple/texture_13
f  488/201/207  484/200/207  483/222/207  486/223/207
usemtl kenney_prototype_textures/purple/texture_13
f  487/339/208  485/334/208  481/263/208  484/315/208  488/317/208
usemtl kenney_prototype_textures/purple/texture_13
f  487/339/30  488/317/30  486/335/30

o entity0_brush70
usemtl kenney_prototype_textures/purple/texture_13
f  489/334/33  490/340/33  491/341/33
usemtl kenney_prototype_textures/purple/texture_13
f  492/342/12  491/343/12  490/344/12  493/345/12
usemtl kenney_prototype_textures/purple/texture_13
f  493/239/209  490/240/209  489/235/209  494/234/209  495/201/209
usemtl kenney_prototype_textures/purple/texture_13
f  496/338/210  494/337/210  489/336/210  491/343/210  492/342/210
usemtl kenney_prototype_textures/purple/texture_13
f  495/265/211  494/334/211  496/339/211
usemtl kenney_prototype_textures/purple/texture_13
f  496/339/30  492/341/30  493/340/30  495/265/30

o entity0_brush71
usemtl kenney_prototype_textures/purple/texture_13
f  497/346/33  498/341/33  499/274/33
usemtl kenney_prototype_textures/purple/texture_13
f  500/342/212  498/343/212  497/347/212  501/348/212
usemtl kenney_prototype_textures/purple/texture_13
f  502/349/18  499/270/18  498/343/18  500/342/18
usemtl kenney_prototype_textures/purple/texture_13
f  501/348/213  497/347/213  499/270/213  502/349/213
usemtl kenney_prototype_textures/purple/texture_13
f  502/274/30  500/341/30  501/346/30

o entity0_brush72
usemtl kenney_prototype_textures/purple/texture_13
f  503/328/33  504/350/33  505/351/33
usemtl kenney_prototype_textures/purple/texture_13
f  506/352/214  505/353/214  504/280/214  507/354/214
usemtl kenney_prototype_textures/purple/texture_13
f  507/354/12  504/280/12  503/332/12  508/333/12
usemtl kenney_prototype_textures/purple/texture_13
f  508/333/215  503/332/215  505/353/215  506/352/215
usemtl kenney_prototype_textures/purple/texture_13
f  507/350/30  508/328/30  506/351/30

o entity0_brush73
usemtl kenney_prototype_textures/purple/texture_13
f  509/282/33  510/340/33  511/355/33
usemtl kenney_prototype_textures/purple/texture_13
f  512/252/216  511/251/216  510/240/216  513/239/216
usemtl kenney_prototype_textures/purple/texture_13
f  513/345/18  510/344/18  509/280/18  514/354/18
usemtl kenney_prototype_textures/purple/texture_13
f  514/354/217  509/280/217  511/356/217  512/357/217
usemtl kenney_prototype_textures/purple/texture_13
f  513/340/30  514/282/30  512/355/30

o entity0_brush74
usemtl kenney_prototype_textures/purple/texture_13
f  515/323/33  516/358/33  517/359/33
usemtl kenney_prototype_textures/purple/texture_13
f  518/360/218  516/361/218  515/325/218  519/324/218
usemtl kenney_prototype_textures/purple/texture_13
f  520/349/219  517/270/219  516/361/219  518/360/219
usemtl kenney_prototype_textures/purple/texture_13
f  519/324/12  515/325/12  517/270/12  520/349/12
usemtl kenney_prototype_textures/purple/texture_13
f  520/359/30  518/358/30  519/323/30

o entity0_brush75
usemtl kenney_prototype_textures/purple/texture_13
f  521/362/33  522/363/33  523/355/33
usemtl kenney_prototype_textures/purple/texture_13
f  524/364/220  522/365/220  521/366/220  525/367/220
usemtl kenney_prototype_textures/purple/texture_13
f  526/357/221  523/356/221  522/365/221  524/364/221
usemtl kenney_prototype_textures/purple/texture_13
f  525/256/222  521/255/222  523/251/222  526/252/222
usemtl kenney_prototype_textures/purple/texture_13
f  524/363/30  525/362/30  526/355/30

o entity0_brush76
usemtl kenney_prototype_textures/purple/texture_13
f  527/358/33  528/368/33  529/369/33
usemtl kenney_prototype_textures/purple/texture_13
f  530/370/223  528/371/223  527/361/223  531/360/223
usemtl kenney_prototype_textures/purple/texture_13
f  532/372/224  529/373/224  528/371/224  530/370/224
usemtl kenney_prototype_textures/purple/texture_13
f  531/360/225  527/361/225  529/373/225  532/372/225
usemtl kenney_prototype_textures/purple/texture_13
f  532/369/30  530/368/30  531/358/30

o entity0_brush77
usemtl kenney_prototype_textures/purple/texture_13
f  533/374/33  534/346/33  535/375/33
usemtl kenney_prototype_textures/purple/texture_13
f  536/348/226  534/347/226  533/371/226  537/370/226
usemtl kenney_prototype_textures/purple/texture_13
f  538/372/227  535/373/227  534/347/227  536/348/227
usemtl kenney_prototype_textures/purple/texture_13
f  537/370/228  533/371/228  535/373/228  538/372/228
usemtl kenney_prototype_textures/purple/texture_13
f  538/375/30  536/346/30  537/374/30

o entity0_brush78
usemtl kenney_prototype_textures/purple/texture_13
f  539/351/33  540/376/33  541/377/33
usemtl kenney_prototype_textures/purple/texture_13
f  542/367/229  541/366/229  540/365/229  543/364/229
usemtl kenney_prototype_textures/purple/texture_13
f  543/364/230  540/365/230  539/353/230  544/352/230
usemtl kenney_prototype_textures/purple/texture_13
f  544/352/231  539/353/231  541/366/231  542/367/231
usemtl kenney_prototype_textures/purple/texture_13
f  543/376/30  544/351/30  542/377/30

o entity0_brush79
usemtl kenney_prototype_textures/purple/texture_13
f  545/262/33  546/265/33  547/264/33
usemtl kenney_prototype_textures/purple/texture_13
f  548/261/232  547/264/232  546/265/232  549/263/232
usemtl kenney_prototype_textures/purple/texture_13
f  549/3/233  546/2/233  545/1/233  550/4/233
usemtl kenney_prototype_textures/purple/texture_13
f  550/4/234  545/1/234  547/2/234  548/3/234
usemtl kenney_prototype_textures/purple/texture_13
f  549/263/30  550/262/30  548/261/30

o entity0_brush80
usemtl kenney_prototype_textures/purple/texture_13
f  551/47/33  552/10/33  553/274/33  554/273/33
usemtl kenney_prototype_textures/purple/texture_13
f  555/13/235  552/10/235  551/47/235
usemtl kenney_prototype_textures/purple/texture_13
f  556/378/18  553/379/18  552/219/18  555/218/18
usemtl kenney_prototype_textures/purple/texture_13
f  554/380/236  553/379/236  556/378/236
usemtl kenney_prototype_textures/purple/texture_13
f  555/19/237  551/53/237  554/267/237  556/266/237

o entity0_brush81
usemtl kenney_prototype_textures/purple/texture_13
f  557/283/33  558/282/33  559/30/33  560/46/33
usemtl kenney_prototype_textures/purple/texture_13
f  560/46/238  559/30/238  561/37/238
usemtl kenney_prototype_textures/purple/texture_13
f  561/221/18  559/220/18  558/381/18  562/382/18
usemtl kenney_prototype_textures/purple/texture_13
f  562/382/239  558/381/239  557/383/239
usemtl kenney_prototype_textures/purple/texture_13
f  557/275/240  560/41/240  561/18/240  562/276/240

o entity0_brush82
usemtl kenney_prototype_textures/purple/texture_13
f  563/285/33  564/68/33  565/69/33  566/289/33
usemtl kenney_prototype_textures/purple/texture_13
f  567/284/241  566/289/241  565/69/241  568/16/241
usemtl kenney_prototype_textures/purple/texture_13
f  569/11/242  565/69/242  564/68/242  570/67/242
usemtl kenney_prototype_textures/purple/texture_13
f  568/16/243  565/69/243  569/11/243
usemtl kenney_prototype_textures/purple/texture_13
f  570/219/12  564/384/12  563/385/12  571/386/12
usemtl kenney_prototype_textures/purple/texture_13
f  571/56/244  563/57/244  566/2/244  567/3/244
usemtl kenney_prototype_textures/purple/texture_13
f  567/284/30  568/16/30  569/11/30  570/67/30  571/285/30

o entity0_brush83
usemtl kenney_prototype_textures/purple/texture_13
f  572/290/33  573/295/33  574/60/33  575/62/33
usemtl kenney_prototype_textures/purple/texture_13
f  576/29/245  574/60/245  573/295/245  577/291/245
usemtl kenney_prototype_textures/purple/texture_13
f  578/66/246  575/62/246  574/60/246  579/28/246
usemtl kenney_prototype_textures/purple/texture_13
f  579/28/247  574/60/247  576/29/247
usemtl kenney_prototype_textures/purple/texture_13
f  577/3/3  573/2/3  572/57/3  580/56/3
usemtl kenney_prototype_textures/purple/texture_13
f  580/387/12  572/388/12  575/389/12  578/220/12
usemtl kenney_prototype_textures/purple/texture_13
f  579/28/30  576/29/30  577/291/30  580/290/30  578/66/30

o entity0_brush84
usemtl kenney_prototype_textures/purple/texture_13
f  581/289/33  582/298/33  583/297/33
usemtl kenney_prototype_textures/purple/texture_13
f  584/296/248  582/298/248  581/289/248  585/284/248
usemtl kenney_prototype_textures/purple/texture_13
f  586/77/249  583/76/249  582/2/249  584/3/249
usemtl kenney_prototype_textures/purple/texture_13
f  585/3/250  581/2/250  583/76/250  586/77/250
usemtl kenney_prototype_textures/purple/texture_13
f  586/297/30  584/296/30  585/284/30

o entity0_brush85
usemtl kenney_prototype_textures/purple/texture_13
f  587/290/33  588/300/33  589/299/33
usemtl kenney_prototype_textures/purple/texture_13
f  590/81/251  589/82/251  588/57/251  591/56/251
usemtl kenney_prototype_textures/purple/texture_13
f  591/390/12  588/391/12  587/388/12  592/387/12
usemtl kenney_prototype_textures/purple/texture_13
f  592/56/4  587/57/4  589/82/4  590/81/4
usemtl kenney_prototype_textures/purple/texture_13
f  591/300/30  592/290/30  590/299/30

o entity0_brush86
usemtl kenney_prototype_textures/purple/texture_13
f  593/303/33  594/305/33  595/295/33
usemtl kenney_prototype_textures/purple/texture_13
f  596/291/245  595/295/245  594/305/245  597/304/245
usemtl kenney_prototype_textures/purple/texture_13
f  597/3/252  594/2/252  593/76/252  598/77/252
usemtl kenney_prototype_textures/purple/texture_13
f  598/77/4  593/76/4  595/2/4  596/3/4
usemtl kenney_prototype_textures/purple/texture_13
f  597/304/30  598/303/30  596/291/30

o entity0_brush87
usemtl kenney_prototype_textures/purple/texture_13
f  599/307/33  600/285/33  601/306/33
usemtl kenney_prototype_textures/purple/texture_13
f  602/81/253  601/82/253  600/57/253  603/56/253
usemtl kenney_prototype_textures/purple/texture_13
f  603/386/12  600/385/12  599/392/12  604/393/12
usemtl kenney_prototype_textures/purple/texture_13
f  604/56/254  599/57/254  601/82/254  602/81/254
usemtl kenney_prototype_textures/purple/texture_13
f  603/285/30  604/307/30  602/306/30

o entity0_brush88
usemtl kenney_prototype_textures/purple/texture_13
f  605/310/33  606/307/33  607/311/33
usemtl kenney_prototype_textures/purple/texture_13
f  608/94/255  607/95/255  606/57/255  609/56/255
usemtl kenney_prototype_textures/purple/texture_13
f  609/393/12  606/392/12  605/394/12  610/395/12
usemtl kenney_prototype_textures/purple/texture_13
f  610/56/256  605/57/256  607/95/256  608/94/256
usemtl kenney_prototype_textures/purple/texture_13
f  609/307/30  610/310/30  608/311/30

o entity0_brush89
usemtl kenney_prototype_textures/purple/texture_13
f  611/314/33  612/264/33  613/305/33
usemtl kenney_prototype_textures/purple/texture_13
f  614/304/245  613/305/245  612/264/245  615/261/245
usemtl kenney_prototype_textures/purple/texture_13
f  615/3/257  612/2/257  611/100/257  616/101/257
usemtl kenney_prototype_textures/purple/texture_13
f  616/101/258  611/100/258  613/2/258  614/3/258
usemtl kenney_prototype_textures/purple/texture_13
f  615/261/30  616/314/30  614/304/30

o entity0_brush90
usemtl kenney_prototype_textures/purple/texture_13
f  617/298/33  618/317/33  619/316/33
usemtl kenney_prototype_textures/purple/texture_13
f  620/315/248  618/317/248  617/298/248  621/296/248
usemtl kenney_prototype_textures/purple/texture_13
f  622/101/259  619/100/259  618/2/259  620/3/259
usemtl kenney_prototype_textures/purple/texture_13
f  621/3/260  617/2/260  619/100/260  622/101/260
usemtl kenney_prototype_textures/purple/texture_13
f  622/316/30  620/315/30  621/296/30

o entity0_brush91
usemtl kenney_prototype_textures/purple/texture_13
f  623/300/33  624/318/33  625/319/33
usemtl kenney_prototype_textures/purple/texture_13
f  626/94/261  625/95/261  624/57/261  627/56/261
usemtl kenney_prototype_textures/purple/texture_13
f  627/396/12  624/397/12  623/391/12  628/390/12
usemtl kenney_prototype_textures/purple/texture_13
f  628/56/191  623/57/191  625/95/191  626/94/191
usemtl kenney_prototype_textures/purple/texture_13
f  627/318/30  628/300/30  626/319/30

o entity0_brush92
usemtl kenney_prototype_textures/light/texture_07
f  629/398/33  630/399/33  631/400/33  632/401/33
usemtl kenney_prototype_textures/light/texture_07
f  632/401/262  631/400/262  633/402/262  634/403/262
usemtl kenney_prototype_textures/light/texture_07
f  635/404/263  636/405/263  630/399/263  629/398/263
usemtl kenney_prototype_textures/light/texture_07
f  637/406/264  638/407/264  636/405/264  635/404/264
usemtl kenney_prototype_textures/light/texture_07
f  634/403/265  633/402/265  639/408/265  640/409/265
usemtl kenney_prototype_textures/light/texture_07
f  641/410/266  642/411/266  638/407/266  637/406/266
usemtl kenney_prototype_textures/light/texture_07
f  640/409/267  639/408/267  643/412/267  644/413/267
usemtl kenney_prototype_textures/light/texture_07
f  644/413/268  643/412/268  645/414/268  646/415/268
usemtl kenney_prototype_textures/light/texture_07
f  647/416/269  648/417/269  642/411/269  641/410/269
usemtl kenney_prototype_textures/light/texture_07
f  649/418/270  650/419/270  648/420/270  647/421/270
usemtl kenney_prototype_textures/light/texture_07
f  646/421/271  645/420/271  651/419/271  652/418/271
usemtl kenney_prototype_textures/light/texture_07
f  653/422/272  654/423/272  650/419/272  649/418/272
usemtl kenney_prototype_textures/light/texture_07
f  652/418/273  651/419/273  655/423/273  656/422/273
usemtl kenney_prototype_textures/light/texture_07
f  656/422/274  655/423/274  657/400/274  658/401/274
usemtl kenney_prototype_textures/light/texture_07
f  659/400/275  654/423/275  653/422/275  660/401/275
usemtl kenney_prototype_textures/light/texture_07
f  661/424/3  658/401/3  657/400/3  662/425/3
usemtl kenney_prototype_textures/light/texture_07
f  663/426/12  664/427/12  665/428/12  666/429/12  667/430/12  668/431/12  669/432/12  662/433/12  657/434/12  655/435/12  651/436/12  645/437/12  643/438/12  639/439/12  633/440/12  631/441/12  630/442/12  636/443/12  638/444/12  642/445/12  648/446/12  650/447/12  654/448/12  659/449/12  670/450/12  671/451/12  672/452/12  673/453/12  674/454/12  675/455/12  676/456/12  677/457/12
usemtl kenney_prototype_textures/light/texture_07
f  678/457/18  679/456/18  680/455/18  681/454/18  682/453/18  683/452/18  684/451/18  685/450/18  660/449/18  653/448/18  649/447/18  647/446/18  641/445/18  637/444/18  635/443/18  629/442/18  632/441/18  634/440/18  640/439/18  644/438/18  646/437/18  652/436/18  656/435/18  658/434/18  661/433/18  686/432/18  687/431/18  688/430/18  689/429/18  690/428/18  691/427/18  692/426/18
usemtl kenney_prototype_textures/light/texture_07
f  670/425/4  659/400/4  660/401/4  685/424/4
usemtl kenney_prototype_textures/light/texture_07
f  671/405/276  670/425/276  685/424/276  684/404/276
usemtl kenney_prototype_textures/light/texture_07
f  686/404/277  661/424/277  662/425/277  669/405/277
usemtl kenney_prototype_textures/light/texture_07
f  687/406/278  686/404/278  669/405/278  668/407/278
usemtl kenney_prototype_textures/light/texture_07
f  672/407/279  671/405/279  684/404/279  683/406/279
usemtl kenney_prototype_textures/light/texture_07
f  688/458/280  687/406/280  668/407/280  667/459/280
usemtl kenney_prototype_textures/light/texture_07
f  673/459/281  672/407/281  683/406/281  682/458/281
usemtl kenney_prototype_textures/light/texture_07
f  674/411/282  673/417/282  682/416/282  681/410/282
usemtl kenney_prototype_textures/light/texture_07
f  689/413/283  688/415/283  667/414/283  666/412/283
usemtl kenney_prototype_textures/light/texture_07
f  690/409/284  689/413/284  666/412/284  665/408/284
usemtl kenney_prototype_textures/light/texture_07
f  675/407/285  674/411/285  681/410/285  680/406/285
usemtl kenney_prototype_textures/light/texture_07
f  691/403/286  690/409/286  665/408/286  664/402/286
usemtl kenney_prototype_textures/light/texture_07
f  676/405/287  675/407/287  680/406/287  679/404/287
usemtl kenney_prototype_textures/light/texture_07
f  677/399/288  676/405/288  679/404/288  678/398/288
usemtl kenney_prototype_textures/light/texture_07
f  692/401/289  691/403/289  664/402/289  663/400/289
usemtl kenney_prototype_textures/light/texture_07
f  677/399/30  678/398/30  692/401/30  663/400/30

o entity0_brush93
usemtl kenney_prototype_textures/purple/texture_13
f  693/310/33  694/322/33  695/323/33
usemtl kenney_prototype_textures/purple/texture_13
f  696/460/290  695/461/290  694/462/290  697/463/290
usemtl kenney_prototype_textures/purple/texture_13
f  697/125/291  694/126/291  693/57/291  698/56/291
usemtl kenney_prototype_textures/purple/texture_13
f  698/395/12  693/394/12  695/461/12  696/460/12
usemtl kenney_prototype_textures/purple/texture_13
f  697/322/30  698/310/30  696/323/30

o entity0_brush94
usemtl kenney_prototype_textures/purple/texture_13
f  699/318/33  700/328/33  701/329/33
usemtl kenney_prototype_textures/purple/texture_13
f  702/464/292  701/465/292  700/466/292  703/467/292
usemtl kenney_prototype_textures/purple/texture_13
f  703/467/12  700/466/12  699/397/12  704/396/12
usemtl kenney_prototype_textures/purple/texture_13
f  704/56/293  699/57/293  701/126/293  702/125/293
usemtl kenney_prototype_textures/purple/texture_13
f  703/328/30  704/318/30  702/329/30

o entity0_brush95
usemtl kenney_prototype_textures/purple/texture_13
f  705/335/33  706/317/33  707/339/33
usemtl kenney_prototype_textures/purple/texture_13
f  708/263/294  709/334/294  707/339/294  706/317/294  710/315/294
usemtl kenney_prototype_textures/purple/texture_13
f  710/3/295  706/2/295  705/1/295  711/4/295
usemtl kenney_prototype_textures/purple/texture_13
f  712/133/296  709/134/296  708/3/296
usemtl kenney_prototype_textures/purple/texture_13
f  711/463/297  705/462/297  707/468/297  709/469/297  712/470/297
usemtl kenney_prototype_textures/purple/texture_13
f  711/335/30  712/334/30  708/263/30  710/315/30

o entity0_brush96
usemtl kenney_prototype_textures/purple/texture_13
f  713/341/33  714/339/33  715/265/33  716/340/33
usemtl kenney_prototype_textures/purple/texture_13
f  717/334/298  715/265/298  714/339/298
usemtl kenney_prototype_textures/purple/texture_13
f  718/141/299  716/142/299  715/2/299  717/134/299  719/133/299
usemtl kenney_prototype_textures/purple/texture_13
f  719/470/300  717/469/300  714/468/300  713/471/300  720/472/300
usemtl kenney_prototype_textures/purple/texture_13
f  720/472/12  713/471/12  716/473/12  718/474/12
usemtl kenney_prototype_textures/purple/texture_13
f  718/340/30  719/334/30  720/341/30

o entity0_brush97
usemtl kenney_prototype_textures/purple/texture_13
f  721/341/33  722/274/33  723/346/33
usemtl kenney_prototype_textures/purple/texture_13
f  724/475/301  723/476/301  722/477/301  725/379/301
usemtl kenney_prototype_textures/purple/texture_13
f  725/379/18  722/477/18  721/471/18  726/472/18
usemtl kenney_prototype_textures/purple/texture_13
f  726/472/302  721/471/302  723/476/302  724/475/302
usemtl kenney_prototype_textures/purple/texture_13
f  725/274/30  726/341/30  724/346/30

o entity0_brush98
usemtl kenney_prototype_textures/purple/texture_13
f  727/328/33  728/350/33  729/351/33
usemtl kenney_prototype_textures/purple/texture_13
f  730/478/303  729/479/303  728/480/303  731/381/303
usemtl kenney_prototype_textures/purple/texture_13
f  731/381/12  728/480/12  727/466/12  732/467/12
usemtl kenney_prototype_textures/purple/texture_13
f  732/467/304  727/466/304  729/479/304  730/478/304
usemtl kenney_prototype_textures/purple/texture_13
f  731/350/30  732/328/30  730/351/30

o entity0_brush99
usemtl kenney_prototype_textures/purple/texture_13
f  733/355/33  734/282/33  735/340/33
usemtl kenney_prototype_textures/purple/texture_13
f  736/474/18  735/473/18  734/480/18  737/381/18
usemtl kenney_prototype_textures/purple/texture_13
f  737/381/305  734/480/305  733/481/305  738/482/305
usemtl kenney_prototype_textures/purple/texture_13
f  738/162/306  733/161/306  735/142/306  736/141/306
usemtl kenney_prototype_textures/purple/texture_13
f  737/282/30  738/355/30  736/340/30

o entity0_brush100
usemtl kenney_prototype_textures/purple/texture_13
f  739/359/33  740/323/33  741/358/33
usemtl kenney_prototype_textures/purple/texture_13
f  742/483/307  741/484/307  740/461/307  743/460/307
usemtl kenney_prototype_textures/purple/texture_13
f  743/460/12  740/461/12  739/477/12  744/379/12
usemtl kenney_prototype_textures/purple/texture_13
f  744/379/308  739/477/308  741/484/308  742/483/308
usemtl kenney_prototype_textures/purple/texture_13
f  743/323/30  744/359/30  742/358/30

o entity0_brush101
usemtl kenney_prototype_textures/purple/texture_13
f  745/363/33  746/355/33  747/362/33
usemtl kenney_prototype_textures/purple/texture_13
f  748/482/309  746/481/309  745/485/309  749/486/309
usemtl kenney_prototype_textures/purple/texture_13
f  750/167/310  747/166/310  746/161/310  748/162/310
usemtl kenney_prototype_textures/purple/texture_13
f  749/486/311  745/485/311  747/487/311  750/488/311
usemtl kenney_prototype_textures/purple/texture_13
f  750/362/30  748/355/30  749/363/30

o entity0_brush102
usemtl kenney_prototype_textures/purple/texture_13
f  751/358/33  752/368/33  753/369/33
usemtl kenney_prototype_textures/purple/texture_13
f  754/489/312  753/490/312  752/491/312  755/492/312
usemtl kenney_prototype_textures/purple/texture_13
f  755/492/307  752/491/307  751/484/307  756/483/307
usemtl kenney_prototype_textures/purple/texture_13
f  756/483/313  751/484/313  753/490/313  754/489/313
usemtl kenney_prototype_textures/purple/texture_13
f  755/368/30  756/358/30  754/369/30

o entity0_brush103
usemtl kenney_prototype_textures/purple/texture_13
f  757/346/33  758/375/33  759/374/33
usemtl kenney_prototype_textures/purple/texture_13
f  760/492/314  759/491/314  758/490/314  761/489/314
usemtl kenney_prototype_textures/purple/texture_13
f  761/489/315  758/490/315  757/476/315  762/475/315
usemtl kenney_prototype_textures/purple/texture_13
f  762/475/316  757/476/316  759/491/316  760/492/316
usemtl kenney_prototype_textures/purple/texture_13
f  761/375/30  762/346/30  760/374/30

o entity0_brush104
usemtl kenney_prototype_textures/purple/texture_13
f  763/351/33  764/376/33  765/377/33
usemtl kenney_prototype_textures/purple/texture_13
f  766/488/317  765/487/317  764/485/317  767/486/317
usemtl kenney_prototype_textures/purple/texture_13
f  767/486/318  764/485/318  763/479/318  768/478/318
usemtl kenney_prototype_textures/purple/texture_13
f  768/478/215  763/479/215  765/487/215  766/488/215
usemtl kenney_prototype_textures/purple/texture_13
f  767/376/30  768/351/30  766/377/30

o entity0_brush105
usemtl kenney_prototype_textures/purple/texture_13
f  769/493/319  770/494/319  771/495/319  772/496/319
usemtl kenney_prototype_textures/purple/texture_13
f  773/497/320  774/498/320  770/499/320  769/500/320
usemtl kenney_prototype_textures/purple/texture_13
f  772/501/321  771/502/321  775/503/321  776/504/321
usemtl kenney_prototype_textures/purple/texture_13
f  775/505/322  771/506/322  770/507/322  774/508/322  777/509/322
usemtl kenney_prototype_textures/purple/texture_13
f  778/510/323  777/511/323  774/512/323  773/513/323
usemtl kenney_prototype_textures/purple/texture_13
f  776/514/324  775/515/324  777/516/324  778/517/324
usemtl kenney_prototype_textures/purple/texture_13
f  778/518/325  773/519/325  769/520/325  772/521/325  776/522/325

o entity0_brush106
usemtl kenney_prototype_textures/purple/texture_13
f  779/523/326  780/524/326  781/525/326  782/526/326  783/527/326  784/528/326
usemtl kenney_prototype_textures/purple/texture_13
f  783/529/327  782/530/327  785/531/327
usemtl kenney_prototype_textures/purple/texture_13
f  786/532/328  785/531/328  782/530/328  781/533/328  787/534/328
usemtl kenney_prototype_textures/purple/texture_13
f  787/535/329  781/536/329  780/537/329
usemtl kenney_prototype_textures/purple/texture_13
f  784/538/330  783/529/330  785/531/330  788/539/330
usemtl kenney_prototype_textures/purple/texture_13
f  788/539/331  785/531/331  786/532/331  789/540/331
usemtl kenney_prototype_textures/purple/texture_13
f  789/541/332  786/542/332  787/543/332  780/544/332  779/545/332
usemtl kenney_prototype_textures/purple/texture_13
f  784/546/333  788/547/333  789/548/333  779/549/333

o entity0_brush107
usemtl kenney_prototype_textures/purple/texture_13
f  790/550/334  791/551/334  792/552/334  793/553/334  794/554/334  795/555/334
usemtl kenney_prototype_textures/purple/texture_13
f  796/556/335  792/557/335  791/558/335
usemtl kenney_prototype_textures/purple/texture_13
f  797/559/336  793/560/336  792/557/336  796/556/336  798/561/336
usemtl kenney_prototype_textures/purple/texture_13
f  794/537/337  793/536/337  797/535/337
usemtl kenney_prototype_textures/purple/texture_13
f  799/562/338  796/556/338  791/558/338  790/563/338
usemtl kenney_prototype_textures/purple/texture_13
f  800/564/339  798/561/339  796/556/339  799/562/339
usemtl kenney_prototype_textures/purple/texture_13
f  795/565/340  794/566/340  797/567/340  798/568/340  800/569/340
usemtl kenney_prototype_textures/purple/texture_13
f  800/570/341  799/571/341  790/572/341  795/573/341

o entity0_brush108
usemtl kenney_prototype_textures/purple/texture_13
f  801/574/342  802/575/342  803/576/342  804/577/342
usemtl kenney_prototype_textures/purple/texture_13
f  805/494/343  806/578/343  807/579/343  802/580/343  801/581/343
usemtl kenney_prototype_textures/purple/texture_13
f  808/582/344  803/583/344  802/584/344  807/585/344
usemtl kenney_prototype_textures/purple/texture_13
f  804/586/345  803/583/345  808/582/345  809/587/345
usemtl kenney_prototype_textures/purple/texture_13
f  810/508/346  806/588/346  805/507/346
usemtl kenney_prototype_textures/purple/texture_13
f  811/589/347  808/582/347  807/585/347  806/590/347  810/591/347
usemtl kenney_prototype_textures/purple/texture_13
f  809/587/348  808/582/348  811/589/348
usemtl kenney_prototype_textures/purple/texture_13
f  804/592/349  809/593/349  811/594/349  810/595/349  805/596/349  801/597/349

o entity0_brush109
usemtl kenney_prototype_textures/purple/texture_13
f  812/598/350  813/599/350  814/600/350  815/601/350  816/602/350
usemtl kenney_prototype_textures/purple/texture_13
f  815/603/351  814/23/351  817/24/351  818/604/351
usemtl kenney_prototype_textures/purple/texture_13
f  819/605/352  817/35/352  814/26/352  813/606/352
usemtl kenney_prototype_textures/purple/texture_13
f  820/607/353  818/608/353  817/35/353  819/605/353  821/609/353
usemtl kenney_prototype_textures/purple/texture_13
f  816/610/354  815/611/354  818/612/354  820/613/354
usemtl kenney_prototype_textures/purple/texture_13
f  821/614/355  819/615/355  813/616/355  812/617/355
usemtl kenney_prototype_textures/purple/texture_13
f  816/618/356  820/619/356  821/620/356  812/621/356

o entity0_brush110
usemtl kenney_prototype_textures/purple/texture_13
f  822/602/357  823/601/357  824/600/357  825/599/357  826/598/357
usemtl kenney_prototype_textures/purple/texture_13
f  827/604/358  828/24/358  824/23/358  823/603/358
usemtl kenney_prototype_textures/purple/texture_13
f  825/606/359  824/26/359  828/35/359  829/605/359
usemtl kenney_prototype_textures/purple/texture_13
f  830/609/360  829/605/360  828/35/360  827/608/360  831/607/360
usemtl kenney_prototype_textures/purple/texture_13
f  831/613/361  827/612/361  823/611/361  822/610/361
usemtl kenney_prototype_textures/purple/texture_13
f  826/622/362  825/623/362  829/624/362  830/625/362
usemtl kenney_prototype_textures/purple/texture_13
f  830/626/363  831/627/363  822/628/363  826/629/363

o entity0_brush111
usemtl kenney_prototype_textures/purple/texture_13
f  832/630/364  833/631/364  834/632/364  835/633/364
usemtl kenney_prototype_textures/purple/texture_13
f  835/634/365  834/635/365  836/636/365  837/637/365
usemtl kenney_prototype_textures/purple/texture_13
f  838/638/366  839/639/366  833/640/366  832/641/366
usemtl kenney_prototype_textures/purple/texture_13
f  840/15/367  836/642/367  834/643/367  833/644/367  839/645/367
usemtl kenney_prototype_textures/purple/texture_13
f  837/506/368  836/642/368  840/15/368  841/17/368
usemtl kenney_prototype_textures/purple/texture_13
f  841/22/369  840/21/369  839/646/369  838/647/369
usemtl kenney_prototype_textures/purple/texture_13
f  835/501/370  837/502/370  841/648/370  838/649/370  832/650/370

o entity0_brush112
usemtl kenney_prototype_textures/purple/texture_13
f  842/633/371  843/632/371  844/631/371  845/630/371
usemtl kenney_prototype_textures/purple/texture_13
f  846/495/372  847/651/372  843/652/372  842/496/372
usemtl kenney_prototype_textures/purple/texture_13
f  845/641/373  844/640/373  848/639/373  849/638/373
usemtl kenney_prototype_textures/purple/texture_13
f  848/645/374  844/644/374  843/643/374  847/642/374  850/15/374
usemtl kenney_prototype_textures/purple/texture_13
f  851/17/375  850/15/375  847/642/375  846/506/375
usemtl kenney_prototype_textures/purple/texture_13
f  849/647/376  848/646/376  850/21/376  851/22/376
usemtl kenney_prototype_textures/purple/texture_13
f  851/648/377  846/502/377  842/501/377  845/650/377  849/649/377

o entity0_brush113
usemtl kenney_prototype_textures/purple/texture_13
f  852/504/378  853/648/378  854/503/378
usemtl kenney_prototype_textures/purple/texture_13
f  854/505/379  853/17/379  855/653/379  856/509/379
usemtl kenney_prototype_textures/purple/texture_13
f  856/654/380  855/655/380  857/656/380
usemtl kenney_prototype_textures/purple/texture_13
f  858/23/381  853/22/381  852/657/381  859/658/381
usemtl kenney_prototype_textures/purple/texture_13
f  860/659/382  855/653/382  853/17/382  858/26/382
usemtl kenney_prototype_textures/purple/texture_13
f  861/660/383  857/661/383  855/653/383  860/659/383
usemtl kenney_prototype_textures/purple/texture_13
f  859/662/384  852/514/384  854/515/384  856/516/384  857/517/384  861/663/384  862/664/384  863/665/384
usemtl kenney_prototype_textures/purple/texture_13
f  862/666/385  861/667/385  860/668/385
usemtl kenney_prototype_textures/purple/texture_13
f  863/669/386  862/670/386  860/659/386  858/26/386
usemtl kenney_prototype_textures/purple/texture_13
f  859/671/387  863/672/387  858/600/387

o entity0_brush114
usemtl kenney_prototype_textures/purple/texture_13
f  864/504/388  865/503/388  866/648/388
usemtl kenney_prototype_textures/purple/texture_13
f  866/17/389  865/505/389  867/509/389  868/653/389
usemtl kenney_prototype_textures/purple/texture_13
f  868/673/390  867/511/390  869/510/390
usemtl kenney_prototype_textures/purple/texture_13
f  870/665/391  871/664/391  872/663/391  869/517/391  867/516/391  865/515/391  864/514/391  873/662/391
usemtl kenney_prototype_textures/purple/texture_13
f  874/659/392  868/653/392  869/661/392  872/660/392
usemtl kenney_prototype_textures/purple/texture_13
f  875/26/393  866/17/393  868/653/393  874/659/393
usemtl kenney_prototype_textures/purple/texture_13
f  873/658/394  864/657/394  866/22/394  875/23/394
usemtl kenney_prototype_textures/purple/texture_13
f  874/674/395  872/675/395  871/676/395
usemtl kenney_prototype_textures/purple/texture_13
f  875/26/396  874/659/396  871/670/396  870/669/396
usemtl kenney_prototype_textures/purple/texture_13
f  873/671/397  875/600/397  870/672/397

o entity0_brush115
usemtl kenney_prototype_textures/purple/texture_13
f  876/496/398  877/495/398  878/494/398  879/493/398
usemtl kenney_prototype_textures/purple/texture_13
f  879/677/399  878/596/399  880/595/399  881/678/399
usemtl kenney_prototype_textures/purple/texture_13
f  882/504/400  883/503/400  877/502/400  876/501/400
usemtl kenney_prototype_textures/purple/texture_13
f  884/509/401  880/508/401  878/507/401  877/506/401  883/505/401
usemtl kenney_prototype_textures/purple/texture_13
f  881/679/402  880/591/402  884/654/402  885/656/402
usemtl kenney_prototype_textures/purple/texture_13
f  885/517/403  884/516/403  883/515/403  882/514/403
usemtl kenney_prototype_textures/purple/texture_13
f  879/520/404  881/519/404  885/518/404  882/522/404  876/521/404

o entity0_brush116
usemtl kenney_prototype_textures/purple/texture_13
f  886/680/405  887/681/405  888/682/405  889/683/405  890/684/405
usemtl kenney_prototype_textures/purple/texture_13
f  891/665/406  892/664/406  888/663/406  887/662/406
usemtl kenney_prototype_textures/purple/texture_13
f  889/685/407  888/667/407  892/666/407  893/533/407
usemtl kenney_prototype_textures/purple/texture_13
f  894/537/408  893/536/408  892/670/408  891/669/408  895/606/408
usemtl kenney_prototype_textures/purple/texture_13
f  895/599/409  891/672/409  887/671/409  886/598/409
usemtl kenney_prototype_textures/purple/texture_13
f  890/686/410  889/687/410  893/525/410  894/524/410
usemtl kenney_prototype_textures/purple/texture_13
f  894/544/411  895/688/411  886/689/411  890/690/411

o entity0_brush117
usemtl kenney_prototype_textures/purple/texture_13
f  896/684/412  897/683/412  898/682/412  899/681/412  900/680/412
usemtl kenney_prototype_textures/purple/texture_13
f  899/662/413  898/663/413  901/664/413  902/665/413
usemtl kenney_prototype_textures/purple/texture_13
f  903/560/414  901/676/414  898/675/414  897/691/414
usemtl kenney_prototype_textures/purple/texture_13
f  904/606/415  902/669/415  901/670/415  903/536/415  905/537/415
usemtl kenney_prototype_textures/purple/texture_13
f  900/598/416  899/671/416  902/672/416  904/599/416
usemtl kenney_prototype_textures/purple/texture_13
f  905/554/417  903/553/417  897/692/417  896/693/417
usemtl kenney_prototype_textures/purple/texture_13
f  905/566/418  896/694/418  900/617/418  904/616/418

o entity0_brush118
usemtl kenney_prototype_textures/purple/texture_13
f  906/695/419  907/696/419  908/697/419  909/698/419
usemtl kenney_prototype_textures/purple/texture_13
f  909/581/420  908/580/420  910/579/420  911/578/420  912/494/420
usemtl kenney_prototype_textures/purple/texture_13
f  910/699/421  908/700/421  907/701/421  913/702/421
usemtl kenney_prototype_textures/purple/texture_13
f  914/703/422  913/702/422  907/701/422  906/704/422
usemtl kenney_prototype_textures/purple/texture_13
f  912/507/423  911/588/423  915/508/423
usemtl kenney_prototype_textures/purple/texture_13
f  915/512/424  911/705/424  910/699/424  913/702/424  916/706/424
usemtl kenney_prototype_textures/purple/texture_13
f  916/706/425  913/702/425  914/703/425
usemtl kenney_prototype_textures/purple/texture_13
f  914/707/426  906/708/426  909/709/426  912/499/426  915/498/426  916/710/426

o entity0_brush119
usemtl kenney_prototype_textures/purple/texture_13
f  917/518/427  918/711/427  919/712/427
usemtl kenney_prototype_textures/purple/texture_13
f  920/713/428  921/714/428  918/715/428  917/656/428
usemtl kenney_prototype_textures/purple/texture_13
f  922/716/429  921/714/429  920/713/429
usemtl kenney_prototype_textures/purple/texture_13
f  923/717/430  919/718/430  918/719/430  921/720/430  922/721/430  924/722/430  925/723/430  926/724/430
usemtl kenney_prototype_textures/purple/texture_13
f  927/663/431  917/517/431  919/725/431  923/726/431
usemtl kenney_prototype_textures/purple/texture_13
f  928/727/432  920/728/432  917/661/432  927/660/432
usemtl kenney_prototype_textures/purple/texture_13
f  924/729/433  922/716/433  920/713/433  928/730/433
usemtl kenney_prototype_textures/purple/texture_13
f  925/731/434  924/729/434  928/730/434
usemtl kenney_prototype_textures/purple/texture_13
f  926/732/435  925/731/435  928/730/435  927/667/435
usemtl kenney_prototype_textures/purple/texture_13
f  926/733/436  927/682/436  923/734/436

o entity0_brush120
usemtl kenney_prototype_textures/purple/texture_13
f  929/712/437  930/711/437  931/518/437
usemtl kenney_prototype_textures/purple/texture_13
f  931/510/438  930/735/438  932/736/438  933/737/438
usemtl kenney_prototype_textures/purple/texture_13
f  933/737/439  932/736/439  934/738/439
usemtl kenney_prototype_textures/purple/texture_13
f  935/724/440  936/723/440  937/722/440  934/721/440  932/720/440  930/719/440  929/718/440  938/717/440
usemtl kenney_prototype_textures/purple/texture_13
f  939/739/441  933/737/441  934/738/441  937/740/441
usemtl kenney_prototype_textures/purple/texture_13
f  940/660/442  931/661/442  933/728/442  939/727/442
usemtl kenney_prototype_textures/purple/texture_13
f  938/726/443  929/725/443  931/517/443  940/663/443
usemtl kenney_prototype_textures/purple/texture_13
f  939/739/444  937/740/444  936/741/444
usemtl kenney_prototype_textures/purple/texture_13
f  940/675/445  939/739/445  936/741/445  935/742/445
usemtl kenney_prototype_textures/purple/texture_13
f  938/734/446  940/682/446  935/733/446

o entity0_brush121
usemtl kenney_prototype_textures/purple/texture_13
f  941/677/447  942/678/447  943/594/447  944/593/447
usemtl kenney_prototype_textures/purple/texture_13
f  945/712/448  946/711/448  942/519/448  941/520/448
usemtl kenney_prototype_textures/purple/texture_13
f  947/714/449  943/589/449  942/679/449  946/715/449
usemtl kenney_prototype_textures/purple/texture_13
f  944/587/450  943/589/450  947/714/450  948/743/450
usemtl kenney_prototype_textures/purple/texture_13
f  948/744/451  947/720/451  946/719/451  945/718/451
usemtl kenney_prototype_textures/purple/texture_13
f  944/745/452  948/746/452  945/747/452  941/748/452

o entity0_brush122
usemtl kenney_prototype_textures/purple/texture_13
f  949/749/453  950/750/453  951/751/453  952/752/453
usemtl kenney_prototype_textures/purple/texture_13
f  953/724/454  954/723/454  951/753/454  950/717/454
usemtl kenney_prototype_textures/purple/texture_13
f  952/754/455  951/755/455  954/731/455  955/530/455
usemtl kenney_prototype_textures/purple/texture_13
f  955/530/456  954/731/456  953/732/456  956/685/456
usemtl kenney_prototype_textures/purple/texture_13
f  956/683/457  953/733/457  950/734/457  949/684/457
usemtl kenney_prototype_textures/purple/texture_13
f  952/756/458  955/526/458  956/687/458  949/686/458

o entity0_brush123
usemtl kenney_prototype_textures/purple/texture_13
f  957/757/459  958/758/459  959/759/459  960/760/459
usemtl kenney_prototype_textures/purple/texture_13
f  959/717/460  958/761/460  961/723/460  962/724/460
usemtl kenney_prototype_textures/purple/texture_13
f  963/557/461  961/741/461  958/762/461  957/558/461
usemtl kenney_prototype_textures/purple/texture_13
f  964/691/462  962/742/462  961/741/462  963/557/462
usemtl kenney_prototype_textures/purple/texture_13
f  960/684/463  959/734/463  962/733/463  964/683/463
usemtl kenney_prototype_textures/purple/texture_13
f  964/692/464  963/552/464  957/551/464  960/693/464

o entity0_brush124
usemtl kenney_prototype_textures/purple/texture_13
f  965/763/465  966/710/465  967/497/465  968/500/465
usemtl kenney_prototype_textures/purple/texture_13
f  968/520/466  967/519/466  969/711/466  970/712/466
usemtl kenney_prototype_textures/purple/texture_13
f  969/735/467  967/513/467  966/706/467  971/736/467
usemtl kenney_prototype_textures/purple/texture_13
f  972/764/468  971/736/468  966/706/468  965/765/468
usemtl kenney_prototype_textures/purple/texture_13
f  970/718/469  969/719/469  971/720/469  972/766/469
usemtl kenney_prototype_textures/purple/texture_13
f  972/767/470  965/768/470  968/769/470  970/770/470

o entity0_brush125
usemtl kenney_prototype_textures/purple/texture_13
f  973/771/471  974/772/471  975/773/471
usemtl kenney_prototype_textures/purple/texture_13
f  975/738/472  974/774/472  976/775/472  977/776/472
usemtl kenney_prototype_textures/purple/texture_13
f  977/776/473  976/775/473  978/777/473
usemtl kenney_prototype_textures/purple/texture_13
f  979/778/474  980/779/474  981/780/474  978/781/474  976/782/474  974/783/474  973/784/474  982/785/474
usemtl kenney_prototype_textures/purple/texture_13
f  983/786/475  977/776/475  978/777/475  981/787/475
usemtl kenney_prototype_textures/purple/texture_13
f  984/740/476  975/738/476  977/776/476  983/786/476
usemtl kenney_prototype_textures/purple/texture_13
f  982/788/477  973/789/477  975/721/477  984/722/477
usemtl kenney_prototype_textures/purple/texture_13
f  983/786/478  981/787/478  980/790/478
usemtl kenney_prototype_textures/purple/texture_13
f  984/740/479  983/786/479  980/790/479  979/791/479
usemtl kenney_prototype_textures/purple/texture_13
f  984/792/480  979/793/480  982/794/480

o entity0_brush126
usemtl kenney_prototype_textures/purple/texture_13
f  985/795/481  986/796/481  987/797/481
usemtl kenney_prototype_textures/purple/texture_13
f  987/798/482  986/716/482  988/799/482  989/800/482
usemtl kenney_prototype_textures/purple/texture_13
f  989/800/483  988/799/483  990/801/483
usemtl kenney_prototype_textures/purple/texture_13
f  991/802/484  988/799/484  986/716/484  992/729/484
usemtl kenney_prototype_textures/purple/texture_13
f  993/803/485  990/801/485  988/799/485  991/802/485
usemtl kenney_prototype_textures/purple/texture_13
f  992/722/486  986/721/486  985/789/486  994/788/486
usemtl kenney_prototype_textures/purple/texture_13
f  994/804/487  985/805/487  987/806/487  989/807/487  990/808/487  993/809/487  995/810/487  996/811/487
usemtl kenney_prototype_textures/purple/texture_13
f  995/812/488  993/803/488  991/802/488
usemtl kenney_prototype_textures/purple/texture_13
f  996/813/489  995/812/489  991/802/489  992/729/489
usemtl kenney_prototype_textures/purple/texture_13
f  994/814/490  996/815/490  992/816/490

o entity0_brush127
usemtl kenney_prototype_textures/purple/texture_13
f  997/817/491  998/818/491  999/819/491  1000/820/491
usemtl kenney_prototype_textures/purple/texture_13
f  1001/821/492  1002/822/492  998/818/492  997/817/492
usemtl kenney_prototype_textures/purple/texture_13
f  1000/820/493  999/819/493  1003/823/493  1004/824/493
usemtl kenney_prototype_textures/purple/texture_13
f  1005/825/494  1002/822/494  1001/821/494
usemtl kenney_prototype_textures/purple/texture_13
f  1004/824/495  1003/823/495  1006/826/495  1007/827/495
usemtl kenney_prototype_textures/purple/texture_13
f  1007/827/496  1006/826/496  1008/828/496  1009/829/496
usemtl kenney_prototype_textures/purple/texture_13
f  999/819/497  998/818/497  1010/830/497
usemtl kenney_prototype_textures/purple/texture_13
f  1010/830/498  998/818/498  1002/822/498
usemtl kenney_prototype_textures/purple/texture_13
f  1003/823/499  999/819/499  1010/830/499
usemtl kenney_prototype_textures/purple/texture_13
f  1006/826/500  1003/823/500  1010/830/500
usemtl kenney_prototype_textures/purple/texture_13
f  1011/831/501  1010/830/501  1002/822/501  1005/825/501
usemtl kenney_prototype_textures/purple/texture_13
f  1008/828/502  1006/826/502  1010/830/502
usemtl kenney_prototype_textures/purple/texture_13
f  1012/832/503  1010/830/503  1011/831/503
usemtl kenney_prototype_textures/purple/texture_13
f  1013/833/504  1008/828/504  1010/830/504  1014/834/504
usemtl kenney_prototype_textures/purple/texture_13
f  1009/829/505  1008/828/505  1013/833/505
usemtl kenney_prototype_textures/purple/texture_13
f  1015/835/506  1010/830/506  1012/832/506
usemtl kenney_prototype_textures/purple/texture_13
f  1016/836/507  1010/830/507  1015/835/507
usemtl kenney_prototype_textures/purple/texture_13
f  1014/834/508  1010/830/508  1017/837/508
usemtl kenney_prototype_textures/purple/texture_13
f  1018/838/509  1017/837/509  1010/830/509
usemtl kenney_prototype_textures/purple/texture_13
f  1010/830/510  1016/836/510  1019/839/510
usemtl kenney_prototype_textures/purple/texture_13
f  1020/840/511  1019/841/511  1016/842/511  1015/843/511  1012/844/511  1011/845/511  1005/846/511  1001/847/511  997/848/511  1000/849/511  1004/850/511  1007/851/511  1009/852/511  1013/853/511  1014/854/511  1017/855/511  1018/856/511  1021/857/511
usemtl kenney_prototype_textures/purple/texture_13
f  1010/830/512  1019/839/512  1020/858/512
usemtl kenney_prototype_textures/purple/texture_13
f  1021/859/513  1018/838/513  1010/830/513
usemtl kenney_prototype_textures/purple/texture_13
f  1021/859/514  1010/830/514  1020/858/514

o entity0_brush128
usemtl kenney_prototype_textures/purple/texture_13
f  1022/860/515  1023/861/515  1024/862/515  1025/863/515  1026/864/515  1027/865/515  1028/866/515  1029/867/515  1030/868/515  1031/869/515  1032/870/515  1033/871/515
usemtl kenney_prototype_textures/purple/texture_13
f  1034/857/516  1035/856/516  1036/855/516  1037/854/516  1028/872/516  1027/873/516  1038/843/516  1039/842/516  1040/841/516  1041/840/516
usemtl kenney_prototype_textures/purple/texture_13
f  1030/874/517  1029/875/517  1042/876/517
usemtl kenney_prototype_textures/purple/texture_13
f  1042/876/518  1029/875/518  1028/877/518  1037/834/518
usemtl kenney_prototype_textures/purple/texture_13
f  1038/835/519  1027/878/519  1026/879/519
usemtl kenney_prototype_textures/purple/texture_13
f  1039/836/520  1038/835/520  1026/879/520  1025/880/520
usemtl kenney_prototype_textures/purple/texture_13
f  1042/876/521  1037/834/521  1036/837/521  1043/881/521
usemtl kenney_prototype_textures/purple/texture_13
f  1043/881/522  1036/837/522  1035/838/522  1044/882/522
usemtl kenney_prototype_textures/purple/texture_13
f  1045/883/523  1040/839/523  1039/836/523  1025/880/523  1024/884/523
usemtl kenney_prototype_textures/purple/texture_13
f  1046/885/524  1041/858/524  1040/839/524  1045/883/524
usemtl kenney_prototype_textures/purple/texture_13
f  1044/882/525  1035/838/525  1034/859/525  1047/886/525
usemtl kenney_prototype_textures/purple/texture_13
f  1047/886/526  1034/859/526  1041/858/526  1046/885/526
usemtl kenney_prototype_textures/purple/texture_13
f  1031/887/527  1030/874/527  1042/876/527  1043/881/527
usemtl kenney_prototype_textures/purple/texture_13
f  1032/888/528  1031/887/528  1043/881/528  1044/882/528
usemtl kenney_prototype_textures/purple/texture_13
f  1045/883/529  1024/884/529  1023/889/529
usemtl kenney_prototype_textures/purple/texture_13
f  1046/885/530  1045/883/530  1023/889/530  1022/890/530
usemtl kenney_prototype_textures/purple/texture_13
f  1033/891/531  1032/888/531  1044/882/531  1047/886/531
usemtl kenney_prototype_textures/purple/texture_13
f  1047/886/532  1046/885/532  1022/890/532  1033/891/532

o entity0_brush129
usemtl kenney_prototype_textures/purple/texture_13
f  1048/872/533  1049/853/533  1050/892/533  1051/893/533
usemtl kenney_prototype_textures/purple/texture_13
f  1052/894/534  1051/895/534  1050/896/534  1053/897/534  1054/898/534
usemtl kenney_prototype_textures/purple/texture_13
f  1055/875/535  1049/833/535  1048/877/535
usemtl kenney_prototype_textures/purple/texture_13
f  1053/899/536  1050/900/536  1049/833/536  1055/875/536  1056/874/536
usemtl kenney_prototype_textures/purple/texture_13
f  1057/869/537  1056/868/537  1055/867/537  1048/866/537  1051/901/537  1052/870/537
usemtl kenney_prototype_textures/purple/texture_13
f  1054/902/538  1053/899/538  1056/874/538  1057/887/538
usemtl kenney_prototype_textures/purple/texture_13
f  1057/887/539  1052/888/539  1054/902/539

o entity0_brush130
usemtl kenney_prototype_textures/purple/texture_13
f  1058/903/540  1059/817/540  1060/904/540
usemtl kenney_prototype_textures/purple/texture_13
f  1061/905/541  1062/821/541  1059/817/541  1058/903/541
usemtl kenney_prototype_textures/purple/texture_13
f  1063/906/542  1064/907/542  1065/825/542  1062/821/542  1061/905/542
usemtl kenney_prototype_textures/purple/texture_13
f  1066/908/543  1064/907/543  1063/906/543
usemtl kenney_prototype_textures/purple/texture_13
f  1060/909/544  1059/848/544  1062/847/544  1065/846/544  1067/845/544  1068/844/544  1069/873/544  1070/910/544
usemtl kenney_prototype_textures/purple/texture_13
f  1067/831/545  1065/825/545  1064/907/545
usemtl kenney_prototype_textures/purple/texture_13
f  1071/911/546  1068/832/546  1067/831/546  1064/907/546  1066/908/546
usemtl kenney_prototype_textures/purple/texture_13
f  1072/879/547  1069/878/547  1068/832/547  1071/911/547
usemtl kenney_prototype_textures/purple/texture_13
f  1070/912/548  1069/865/548  1072/864/548
usemtl kenney_prototype_textures/purple/texture_13
f  1072/913/549  1071/914/549  1066/915/549  1063/916/549  1061/917/549  1058/918/549  1060/919/549  1070/920/549

o entity0_brush131
usemtl kenney_prototype_textures/purple/texture_13
f  1073/921/550  1074/922/550  1075/923/550  1076/924/550  1077/925/550  1078/926/550  1079/927/550
usemtl kenney_prototype_textures/purple/texture_13
f  1080/928/551  1076/929/551  1075/930/551
usemtl kenney_prototype_textures/purple/texture_13
f  1081/931/552  1077/932/552  1076/929/552  1080/928/552  1082/933/552
usemtl kenney_prototype_textures/purple/texture_13
f  1078/934/553  1077/932/553  1081/931/553
usemtl kenney_prototype_textures/purple/texture_13
f  1083/935/554  1080/928/554  1075/930/554  1074/936/554
usemtl kenney_prototype_textures/purple/texture_13
f  1084/937/555  1082/933/555  1080/928/555  1083/935/555  1085/938/555
usemtl kenney_prototype_textures/purple/texture_13
f  1079/939/556  1078/940/556  1081/941/556  1082/942/556  1084/943/556
usemtl kenney_prototype_textures/purple/texture_13
f  1085/944/557  1083/945/557  1074/946/557  1073/680/557
usemtl kenney_prototype_textures/purple/texture_13
f  1085/947/558  1073/598/558  1079/602/558  1084/948/558

o entity0_brush132
usemtl kenney_prototype_textures/purple/texture_13
f  1086/647/559  1087/646/559  1088/21/559  1089/22/559
usemtl kenney_prototype_textures/purple/texture_13
f  1090/949/560  1091/950/560  1092/951/560  1087/639/560  1086/638/560
usemtl kenney_prototype_textures/purple/texture_13
f  1093/952/561  1088/15/561  1087/645/561  1092/953/561
usemtl kenney_prototype_textures/purple/texture_13
f  1089/17/562  1088/15/562  1093/952/562  1094/954/562
usemtl kenney_prototype_textures/purple/texture_13
f  1095/955/563  1091/956/563  1090/957/563
usemtl kenney_prototype_textures/purple/texture_13
f  1096/958/564  1093/952/564  1092/953/564  1091/956/564  1095/955/564
usemtl kenney_prototype_textures/purple/texture_13
f  1094/954/565  1093/952/565  1096/958/565
usemtl kenney_prototype_textures/purple/texture_13
f  1096/959/566  1095/960/566  1090/961/566  1086/649/566  1089/648/566  1094/962/566

o entity0_brush133
usemtl kenney_prototype_textures/purple/texture_13
f  1097/23/567  1098/24/567  1099/604/567  1100/603/567
usemtl kenney_prototype_textures/purple/texture_13
f  1100/611/568  1099/612/568  1101/963/568  1102/964/568  1103/965/568
usemtl kenney_prototype_textures/purple/texture_13
f  1101/933/569  1099/608/569  1098/35/569  1104/928/569
usemtl kenney_prototype_textures/purple/texture_13
f  1105/930/570  1104/928/570  1098/35/570  1097/26/570
usemtl kenney_prototype_textures/purple/texture_13
f  1103/966/571  1102/967/571  1106/968/571
usemtl kenney_prototype_textures/purple/texture_13
f  1106/968/572  1102/967/572  1101/933/572  1104/928/572  1107/969/572
usemtl kenney_prototype_textures/purple/texture_13
f  1107/970/573  1104/971/573  1105/972/573
usemtl kenney_prototype_textures/purple/texture_13
f  1100/601/574  1103/973/574  1106/974/574  1107/975/574  1105/976/574  1097/600/574

o entity0_brush134
usemtl kenney_prototype_textures/purple/texture_13
f  1108/649/575  1109/961/575  1110/960/575  1111/959/575  1112/962/575  1113/648/575
usemtl kenney_prototype_textures/purple/texture_13
f  1112/954/576  1111/958/576  1114/952/576
usemtl kenney_prototype_textures/purple/texture_13
f  1115/977/577  1114/978/577  1111/979/577  1110/980/577  1116/981/577
usemtl kenney_prototype_textures/purple/texture_13
f  1116/981/578  1110/980/578  1109/982/578
usemtl kenney_prototype_textures/purple/texture_13
f  1113/17/579  1112/954/579  1114/952/579  1117/15/579
usemtl kenney_prototype_textures/purple/texture_13
f  1117/15/580  1114/952/580  1115/953/580  1118/645/580
usemtl kenney_prototype_textures/purple/texture_13
f  1118/639/581  1115/951/581  1116/950/581  1109/949/581  1108/638/581
usemtl kenney_prototype_textures/purple/texture_13
f  1113/22/582  1117/21/582  1118/646/582  1108/647/582

o entity0_brush135
usemtl kenney_prototype_textures/purple/texture_13
f  1119/514/583  1120/515/583  1121/516/583  1122/517/583  1123/663/583  1124/664/583  1125/665/583  1126/662/583
usemtl kenney_prototype_textures/purple/texture_13
f  1124/983/584  1123/984/584  1127/985/584
usemtl kenney_prototype_textures/purple/texture_13
f  1128/986/585  1122/987/585  1121/988/585
usemtl kenney_prototype_textures/purple/texture_13
f  1127/659/586  1123/660/586  1122/661/586  1128/653/586
usemtl kenney_prototype_textures/purple/texture_13
f  1129/17/587  1128/653/587  1121/509/587  1120/505/587
usemtl kenney_prototype_textures/purple/texture_13
f  1125/669/588  1124/670/588  1127/659/588  1130/26/588
usemtl kenney_prototype_textures/purple/texture_13
f  1130/26/589  1127/659/589  1128/653/589  1129/17/589
usemtl kenney_prototype_textures/purple/texture_13
f  1129/648/590  1120/503/590  1119/504/590
usemtl kenney_prototype_textures/purple/texture_13
f  1126/671/591  1125/672/591  1130/600/591
usemtl kenney_prototype_textures/purple/texture_13
f  1130/23/592  1129/22/592  1119/657/592  1126/658/592

o entity0_brush136
usemtl kenney_prototype_textures/purple/texture_13
f  1131/657/593  1132/22/593  1133/23/593  1134/658/593
usemtl kenney_prototype_textures/purple/texture_13
f  1135/503/594  1132/648/594  1131/504/594
usemtl kenney_prototype_textures/purple/texture_13
f  1134/671/595  1133/600/595  1136/672/595
usemtl kenney_prototype_textures/purple/texture_13
f  1137/659/596  1133/26/596  1132/17/596  1138/653/596
usemtl kenney_prototype_textures/purple/texture_13
f  1139/509/597  1138/653/597  1132/17/597  1135/505/597
usemtl kenney_prototype_textures/purple/texture_13
f  1136/669/598  1133/26/598  1137/659/598  1140/670/598
usemtl kenney_prototype_textures/purple/texture_13
f  1141/660/599  1137/659/599  1138/653/599  1142/661/599
usemtl kenney_prototype_textures/purple/texture_13
f  1142/989/600  1138/990/600  1139/991/600
usemtl kenney_prototype_textures/purple/texture_13
f  1140/992/601  1137/993/601  1141/994/601
usemtl kenney_prototype_textures/purple/texture_13
f  1141/663/602  1142/517/602  1139/516/602  1135/515/602  1131/514/602  1134/662/602  1136/665/602  1140/664/602

o entity0_brush137
usemtl kenney_prototype_textures/purple/texture_13
f  1143/671/603  1144/672/603  1145/976/603  1146/975/603  1147/947/603
usemtl kenney_prototype_textures/purple/texture_13
f  1148/663/604  1149/664/604  1144/665/604  1143/662/604
usemtl kenney_prototype_textures/purple/texture_13
f  1145/930/605  1144/669/605  1149/670/605  1150/995/605
usemtl kenney_prototype_textures/purple/texture_13
f  1147/996/606  1146/969/606  1151/997/606
usemtl kenney_prototype_textures/purple/texture_13
f  1152/998/607  1150/999/607  1149/992/607  1148/994/607
usemtl kenney_prototype_textures/purple/texture_13
f  1151/997/608  1146/969/608  1145/930/608  1150/995/608  1153/1000/608
usemtl kenney_prototype_textures/purple/texture_13
f  1153/1001/609  1150/999/609  1152/998/609
usemtl kenney_prototype_textures/purple/texture_13
f  1152/1002/610  1148/682/610  1143/681/610  1147/944/610  1151/945/610  1153/1003/610

o entity0_brush138
usemtl kenney_prototype_textures/purple/texture_13
f  1154/1004/611  1155/1005/611  1156/1006/611  1157/1007/611  1158/518/611  1159/522/611
usemtl kenney_prototype_textures/purple/texture_13
f  1157/1008/612  1156/1009/612  1160/1010/612
usemtl kenney_prototype_textures/purple/texture_13
f  1161/954/613  1160/1011/613  1156/1012/613  1155/1013/613  1162/958/613
usemtl kenney_prototype_textures/purple/texture_13
f  1158/987/614  1157/1008/614  1160/1010/614  1163/988/614
usemtl kenney_prototype_textures/purple/texture_13
f  1162/958/615  1155/1013/615  1154/1014/615
usemtl kenney_prototype_textures/purple/texture_13
f  1164/505/616  1163/509/616  1160/1011/616  1161/954/616
usemtl kenney_prototype_textures/purple/texture_13
f  1159/514/617  1158/517/617  1163/516/617  1164/515/617
usemtl kenney_prototype_textures/purple/texture_13
f  1154/1015/618  1159/504/618  1164/503/618  1161/962/618  1162/959/618

o entity0_brush139
usemtl kenney_prototype_textures/purple/texture_13
f  1165/1015/619  1166/959/619  1167/962/619  1168/503/619  1169/504/619
usemtl kenney_prototype_textures/purple/texture_13
f  1169/514/620  1168/515/620  1170/516/620  1171/517/620
usemtl kenney_prototype_textures/purple/texture_13
f  1172/1011/621  1170/509/621  1168/505/621  1167/954/621
usemtl kenney_prototype_textures/purple/texture_13
f  1173/1016/622  1166/970/622  1165/1017/622
usemtl kenney_prototype_textures/purple/texture_13
f  1171/989/623  1170/991/623  1172/1018/623  1174/1019/623
usemtl kenney_prototype_textures/purple/texture_13
f  1175/1012/624  1172/1011/624  1167/954/624  1166/958/624  1173/1013/624
usemtl kenney_prototype_textures/purple/texture_13
f  1174/1019/625  1172/1018/625  1175/1020/625
usemtl kenney_prototype_textures/purple/texture_13
f  1175/1006/626  1173/1005/626  1165/1004/626  1169/522/626  1171/518/626  1174/1007/626

o entity0_brush140
usemtl kenney_prototype_textures/purple/texture_13
f  1176/681/627  1177/682/627  1178/1002/627  1179/1003/627  1180/945/627  1181/944/627
usemtl kenney_prototype_textures/purple/texture_13
f  1182/1021/628  1179/1022/628  1178/1023/628
usemtl kenney_prototype_textures/purple/texture_13
f  1183/969/629  1180/997/629  1179/1000/629  1182/995/629  1184/930/629
usemtl kenney_prototype_textures/purple/texture_13
f  1185/983/630  1182/1021/630  1178/1023/630  1177/984/630
usemtl kenney_prototype_textures/purple/texture_13
f  1181/996/631  1180/997/631  1183/969/631
usemtl kenney_prototype_textures/purple/texture_13
f  1184/930/632  1182/995/632  1185/670/632  1186/669/632
usemtl kenney_prototype_textures/purple/texture_13
f  1186/665/633  1185/664/633  1177/663/633  1176/662/633
usemtl kenney_prototype_textures/purple/texture_13
f  1181/947/634  1183/975/634  1184/976/634  1186/672/634  1176/671/634

o entity0_brush141
usemtl kenney_prototype_textures/purple/texture_13
f  1187/725/635  1188/517/635  1189/663/635  1190/726/635
usemtl kenney_prototype_textures/purple/texture_13
f  1190/734/636  1189/682/636  1191/733/636
usemtl kenney_prototype_textures/purple/texture_13
f  1192/711/637  1188/518/637  1187/712/637
usemtl kenney_prototype_textures/purple/texture_13
f  1193/727/638  1189/660/638  1188/661/638  1194/728/638
usemtl kenney_prototype_textures/purple/texture_13
f  1191/1024/639  1189/994/639  1193/1025/639  1195/1026/639
usemtl kenney_prototype_textures/purple/texture_13
f  1196/1027/640  1194/1028/640  1188/989/640  1192/1029/640
usemtl kenney_prototype_textures/purple/texture_13
f  1197/1030/641  1193/1025/641  1194/1028/641  1198/1031/641
usemtl kenney_prototype_textures/purple/texture_13
f  1195/1026/642  1193/1025/642  1197/1030/642
usemtl kenney_prototype_textures/purple/texture_13
f  1198/1031/643  1194/1028/643  1196/1027/643
usemtl kenney_prototype_textures/purple/texture_13
f  1187/718/644  1190/717/644  1191/724/644  1195/723/644  1197/1032/644  1198/1033/644  1196/720/644  1192/719/644

o entity0_brush142
usemtl kenney_prototype_textures/purple/texture_13
f  1199/718/645  1200/719/645  1201/720/645  1202/1033/645  1203/1032/645  1204/723/645  1205/724/645  1206/717/645
usemtl kenney_prototype_textures/purple/texture_13
f  1204/1034/646  1203/1035/646  1207/1036/646
usemtl kenney_prototype_textures/purple/texture_13
f  1208/1037/647  1202/1038/647  1201/1039/647
usemtl kenney_prototype_textures/purple/texture_13
f  1207/1036/648  1203/1035/648  1202/1038/648  1208/1037/648
usemtl kenney_prototype_textures/purple/texture_13
f  1209/987/649  1208/1037/649  1201/1039/649  1200/1040/649
usemtl kenney_prototype_textures/purple/texture_13
f  1205/1041/650  1204/1034/650  1207/1036/650  1210/984/650
usemtl kenney_prototype_textures/purple/texture_13
f  1210/660/651  1207/727/651  1208/728/651  1209/661/651
usemtl kenney_prototype_textures/purple/texture_13
f  1209/518/652  1200/711/652  1199/712/652
usemtl kenney_prototype_textures/purple/texture_13
f  1206/734/653  1205/733/653  1210/682/653
usemtl kenney_prototype_textures/purple/texture_13
f  1210/663/654  1209/517/654  1199/725/654  1206/726/654

o entity0_brush143
usemtl kenney_prototype_textures/purple/texture_13
f  1211/598/655  1212/947/655  1213/948/655  1214/602/655
usemtl kenney_prototype_textures/purple/texture_13
f  1215/946/656  1216/945/656  1212/944/656  1211/680/656
usemtl kenney_prototype_textures/purple/texture_13
f  1214/1042/657  1213/1043/657  1217/1044/657  1218/1045/657  1219/1046/657
usemtl kenney_prototype_textures/purple/texture_13
f  1217/977/658  1213/1047/658  1212/996/658  1216/997/658  1220/978/658
usemtl kenney_prototype_textures/purple/texture_13
f  1221/954/659  1220/952/659  1216/1016/659  1215/1048/659
usemtl kenney_prototype_textures/purple/texture_13
f  1219/1049/660  1218/1050/660  1222/1051/660
usemtl kenney_prototype_textures/purple/texture_13
f  1222/1051/661  1218/1050/661  1217/953/661  1220/952/661  1223/1052/661
usemtl kenney_prototype_textures/purple/texture_13
f  1223/1052/662  1220/952/662  1221/954/662
usemtl kenney_prototype_textures/purple/texture_13
f  1219/1053/663  1222/1054/663  1223/1055/663  1221/1056/663  1215/1057/663  1211/1058/663  1214/1059/663

o entity0_brush144
usemtl kenney_prototype_textures/purple/texture_13
f  1224/1060/664  1225/1061/664  1226/1062/664  1227/1063/664  1228/1064/664  1229/1065/664  1230/1066/664  1231/1067/664
usemtl kenney_prototype_textures/purple/texture_13
f  1230/1068/665  1229/1069/665  1232/913/665
usemtl kenney_prototype_textures/purple/texture_13
f  1232/879/666  1229/1070/666  1228/1071/666
usemtl kenney_prototype_textures/purple/texture_13
f  1233/1072/667  1234/880/667  1232/879/667  1228/1071/667  1227/1073/667
usemtl kenney_prototype_textures/purple/texture_13
f  1235/884/668  1234/880/668  1233/1072/668
usemtl kenney_prototype_textures/purple/texture_13
f  1231/871/669  1230/901/669  1232/864/669  1234/863/669  1235/862/669  1236/861/669  1237/860/669
usemtl kenney_prototype_textures/purple/texture_13
f  1233/1072/670  1227/1073/670  1226/1074/670
usemtl kenney_prototype_textures/purple/texture_13
f  1236/889/671  1235/884/671  1233/1072/671  1226/1074/671  1225/1075/671
usemtl kenney_prototype_textures/purple/texture_13
f  1237/890/672  1236/889/672  1225/1075/672  1224/1076/672
usemtl kenney_prototype_textures/purple/texture_13
f  1224/1076/673  1231/891/673  1237/890/673

o entity0_brush145
usemtl kenney_prototype_textures/purple/texture_13
f  1238/927/674  1239/926/674  1240/925/674  1241/924/674  1242/923/674  1243/922/674  1244/921/674
usemtl kenney_prototype_textures/purple/texture_13
f  1242/930/675  1241/929/675  1245/928/675
usemtl kenney_prototype_textures/purple/texture_13
f  1246/933/676  1245/928/676  1241/929/676  1240/932/676  1247/931/676
usemtl kenney_prototype_textures/purple/texture_13
f  1247/931/677  1240/932/677  1239/934/677
usemtl kenney_prototype_textures/purple/texture_13
f  1243/1077/678  1242/972/678  1245/971/678  1248/1013/678
usemtl kenney_prototype_textures/purple/texture_13
f  1249/1014/679  1248/1013/679  1245/971/679  1246/1078/679  1250/1079/679
usemtl kenney_prototype_textures/purple/texture_13
f  1250/1080/680  1246/1081/680  1247/1082/680  1239/1083/680  1238/1084/680
usemtl kenney_prototype_textures/purple/texture_13
f  1244/521/681  1243/1085/681  1248/1005/681  1249/1004/681
usemtl kenney_prototype_textures/purple/texture_13
f  1249/1015/682  1250/1086/682  1238/650/682  1244/501/682

o entity0_brush146
usemtl kenney_prototype_textures/purple/texture_13
f  1251/650/683  1252/1086/683  1253/1015/683  1254/501/683
usemtl kenney_prototype_textures/purple/texture_13
f  1254/521/684  1253/1004/684  1255/1005/684  1256/1085/684
usemtl kenney_prototype_textures/purple/texture_13
f  1257/1087/685  1258/1088/685  1259/1089/685  1252/1090/685  1251/1091/685
usemtl kenney_prototype_textures/purple/texture_13
f  1260/952/686  1255/1016/686  1253/1017/686  1252/1092/686  1259/953/686
usemtl kenney_prototype_textures/purple/texture_13
f  1256/1077/687  1255/1013/687  1260/971/687  1261/972/687
usemtl kenney_prototype_textures/purple/texture_13
f  1262/1051/688  1258/1050/688  1257/1049/688
usemtl kenney_prototype_textures/purple/texture_13
f  1263/1052/689  1260/952/689  1259/953/689  1258/1050/689  1262/1051/689
usemtl kenney_prototype_textures/purple/texture_13
f  1261/954/690  1260/952/690  1263/1052/690
usemtl kenney_prototype_textures/purple/texture_13
f  1254/633/691  1256/1093/691  1261/1094/691  1263/1095/691  1262/1096/691  1257/1097/691  1251/630/691

o entity0_brush147
usemtl kenney_prototype_textures/purple/texture_13
f  1264/1098/692  1265/1099/692  1266/547/692  1267/546/692  1268/1100/692  1269/1101/692
usemtl kenney_prototype_textures/purple/texture_13
f  1270/1102/693  1267/538/693  1266/539/693
usemtl kenney_prototype_textures/purple/texture_13
f  1268/1038/694  1267/538/694  1270/1102/694  1271/1039/694
usemtl kenney_prototype_textures/purple/texture_13
f  1272/1008/695  1270/1102/695  1266/539/695  1265/1103/695  1273/1009/695
usemtl kenney_prototype_textures/purple/texture_13
f  1273/1012/696  1265/1104/696  1264/1105/696
usemtl kenney_prototype_textures/purple/texture_13
f  1274/1040/697  1271/1039/697  1270/1102/697  1272/1008/697
usemtl kenney_prototype_textures/purple/texture_13
f  1269/718/698  1268/1033/698  1271/720/698  1274/719/698
usemtl kenney_prototype_textures/purple/texture_13
f  1272/1007/699  1273/1006/699  1264/1106/699  1269/712/699  1274/711/699

o entity0_brush148
usemtl kenney_prototype_textures/purple/texture_13
f  1275/734/700  1276/733/700  1277/1002/700  1278/1003/700  1279/1107/700
usemtl kenney_prototype_textures/purple/texture_13
f  1280/1032/701  1281/723/701  1276/724/701  1275/717/701
usemtl kenney_prototype_textures/purple/texture_13
f  1282/1108/702  1277/998/702  1276/1024/702  1281/1026/702
usemtl kenney_prototype_textures/purple/texture_13
f  1279/1109/703  1278/1000/703  1283/1110/703
usemtl kenney_prototype_textures/purple/texture_13
f  1283/1111/704  1278/1001/704  1277/998/704  1282/1108/704  1284/701/704
usemtl kenney_prototype_textures/purple/texture_13
f  1285/704/705  1282/1108/705  1281/1026/705  1280/1030/705
usemtl kenney_prototype_textures/purple/texture_13
f  1284/701/706  1282/1108/706  1285/704/706
usemtl kenney_prototype_textures/purple/texture_13
f  1285/695/707  1280/1112/707  1275/1113/707  1279/1114/707  1283/1115/707  1284/696/707

o entity0_brush149
usemtl kenney_prototype_textures/purple/texture_13
f  1286/1106/708  1287/1006/708  1288/1007/708  1289/711/708  1290/712/708
usemtl kenney_prototype_textures/purple/texture_13
f  1290/718/709  1289/719/709  1291/720/709  1292/1033/709
usemtl kenney_prototype_textures/purple/texture_13
f  1291/1027/710  1289/1029/710  1288/1019/710  1293/1116/710
usemtl kenney_prototype_textures/purple/texture_13
f  1294/1104/711  1287/1012/711  1286/1105/711
usemtl kenney_prototype_textures/purple/texture_13
f  1295/583/712  1293/1116/712  1288/1019/712  1287/1020/712  1294/1117/712
usemtl kenney_prototype_textures/purple/texture_13
f  1292/1031/713  1291/1027/713  1293/1116/713  1296/586/713
usemtl kenney_prototype_textures/purple/texture_13
f  1296/586/714  1293/1116/714  1295/583/714
usemtl kenney_prototype_textures/purple/texture_13
f  1286/1118/715  1290/1119/715  1292/1120/715  1296/577/715  1295/576/715  1294/1121/715

o entity0_brush150
usemtl kenney_prototype_textures/purple/texture_13
f  1297/1122/716  1298/1123/716  1299/572/716  1300/571/716  1301/1124/716  1302/1125/716
usemtl kenney_prototype_textures/purple/texture_13
f  1300/562/717  1299/563/717  1303/1126/717
usemtl kenney_prototype_textures/purple/texture_13
f  1304/1034/718  1303/1126/718  1299/563/718  1298/1035/718
usemtl kenney_prototype_textures/purple/texture_13
f  1305/1022/719  1301/1127/719  1300/562/719  1303/1126/719  1306/1023/719
usemtl kenney_prototype_textures/purple/texture_13
f  1302/1109/720  1301/1110/720  1305/1000/720
usemtl kenney_prototype_textures/purple/texture_13
f  1306/1023/721  1303/1126/721  1304/1034/721  1307/1041/721
usemtl kenney_prototype_textures/purple/texture_13
f  1307/724/722  1304/723/722  1298/1032/722  1297/717/722
usemtl kenney_prototype_textures/purple/texture_13
f  1305/1003/723  1306/1002/723  1307/733/723  1297/734/723  1302/1107/723

o entity0_brush151
usemtl kenney_prototype_textures/purple/texture_13
f  1308/684/724  1309/1107/724  1310/946/724  1311/680/724
usemtl kenney_prototype_textures/purple/texture_13
f  1311/1128/725  1310/1129/725  1312/1130/725  1313/1131/725  1314/632/725
usemtl kenney_prototype_textures/purple/texture_13
f  1315/697/726  1316/1115/726  1309/1114/726  1308/698/726
usemtl kenney_prototype_textures/purple/texture_13
f  1312/954/727  1310/1048/727  1309/1132/727  1316/1133/727  1317/1011/727
usemtl kenney_prototype_textures/purple/texture_13
f  1318/699/728  1317/1134/728  1316/1111/728  1315/700/728
usemtl kenney_prototype_textures/purple/texture_13
f  1314/643/729  1313/1052/729  1319/642/729
usemtl kenney_prototype_textures/purple/texture_13
f  1319/642/730  1313/1052/730  1312/954/730  1317/1011/730  1320/588/730
usemtl kenney_prototype_textures/purple/texture_13
f  1320/705/731  1317/1134/731  1318/699/731
usemtl kenney_prototype_textures/purple/texture_13
f  1311/1135/732  1314/1136/732  1319/1137/732  1320/1138/732  1318/1139/732  1315/1140/732  1308/1141/732

o entity0_brush152
usemtl kenney_prototype_textures/purple/texture_13
f  1321/521/733  1322/1085/733  1323/1106/733  1324/520/733
usemtl kenney_prototype_textures/purple/texture_13
f  1325/632/734  1326/1131/734  1327/1130/734  1322/1129/734  1321/1128/734
usemtl kenney_prototype_textures/purple/texture_13
f  1324/574/735  1323/1118/735  1328/1121/735  1329/575/735
usemtl kenney_prototype_textures/purple/texture_13
f  1330/1142/736  1328/1104/736  1323/1105/736  1322/1077/736  1327/972/736
usemtl kenney_prototype_textures/purple/texture_13
f  1329/584/737  1328/1117/737  1330/1143/737  1331/585/737
usemtl kenney_prototype_textures/purple/texture_13
f  1332/642/738  1326/1052/738  1325/643/738
usemtl kenney_prototype_textures/purple/texture_13
f  1333/588/739  1330/1011/739  1327/954/739  1326/1052/739  1332/642/739
usemtl kenney_prototype_textures/purple/texture_13
f  1331/585/740  1330/1143/740  1333/590/740
usemtl kenney_prototype_textures/purple/texture_13
f  1324/581/741  1329/580/741  1331/579/741  1333/578/741  1332/651/741  1325/652/741  1321/634/741

o entity0_brush153
usemtl kenney_prototype_textures/purple/texture_13
f  1334/1144/742  1335/1145/742  1336/1146/742  1337/543/742  1338/542/742  1339/541/742  1340/545/742
usemtl kenney_prototype_textures/purple/texture_13
f  1338/532/743  1337/534/743  1341/1147/743
usemtl kenney_prototype_textures/purple/texture_13
f  1342/930/744  1341/995/744  1337/535/744  1336/605/744  1343/929/744
usemtl kenney_prototype_textures/purple/texture_13
f  1343/929/745  1336/605/745  1335/609/745
usemtl kenney_prototype_textures/purple/texture_13
f  1339/540/746  1338/532/746  1341/1147/746  1344/1103/746
usemtl kenney_prototype_textures/purple/texture_13
f  1345/1105/747  1344/1104/747  1341/1142/747  1342/972/747  1346/1077/747
usemtl kenney_prototype_textures/purple/texture_13
f  1340/549/748  1339/548/748  1344/1099/748  1345/1098/748
usemtl kenney_prototype_textures/purple/texture_13
f  1346/922/749  1342/923/749  1343/924/749  1335/620/749  1334/921/749
usemtl kenney_prototype_textures/purple/texture_13
f  1346/1085/750  1334/521/750  1340/520/750  1345/1106/750

o entity0_brush154
usemtl kenney_prototype_textures/purple/texture_13
f  1347/565/751  1348/569/751  1349/568/751  1350/567/751  1351/615/751  1352/614/751  1353/1148/751
usemtl kenney_prototype_textures/purple/texture_13
f  1354/1149/752  1350/559/752  1349/561/752
usemtl kenney_prototype_textures/purple/texture_13
f  1355/929/753  1351/605/753  1350/535/753  1354/995/753  1356/930/753
usemtl kenney_prototype_textures/purple/texture_13
f  1352/609/754  1351/605/754  1355/929/754
usemtl kenney_prototype_textures/purple/texture_13
f  1357/1127/755  1354/1149/755  1349/561/755  1348/564/755
usemtl kenney_prototype_textures/purple/texture_13
f  1358/936/756  1356/930/756  1354/995/756  1357/1150/756  1359/1151/756
usemtl kenney_prototype_textures/purple/texture_13
f  1359/1125/757  1357/1124/757  1348/570/757  1347/573/757
usemtl kenney_prototype_textures/purple/texture_13
f  1353/621/758  1352/1152/758  1355/1153/758  1356/1154/758  1358/1155/758
usemtl kenney_prototype_textures/purple/texture_13
f  1353/680/759  1358/946/759  1359/1107/759  1347/684/759

o entity0_brush155
usemtl kenney_prototype_textures/purple/texture_13
f  1360/1156/760  1361/1033/760  1362/1032/760  1363/1157/760
usemtl kenney_prototype_textures/purple/texture_13
f  1363/1158/761  1362/1112/761  1364/1159/761
usemtl kenney_prototype_textures/purple/texture_13
f  1365/1160/762  1361/1120/762  1360/1161/762
usemtl kenney_prototype_textures/purple/texture_13
f  1366/1162/763  1362/1030/763  1361/1031/763  1367/1163/763
usemtl kenney_prototype_textures/purple/texture_13
f  1368/1164/764  1367/1163/764  1361/1031/764  1365/1165/764
usemtl kenney_prototype_textures/purple/texture_13
f  1364/1166/765  1362/1030/765  1366/1162/765  1369/1167/765
usemtl kenney_prototype_textures/purple/texture_13
f  1370/1168/766  1366/1162/766  1367/1163/766  1371/1169/766
usemtl kenney_prototype_textures/purple/texture_13
f  1371/1169/767  1367/1163/767  1368/1164/767
usemtl kenney_prototype_textures/purple/texture_13
f  1369/1167/768  1366/1162/768  1370/1168/768
usemtl kenney_prototype_textures/purple/texture_13
f  1370/1170/769  1371/1171/769  1368/1172/769  1365/1173/769  1360/1174/769  1363/1175/769  1364/1176/769  1369/1177/769

o entity0_brush156
usemtl kenney_prototype_textures/purple/texture_13
f  1372/1178/770  1373/1179/770  1374/1180/770  1375/1181/770  1376/1182/770  1377/1183/770  1378/1184/770  1379/1185/770
usemtl kenney_prototype_textures/purple/texture_13
f  1380/1186/771  1375/1187/771  1374/1188/771
usemtl kenney_prototype_textures/purple/texture_13
f  1377/1189/772  1376/1190/772  1381/1191/772
usemtl kenney_prototype_textures/purple/texture_13
f  1381/1191/773  1376/1190/773  1375/1187/773  1380/1186/773
usemtl kenney_prototype_textures/purple/texture_13
f  1378/1192/774  1377/1189/774  1381/1191/774  1382/1035/774
usemtl kenney_prototype_textures/purple/texture_13
f  1383/1038/775  1380/1186/775  1374/1188/775  1373/1193/775
usemtl kenney_prototype_textures/purple/texture_13
f  1382/1035/776  1381/1191/776  1380/1186/776  1383/1038/776
usemtl kenney_prototype_textures/purple/texture_13
f  1379/1194/777  1378/1195/777  1382/1123/777
usemtl kenney_prototype_textures/purple/texture_13
f  1383/1100/778  1373/1196/778  1372/1197/778
usemtl kenney_prototype_textures/purple/texture_13
f  1382/1032/779  1383/1033/779  1372/1156/779  1379/1157/779

o entity0_brush157
usemtl kenney_prototype_textures/purple/texture_13
f  1384/1198/780  1385/1199/780  1386/1200/780  1387/1201/780
usemtl kenney_prototype_textures/purple/texture_13
f  1387/1202/781  1386/1203/781  1388/1204/781  1389/1205/781
usemtl kenney_prototype_textures/purple/texture_13
f  1388/1206/782  1386/1207/782  1385/1208/782  1390/1209/782
usemtl kenney_prototype_textures/purple/texture_13
f  1391/1210/783  1390/1211/783  1385/1212/783  1384/1213/783
usemtl kenney_prototype_textures/purple/texture_13
f  1389/1214/784  1388/1215/784  1390/1216/784  1391/1217/784
usemtl kenney_prototype_textures/purple/texture_13
f  1391/1218/785  1384/1219/785  1387/1220/785  1389/1221/785

o entity0_brush158
usemtl kenney_prototype_textures/purple/texture_13
f  1392/1222/786  1393/1223/786  1394/1224/786  1395/1225/786  1396/1226/786
usemtl kenney_prototype_textures/purple/texture_13
f  1397/1227/787  1394/1228/787  1393/1229/787
usemtl kenney_prototype_textures/purple/texture_13
f  1398/1230/788  1395/1231/788  1394/1232/788  1397/1233/788  1399/1234/788
usemtl kenney_prototype_textures/purple/texture_13
f  1396/1235/789  1395/1236/789  1398/1237/789
usemtl kenney_prototype_textures/purple/texture_13
f  1399/1238/790  1397/1239/790  1393/1240/790  1392/1241/790
usemtl kenney_prototype_textures/purple/texture_13
f  1399/1242/791  1392/1243/791  1396/1244/791  1398/1245/791

o entity0_brush159
usemtl kenney_prototype_textures/purple/texture_13
f  1400/1246/792  1401/593/792  1402/1247/792
usemtl kenney_prototype_textures/purple/texture_13
f  1402/1248/793  1401/587/793  1403/1249/793  1404/1250/793
usemtl kenney_prototype_textures/purple/texture_13
f  1405/1251/794  1406/797/794  1401/745/794  1400/1252/794
usemtl kenney_prototype_textures/purple/texture_13
f  1404/1253/795  1403/1254/795  1407/1255/795
usemtl kenney_prototype_textures/purple/texture_13
f  1408/1256/796  1403/1249/796  1401/587/796  1406/798/796
usemtl kenney_prototype_textures/purple/texture_13
f  1407/1257/797  1403/1258/797  1408/1259/797  1409/1260/797
usemtl kenney_prototype_textures/purple/texture_13
f  1409/1261/798  1408/1262/798  1406/806/798  1405/1263/798
usemtl kenney_prototype_textures/purple/texture_13
f  1402/1264/799  1404/1265/799  1407/1266/799  1409/1267/799  1405/1268/799  1400/1269/799

o entity0_brush160
usemtl kenney_prototype_textures/purple/texture_13
f  1410/1270/800  1411/1271/800  1412/1272/800  1413/1273/800  1414/1274/800  1415/1275/800
usemtl kenney_prototype_textures/purple/texture_13
f  1416/1276/801  1417/1277/801  1412/1278/801  1411/1279/801
usemtl kenney_prototype_textures/purple/texture_13
f  1413/1280/802  1412/1281/802  1417/1282/802  1418/1283/802
usemtl kenney_prototype_textures/purple/texture_13
f  1418/1284/803  1417/1285/803  1416/1286/803  1419/529/803
usemtl kenney_prototype_textures/purple/texture_13
f  1414/1287/804  1413/1288/804  1418/1289/804
usemtl kenney_prototype_textures/purple/texture_13
f  1419/1290/805  1416/1291/805  1411/1292/805  1410/1293/805
usemtl kenney_prototype_textures/purple/texture_13
f  1415/1294/806  1414/1295/806  1418/1284/806  1419/529/806
usemtl kenney_prototype_textures/purple/texture_13
f  1415/1296/807  1419/527/807  1410/1297/807

o entity0_brush161
usemtl kenney_prototype_textures/purple/texture_13
f  1420/1298/808  1421/1299/808  1422/1300/808  1423/1301/808  1424/1302/808  1425/1303/808
usemtl kenney_prototype_textures/purple/texture_13
f  1423/1304/809  1422/1305/809  1426/1306/809
usemtl kenney_prototype_textures/purple/texture_13
f  1427/1307/810  1426/1308/810  1422/1309/810  1421/1310/810
usemtl kenney_prototype_textures/purple/texture_13
f  1424/1311/811  1423/1312/811  1426/1313/811  1428/563/811
usemtl kenney_prototype_textures/purple/texture_13
f  1428/563/812  1426/1313/812  1427/1314/812  1429/1192/812
usemtl kenney_prototype_textures/purple/texture_13
f  1425/1315/813  1424/1316/813  1428/550/813
usemtl kenney_prototype_textures/purple/texture_13
f  1429/1184/814  1427/1317/814  1421/1318/814  1420/1185/814
usemtl kenney_prototype_textures/purple/texture_13
f  1429/1195/815  1420/1194/815  1425/1319/815  1428/572/815

o entity0_brush162
usemtl kenney_prototype_textures/purple/texture_13
f  1430/1320/816  1431/695/816  1432/1321/816
usemtl kenney_prototype_textures/purple/texture_13
f  1432/1322/817  1431/708/817  1433/707/817  1434/1323/817
usemtl kenney_prototype_textures/purple/texture_13
f  1435/1324/818  1436/1325/818  1431/704/818  1430/1326/818
usemtl kenney_prototype_textures/purple/texture_13
f  1433/703/819  1431/704/819  1436/1325/819  1437/1327/819
usemtl kenney_prototype_textures/purple/texture_13
f  1438/1328/820  1436/1329/820  1435/1330/820
usemtl kenney_prototype_textures/purple/texture_13
f  1434/1202/821  1433/1331/821  1439/1332/821
usemtl kenney_prototype_textures/purple/texture_13
f  1437/1333/822  1436/1334/822  1438/1335/822  1440/1336/822
usemtl kenney_prototype_textures/purple/texture_13
f  1437/1327/823  1441/1337/823  1439/1338/823  1433/703/823
usemtl kenney_prototype_textures/purple/texture_13
f  1441/1339/824  1437/1340/824  1440/1341/824
usemtl kenney_prototype_textures/purple/texture_13
f  1439/1342/825  1441/1343/825  1440/1344/825  1438/1345/825  1435/1346/825  1430/1347/825  1432/1348/825  1434/1201/825

o entity0_brush163
usemtl kenney_prototype_textures/purple/texture_13
f  1442/1349/826  1443/1350/826  1444/1351/826  1445/1352/826  1446/1353/826  1447/1354/826
usemtl kenney_prototype_textures/purple/texture_13
f  1448/1355/827  1445/1356/827  1444/1357/827
usemtl kenney_prototype_textures/purple/texture_13
f  1448/1358/828  1449/558/828  1446/1359/828  1445/1360/828
usemtl kenney_prototype_textures/purple/texture_13
f  1448/1361/829  1444/1362/829  1443/1305/829  1450/1304/829
usemtl kenney_prototype_textures/purple/texture_13
f  1447/1363/830  1446/1364/830  1449/757/830
usemtl kenney_prototype_textures/purple/texture_13
f  1449/558/831  1448/1358/831  1450/1312/831  1451/1311/831
usemtl kenney_prototype_textures/purple/texture_13
f  1451/1302/832  1450/1301/832  1443/1300/832  1442/1303/832
usemtl kenney_prototype_textures/purple/texture_13
f  1447/1365/833  1449/551/833  1451/1316/833  1442/1315/833

o entity0_brush164
usemtl kenney_prototype_textures/purple/texture_13
f  1452/1158/834  1453/1159/834  1454/1320/834  1455/1321/834
usemtl kenney_prototype_textures/purple/texture_13
f  1456/1366/835  1457/1367/835  1453/1176/835  1452/1175/835
usemtl kenney_prototype_textures/purple/texture_13
f  1458/1324/836  1454/1326/836  1453/1166/836  1457/1368/836
usemtl kenney_prototype_textures/purple/texture_13
f  1455/1348/837  1454/1347/837  1458/1346/837  1459/1345/837
usemtl kenney_prototype_textures/purple/texture_13
f  1459/1328/838  1458/1330/838  1457/1369/838  1456/1370/838
usemtl kenney_prototype_textures/purple/texture_13
f  1456/1371/839  1452/1372/839  1455/1373/839  1459/1374/839

o entity0_brush165
usemtl kenney_prototype_textures/purple/texture_13
f  1460/1375/840  1461/1376/840  1462/1377/840  1463/1378/840  1464/1379/840  1465/1380/840
usemtl kenney_prototype_textures/purple/texture_13
f  1466/1275/841  1467/1274/841  1462/1381/841  1461/1382/841
usemtl kenney_prototype_textures/purple/texture_13
f  1468/1383/842  1463/1384/842  1462/1385/842  1467/1287/842
usemtl kenney_prototype_textures/purple/texture_13
f  1464/1386/843  1463/1387/843  1468/1388/843
usemtl kenney_prototype_textures/purple/texture_13
f  1469/538/844  1468/1389/844  1467/1295/844  1466/1294/844
usemtl kenney_prototype_textures/purple/texture_13
f  1465/1390/845  1464/1391/845  1468/1389/845  1469/538/845
usemtl kenney_prototype_textures/purple/texture_13
f  1469/528/846  1466/1296/846  1461/1392/846  1460/1393/846
usemtl kenney_prototype_textures/purple/texture_13
f  1460/1394/847  1465/1395/847  1469/546/847

o entity0_brush166
usemtl kenney_prototype_textures/purple/texture_13
f  1470/1396/848  1471/577/848  1472/1397/848
usemtl kenney_prototype_textures/purple/texture_13
f  1473/1398/849  1474/1247/849  1471/592/849  1470/1399/849
usemtl kenney_prototype_textures/purple/texture_13
f  1472/1400/850  1471/586/850  1475/1401/850  1476/1402/850
usemtl kenney_prototype_textures/purple/texture_13
f  1477/1250/851  1475/1401/851  1471/586/851  1474/1248/851
usemtl kenney_prototype_textures/purple/texture_13
f  1476/1403/852  1475/1404/852  1478/1405/852
usemtl kenney_prototype_textures/purple/texture_13
f  1478/1406/853  1475/1407/853  1477/1253/853  1479/1255/853
usemtl kenney_prototype_textures/purple/texture_13
f  1479/1266/854  1477/1265/854  1474/1264/854  1473/1408/854
usemtl kenney_prototype_textures/purple/texture_13
f  1470/1409/855  1472/1410/855  1476/1411/855  1478/1412/855  1479/1413/855  1473/1414/855

o entity0_brush167
usemtl kenney_prototype_textures/purple/texture_13
f  1480/1415/856  1481/1416/856  1482/1417/856  1483/1418/856
usemtl kenney_prototype_textures/purple/texture_13
f  1482/1419/857  1481/1387/857  1484/1386/857  1485/1420/857
usemtl kenney_prototype_textures/purple/texture_13
f  1486/1421/858  1484/1379/858  1481/1378/858  1480/1422/858
usemtl kenney_prototype_textures/purple/texture_13
f  1487/1193/859  1485/1423/859  1484/1391/859  1486/1424/859
usemtl kenney_prototype_textures/purple/texture_13
f  1483/1178/860  1482/1425/860  1485/1426/860  1487/1179/860
usemtl kenney_prototype_textures/purple/texture_13
f  1487/1196/861  1486/1427/861  1480/1428/861  1483/1197/861

o entity0_brush168
usemtl kenney_prototype_textures/purple/texture_13
f  1488/1396/862  1489/1429/862  1490/1160/862  1491/1161/862
usemtl kenney_prototype_textures/purple/texture_13
f  1491/1174/863  1490/1173/863  1492/1430/863  1493/1431/863
usemtl kenney_prototype_textures/purple/texture_13
f  1492/1432/864  1490/1165/864  1489/1433/864  1494/1434/864
usemtl kenney_prototype_textures/purple/texture_13
f  1495/1435/865  1494/1436/865  1489/1437/865  1488/1409/865
usemtl kenney_prototype_textures/purple/texture_13
f  1493/1438/866  1492/1439/866  1494/1440/866  1495/1441/866
usemtl kenney_prototype_textures/purple/texture_13
f  1495/1442/867  1488/1443/867  1491/1444/867  1493/1445/867

o entity0_brush169
usemtl kenney_prototype_textures/purple/texture_13
f  1496/1446/868  1497/1447/868  1498/1448/868  1499/1449/868
usemtl kenney_prototype_textures/purple/texture_13
f  1498/785/869  1497/1450/869  1500/1451/869  1501/778/869
usemtl kenney_prototype_textures/purple/texture_13
f  1502/1452/870  1500/1453/870  1497/1454/870  1496/1455/870
usemtl kenney_prototype_textures/purple/texture_13
f  1503/1456/871  1501/791/871  1500/1457/871  1502/1458/871
usemtl kenney_prototype_textures/purple/texture_13
f  1499/1363/872  1498/794/872  1501/793/872  1503/1459/872
usemtl kenney_prototype_textures/purple/texture_13
f  1503/1460/873  1502/1461/873  1496/1462/873  1499/1354/873

o entity0_brush170
usemtl kenney_prototype_textures/purple/texture_13
f  1504/1463/874  1505/1464/874  1506/1465/874  1507/1466/874
usemtl kenney_prototype_textures/purple/texture_13
f  1508/1467/875  1509/1468/875  1505/1469/875  1504/1470/875
usemtl kenney_prototype_textures/purple/texture_13
f  1507/1471/876  1506/1472/876  1510/1473/876
usemtl kenney_prototype_textures/purple/texture_13
f  1511/1474/877  1509/1475/877  1508/1476/877
usemtl kenney_prototype_textures/purple/texture_13
f  1510/1477/878  1506/1478/878  1505/1479/878  1509/1480/878  1511/1481/878
usemtl kenney_prototype_textures/purple/texture_13
f  1507/1482/879  1510/1483/879  1511/1484/879  1508/1485/879  1504/1486/879

o entity0_brush171
usemtl kenney_prototype_textures/purple/texture_13
f  1512/1487/33  1513/46/33  1514/66/33  1515/1488/33
usemtl kenney_prototype_textures/purple/texture_13
f  1516/604/880  1517/25/880  1513/41/880  1512/603/880
usemtl kenney_prototype_textures/purple/texture_13
f  1514/66/881  1513/46/881  1517/36/881  1518/1489/881  1519/1490/881
usemtl kenney_prototype_textures/purple/texture_13
f  1520/933/882  1518/1489/882  1517/36/882  1516/608/882
usemtl kenney_prototype_textures/purple/texture_13
f  1521/1491/883  1519/1492/883  1518/1493/883  1522/1494/883
usemtl kenney_prototype_textures/purple/texture_13
f  1522/1494/884  1518/1493/884  1520/1078/884
usemtl kenney_prototype_textures/purple/texture_13
f  1515/1495/12  1514/220/12  1519/1496/12  1521/1497/12
usemtl kenney_prototype_textures/purple/texture_13
f  1521/1498/885  1522/964/885  1520/963/885  1516/612/885  1512/611/885  1515/1499/885

o entity0_brush172
usemtl kenney_prototype_textures/purple/texture_13
f  1523/1500/886  1524/1501/886  1525/950/886  1526/951/886  1527/639/886  1528/638/886
usemtl kenney_prototype_textures/purple/texture_13
f  1529/272/12  1530/1502/12  1524/1503/12  1523/1504/12
usemtl kenney_prototype_textures/purple/texture_13
f  1526/977/887  1525/981/887  1531/1505/887
usemtl kenney_prototype_textures/purple/texture_13
f  1531/1506/888  1525/956/888  1524/1507/888  1530/1508/888
usemtl kenney_prototype_textures/purple/texture_13
f  1527/645/889  1526/953/889  1531/1506/889  1532/12/889
usemtl kenney_prototype_textures/purple/texture_13
f  1533/47/890  1532/12/890  1531/1506/890  1530/1508/890  1529/67/890
usemtl kenney_prototype_textures/purple/texture_13
f  1528/647/891  1527/646/891  1532/20/891  1533/53/891
usemtl kenney_prototype_textures/purple/texture_13
f  1523/1509/30  1528/1510/30  1533/47/30  1529/67/30

o entity0_brush173
usemtl kenney_prototype_textures/purple/texture_13
f  1534/611/892  1535/612/892  1536/963/892  1537/964/892  1538/1498/892  1539/1499/892
usemtl kenney_prototype_textures/purple/texture_13
f  1539/1511/12  1538/1512/12  1540/1513/12  1541/277/12
usemtl kenney_prototype_textures/purple/texture_13
f  1542/1489/893  1537/967/893  1536/933/893
usemtl kenney_prototype_textures/purple/texture_13
f  1540/1490/894  1538/1514/894  1537/967/894  1542/1489/894
usemtl kenney_prototype_textures/purple/texture_13
f  1543/36/895  1542/1489/895  1536/933/895  1535/608/895
usemtl kenney_prototype_textures/purple/texture_13
f  1541/66/896  1540/1490/896  1542/1489/896  1543/36/896  1544/46/896
usemtl kenney_prototype_textures/purple/texture_13
f  1544/41/897  1543/25/897  1535/604/897  1534/603/897
usemtl kenney_prototype_textures/purple/texture_13
f  1541/66/30  1544/46/30  1534/1487/30  1539/1488/30

o entity0_brush174
usemtl kenney_prototype_textures/purple/texture_13
f  1545/1509/33  1546/67/33  1547/47/33  1548/1510/33
usemtl kenney_prototype_textures/purple/texture_13
f  1548/647/898  1547/53/898  1549/20/898  1550/646/898
usemtl kenney_prototype_textures/purple/texture_13
f  1551/1508/899  1552/1506/899  1549/12/899  1547/47/899  1546/67/899
usemtl kenney_prototype_textures/purple/texture_13
f  1550/645/900  1549/12/900  1552/1506/900  1553/953/900
usemtl kenney_prototype_textures/purple/texture_13
f  1554/956/901  1552/1506/901  1551/1508/901  1555/1507/901
usemtl kenney_prototype_textures/purple/texture_13
f  1553/953/902  1552/1506/902  1554/956/902
usemtl kenney_prototype_textures/purple/texture_13
f  1555/1515/12  1551/1516/12  1546/219/12  1545/1517/12
usemtl kenney_prototype_textures/purple/texture_13
f  1553/951/903  1554/950/903  1555/1501/903  1545/1500/903  1548/638/903  1550/639/903

o entity0_brush175
usemtl kenney_prototype_textures/purple/texture_13
f  1556/1518/904  1557/1519/904  1558/1520/904  1559/1521/904  1560/1522/904  1561/1523/904
usemtl kenney_prototype_textures/purple/texture_13
f  1562/1503/12  1563/1524/12  1557/1525/12  1556/1526/12
usemtl kenney_prototype_textures/purple/texture_13
f  1559/933/905  1558/931/905  1564/1489/905
usemtl kenney_prototype_textures/purple/texture_13
f  1564/1489/906  1558/931/906  1557/1527/906  1563/1490/906
usemtl kenney_prototype_textures/purple/texture_13
f  1560/937/907  1559/933/907  1564/1489/907  1565/980/907
usemtl kenney_prototype_textures/purple/texture_13
f  1566/957/908  1565/955/908  1564/1493/908  1563/1492/908  1562/1507/908
usemtl kenney_prototype_textures/purple/texture_13
f  1561/650/909  1560/1086/909  1565/960/909  1566/961/909
usemtl kenney_prototype_textures/purple/texture_13
f  1556/1528/910  1561/641/910  1566/949/910  1562/1501/910

o entity0_brush176
usemtl kenney_prototype_textures/purple/texture_13
f  1567/610/911  1568/965/911  1569/1498/911  1570/1529/911
usemtl kenney_prototype_textures/purple/texture_13
f  1571/948/912  1572/974/912  1568/973/912  1567/602/912
usemtl kenney_prototype_textures/purple/texture_13
f  1569/1514/913  1568/966/913  1572/968/913  1573/1505/913  1574/1530/913
usemtl kenney_prototype_textures/purple/texture_13
f  1575/953/914  1573/1506/914  1572/1531/914  1571/1092/914
usemtl kenney_prototype_textures/purple/texture_13
f  1576/1532/915  1574/1508/915  1573/1506/915  1577/1050/915
usemtl kenney_prototype_textures/purple/texture_13
f  1577/1050/916  1573/1506/916  1575/953/916
usemtl kenney_prototype_textures/purple/texture_13
f  1570/1533/12  1569/1497/12  1574/1534/12  1576/1535/12
usemtl kenney_prototype_textures/purple/texture_13
f  1576/1536/917  1577/1045/917  1575/1044/917  1571/1043/917  1567/1042/917  1570/1537/917

o entity0_brush177
usemtl kenney_prototype_textures/purple/texture_13
f  1578/1528/918  1579/1501/918  1580/949/918  1581/641/918
usemtl kenney_prototype_textures/purple/texture_13
f  1581/650/919  1580/961/919  1582/960/919  1583/1086/919
usemtl kenney_prototype_textures/purple/texture_13
f  1584/1492/920  1585/1493/920  1582/955/920  1580/957/920  1579/1507/920
usemtl kenney_prototype_textures/purple/texture_13
f  1583/1092/686  1582/1531/686  1585/1506/686  1586/953/686
usemtl kenney_prototype_textures/purple/texture_13
f  1587/1050/921  1585/1506/921  1584/1508/921  1588/1532/921
usemtl kenney_prototype_textures/purple/texture_13
f  1586/953/922  1585/1506/922  1587/1050/922
usemtl kenney_prototype_textures/purple/texture_13
f  1588/1538/12  1584/1539/12  1579/1515/12  1578/1540/12
usemtl kenney_prototype_textures/purple/texture_13
f  1586/1089/923  1587/1088/923  1588/1541/923  1578/1542/923  1581/1091/923  1583/1090/923

o entity0_brush178
usemtl kenney_prototype_textures/purple/texture_13
f  1589/939/924  1590/943/924  1591/942/924  1592/941/924  1593/1543/924  1594/1544/924
usemtl kenney_prototype_textures/purple/texture_13
f  1594/1545/12  1593/1546/12  1595/1547/12  1596/1512/12
usemtl kenney_prototype_textures/purple/texture_13
f  1597/1489/925  1592/931/925  1591/933/925
usemtl kenney_prototype_textures/purple/texture_13
f  1595/1490/926  1593/1527/926  1592/931/926  1597/1489/926
usemtl kenney_prototype_textures/purple/texture_13
f  1598/968/927  1597/1505/927  1591/977/927  1590/1047/927
usemtl kenney_prototype_textures/purple/texture_13
f  1596/1514/928  1595/1530/928  1597/1505/928  1598/968/928  1599/966/928
usemtl kenney_prototype_textures/purple/texture_13
f  1599/973/929  1598/974/929  1590/948/929  1589/602/929
usemtl kenney_prototype_textures/purple/texture_13
f  1596/1498/930  1599/965/930  1589/610/930  1594/1529/930

o entity0_brush179
usemtl kenney_prototype_textures/purple/texture_13
f  1600/1548/931  1601/1549/931  1602/1550/931  1603/1551/931
usemtl kenney_prototype_textures/purple/texture_13
f  1604/631/932  1605/1552/932  1601/1553/932  1600/630/932
usemtl kenney_prototype_textures/purple/texture_13
f  1606/67/933  1602/1532/933  1601/1049/933  1605/1051/933  1607/12/933  1608/47/933
usemtl kenney_prototype_textures/purple/texture_13
f  1609/645/934  1607/12/934  1605/1051/934  1604/644/934
usemtl kenney_prototype_textures/purple/texture_13
f  1603/1554/12  1602/1535/12  1606/192/12  1610/1555/12
usemtl kenney_prototype_textures/purple/texture_13
f  1611/647/935  1608/53/935  1607/20/935  1609/646/935
usemtl kenney_prototype_textures/purple/texture_13
f  1610/1509/4  1606/67/4  1608/47/4  1611/1510/4
usemtl kenney_prototype_textures/purple/texture_13
f  1600/641/936  1603/1528/936  1610/1500/936  1611/638/936  1609/639/936  1604/640/936

o entity0_brush180
usemtl kenney_prototype_textures/purple/texture_13
f  1612/1529/937  1613/1499/937  1614/611/937  1615/612/937  1616/613/937  1617/610/937
usemtl kenney_prototype_textures/purple/texture_13
f  1618/46/3  1614/1487/3  1613/1488/3  1619/66/3
usemtl kenney_prototype_textures/purple/texture_13
f  1620/1525/12  1619/31/12  1613/1556/12  1612/1557/12
usemtl kenney_prototype_textures/purple/texture_13
f  1621/25/938  1615/604/938  1614/603/938  1618/41/938
usemtl kenney_prototype_textures/purple/texture_13
f  1616/607/939  1615/608/939  1621/36/939  1622/932/939
usemtl kenney_prototype_textures/purple/texture_13
f  1623/934/940  1622/932/940  1621/36/940  1618/46/940  1619/66/940  1620/1527/940
usemtl kenney_prototype_textures/purple/texture_13
f  1617/628/941  1616/627/941  1622/1558/941  1623/1559/941
usemtl kenney_prototype_textures/purple/texture_13
f  1612/1560/942  1617/1561/942  1623/1083/942  1620/1562/942

o entity0_brush181
usemtl kenney_prototype_textures/purple/texture_13
f  1624/610/943  1625/613/943  1626/612/943  1627/611/943  1628/1499/943  1629/1529/943
usemtl kenney_prototype_textures/purple/texture_13
f  1629/1563/12  1628/1564/12  1630/193/12  1631/1546/12
usemtl kenney_prototype_textures/purple/texture_13
f  1630/66/4  1628/1488/4  1627/1487/4  1632/46/4
usemtl kenney_prototype_textures/purple/texture_13
f  1632/41/944  1627/603/944  1626/604/944  1633/25/944
usemtl kenney_prototype_textures/purple/texture_13
f  1634/932/945  1633/36/945  1626/608/945  1625/607/945
usemtl kenney_prototype_textures/purple/texture_13
f  1631/1527/946  1630/66/946  1632/46/946  1633/36/946  1634/932/946  1635/934/946
usemtl kenney_prototype_textures/purple/texture_13
f  1635/926/947  1634/925/947  1625/619/947  1624/618/947
usemtl kenney_prototype_textures/purple/texture_13
f  1624/939/948  1629/1544/948  1631/1565/948  1635/1566/948

o entity0_brush182
usemtl kenney_prototype_textures/purple/texture_13
f  1636/1537/685  1637/1541/685  1638/1087/685  1639/1042/685
usemtl kenney_prototype_textures/purple/texture_13
f  1639/630/949  1638/1553/949  1640/1552/949  1641/631/949
usemtl kenney_prototype_textures/purple/texture_13
f  1642/12/950  1640/1051/950  1638/1049/950  1637/1532/950  1643/67/950  1644/47/950
usemtl kenney_prototype_textures/purple/texture_13
f  1641/644/951  1640/1051/951  1642/12/951  1645/645/951
usemtl kenney_prototype_textures/purple/texture_13
f  1646/1510/3  1644/47/3  1643/67/3  1647/1509/3
usemtl kenney_prototype_textures/purple/texture_13
f  1647/1567/12  1643/32/12  1637/1538/12  1636/1568/12
usemtl kenney_prototype_textures/purple/texture_13
f  1645/646/952  1642/20/952  1644/53/952  1646/647/952
usemtl kenney_prototype_textures/purple/texture_13
f  1645/639/953  1646/638/953  1647/1500/953  1636/1528/953  1639/641/953  1641/640/953

o entity0_brush183
usemtl kenney_prototype_textures/purple/texture_13
f  1648/1569/954  1649/1570/954  1650/1571/954
usemtl kenney_prototype_textures/purple/texture_13
f  1651/1572/955  1652/1573/955  1653/775/955
usemtl kenney_prototype_textures/purple/texture_13
f  1653/775/956  1652/1573/956  1650/1571/956  1649/1570/956  1654/1574/956  1655/777/956
usemtl kenney_prototype_textures/purple/texture_13
f  1656/1575/957  1649/1576/957  1648/1577/957
usemtl kenney_prototype_textures/purple/texture_13
f  1654/1578/958  1649/1579/958  1656/1580/958  1657/1581/958
usemtl kenney_prototype_textures/purple/texture_13
f  1658/787/959  1655/777/959  1654/1574/959  1659/1582/959
usemtl kenney_prototype_textures/purple/texture_13
f  1660/1583/960  1661/1584/960  1662/1585/960  1657/1586/960  1656/1587/960  1648/1588/960  1650/1589/960  1652/1590/960  1651/1591/960  1663/1592/960  1664/1593/960  1665/1594/960
usemtl kenney_prototype_textures/purple/texture_13
f  1659/1595/961  1654/1596/961  1657/1597/961  1662/1598/961
usemtl kenney_prototype_textures/purple/texture_13
f  1663/1599/962  1651/1600/962  1653/782/962  1655/781/962  1658/780/962  1666/1601/962
usemtl kenney_prototype_textures/purple/texture_13
f  1659/1602/963  1662/1603/963  1661/1604/963  1667/1605/963
usemtl kenney_prototype_textures/purple/texture_13
f  1667/898/964  1661/1606/964  1660/1607/964
usemtl kenney_prototype_textures/purple/texture_13
f  1665/1608/965  1664/1609/965  1666/1610/965  1658/787/965  1659/1582/965  1667/902/965
usemtl kenney_prototype_textures/purple/texture_13
f  1663/1611/966  1666/1610/966  1664/1609/966
usemtl kenney_prototype_textures/purple/texture_13
f  1660/1612/967  1665/1608/967  1667/902/967

o entity0_brush184
usemtl kenney_prototype_textures/purple/texture_13
f  1668/1068/968  1669/1613/968  1670/1614/968
usemtl kenney_prototype_textures/purple/texture_13
f  1671/1615/969  1672/1616/969  1673/1617/969  1674/1618/969  1669/1619/969  1668/1620/969  1675/1621/969
usemtl kenney_prototype_textures/purple/texture_13
f  1676/1622/970  1674/1623/970  1673/1624/970
usemtl kenney_prototype_textures/purple/texture_13
f  1670/1625/971  1669/1626/971  1674/1623/971  1676/1622/971  1677/1071/971
usemtl kenney_prototype_textures/purple/texture_13
f  1678/1627/972  1677/1071/972  1676/1622/972
usemtl kenney_prototype_textures/purple/texture_13
f  1675/1628/973  1668/1066/973  1670/1629/973  1677/1064/973  1678/1630/973  1679/1631/973  1680/1632/973
usemtl kenney_prototype_textures/purple/texture_13
f  1679/1633/974  1678/1627/974  1676/1622/974  1673/1624/974  1672/1634/974
usemtl kenney_prototype_textures/purple/texture_13
f  1680/1635/975  1679/1633/975  1672/1634/975  1671/1636/975
usemtl kenney_prototype_textures/purple/texture_13
f  1680/1635/976  1671/1636/976  1675/1637/976

o entity0_brush185
usemtl kenney_prototype_textures/purple/texture_13
f  1681/824/977  1682/827/977  1683/1570/977
usemtl kenney_prototype_textures/purple/texture_13
f  1683/1570/978  1682/827/978  1684/829/978  1685/1638/978
usemtl kenney_prototype_textures/purple/texture_13
f  1686/893/979  1684/852/979  1682/851/979  1681/850/979
usemtl kenney_prototype_textures/purple/texture_13
f  1685/1638/980  1684/829/980  1687/1639/980
usemtl kenney_prototype_textures/purple/texture_13
f  1687/1640/981  1684/1641/981  1686/895/981
usemtl kenney_prototype_textures/purple/texture_13
f  1681/1642/982  1683/1576/982  1685/1643/982  1687/1644/982  1686/1645/982

o entity0_brush186
usemtl kenney_prototype_textures/purple/texture_13
f  1688/1646/983  1689/1647/983  1690/1648/983
usemtl kenney_prototype_textures/purple/texture_13
f  1691/1649/984  1692/1650/984  1689/1647/984  1688/1646/984
usemtl kenney_prototype_textures/purple/texture_13
f  1693/1651/985  1694/1652/985  1695/1653/985  1692/1650/985  1691/1649/985
usemtl kenney_prototype_textures/purple/texture_13
f  1696/1068/986  1690/1654/986  1689/1655/986  1692/1656/986  1695/1657/986  1697/1658/986
usemtl kenney_prototype_textures/purple/texture_13
f  1697/1659/987  1695/1653/987  1694/1652/987
usemtl kenney_prototype_textures/purple/texture_13
f  1698/1660/988  1694/1652/988  1693/1651/988
usemtl kenney_prototype_textures/purple/texture_13
f  1697/1659/989  1694/1652/989  1698/1660/989  1699/1661/989
usemtl kenney_prototype_textures/purple/texture_13
f  1699/1662/990  1698/1663/990  1693/1664/990  1691/1665/990  1688/1666/990  1690/1667/990  1696/1668/990
usemtl kenney_prototype_textures/purple/texture_13
f  1696/1620/991  1697/1669/991  1699/1670/991

o entity0_brush187
usemtl kenney_prototype_textures/purple/texture_13
f  1700/1668/992  1701/1671/992  1702/1663/992  1703/1672/992
usemtl kenney_prototype_textures/purple/texture_13
f  1704/1673/993  1705/1674/993  1701/1675/993  1700/1676/993  1706/1677/993
usemtl kenney_prototype_textures/purple/texture_13
f  1707/1678/994  1708/1623/994  1702/1660/994  1701/1679/994  1705/1680/994
usemtl kenney_prototype_textures/purple/texture_13
f  1703/1681/995  1702/1660/995  1708/1623/995
usemtl kenney_prototype_textures/purple/texture_13
f  1706/1682/996  1700/1620/996  1703/1683/996  1708/1618/996  1707/1684/996  1709/1685/996
usemtl kenney_prototype_textures/purple/texture_13
f  1709/1686/997  1707/1678/997  1705/1680/997  1704/1687/997
usemtl kenney_prototype_textures/purple/texture_13
f  1706/1688/998  1709/1686/998  1704/1687/998

o entity0_brush188
usemtl kenney_prototype_textures/purple/texture_13
f  1710/1689/999  1711/1649/999  1712/1690/999
usemtl kenney_prototype_textures/purple/texture_13
f  1713/1691/1000  1714/1651/1000  1711/1649/1000  1710/1689/1000
usemtl kenney_prototype_textures/purple/texture_13
f  1715/1668/1001  1712/1692/1001  1711/1665/1001  1714/1664/1001
usemtl kenney_prototype_textures/purple/texture_13
f  1714/1651/1002  1713/1691/1002  1716/1693/1002
usemtl kenney_prototype_textures/purple/texture_13
f  1716/1694/1003  1713/1695/1003  1710/1696/1003  1712/1697/1003  1715/1698/1003
usemtl kenney_prototype_textures/purple/texture_13
f  1714/1699/1004  1716/1700/1004  1715/1676/1004

o entity0_brush189
usemtl kenney_prototype_textures/purple/texture_13
f  1717/1701/1005  1718/1702/1005  1719/1703/1005
usemtl kenney_prototype_textures/purple/texture_13
f  1720/1704/1006  1719/1705/1006  1718/1706/1006  1721/1602/1006
usemtl kenney_prototype_textures/purple/texture_13
f  1721/1582/1007  1718/1707/1007  1717/1708/1007  1722/899/1007
usemtl kenney_prototype_textures/purple/texture_13
f  1722/897/1008  1717/1709/1008  1719/1710/1008  1720/1711/1008
usemtl kenney_prototype_textures/purple/texture_13
f  1721/1582/1009  1722/899/1009  1720/1712/1009

o entity0_brush190
usemtl kenney_prototype_textures/purple/texture_13
f  1723/1713/1010  1724/1574/1010  1725/1570/1010
usemtl kenney_prototype_textures/purple/texture_13
f  1726/1645/1011  1723/1714/1011  1725/1576/1011
usemtl kenney_prototype_textures/purple/texture_13
f  1724/1574/1012  1723/1713/1012  1727/1715/1012
usemtl kenney_prototype_textures/purple/texture_13
f  1723/1716/1013  1726/1717/1013  1727/1718/1013
usemtl kenney_prototype_textures/purple/texture_13
f  1725/1579/1014  1724/1578/1014  1727/1719/1014  1726/1720/1014

o entity0_brush191
usemtl kenney_prototype_textures/purple/texture_13
f  1728/1721/1015  1729/1691/1015  1730/1722/1015
usemtl kenney_prototype_textures/purple/texture_13
f  1731/1723/1016  1730/1724/1016  1729/1695/1016  1732/1694/1016
usemtl kenney_prototype_textures/purple/texture_13
f  1732/1693/1017  1729/1691/1017  1728/1721/1017  1733/1725/1017
usemtl kenney_prototype_textures/purple/texture_13
f  1733/1726/1018  1728/1727/1018  1730/1728/1018  1731/1729/1018
usemtl kenney_prototype_textures/purple/texture_13
f  1731/1730/1019  1732/1700/1019  1733/1731/1019

o entity0_brush192
usemtl kenney_prototype_textures/purple/texture_13
f  1734/1732/1020  1735/1733/1020  1736/1734/1020
usemtl kenney_prototype_textures/purple/texture_13
f  1737/1735/1021  1736/1736/1021  1735/1737/1021  1738/1738/1021
usemtl kenney_prototype_textures/purple/texture_13
f  1734/1739/1022  1736/1740/1022  1737/1741/1022
usemtl kenney_prototype_textures/purple/texture_13
f  1738/1673/1023  1735/1676/1023  1734/1742/1023
usemtl kenney_prototype_textures/purple/texture_13
f  1734/1739/1024  1737/1741/1024  1738/1687/1024

o entity0_brush193
usemtl kenney_prototype_textures/purple/texture_13
f  1739/1743/1025  1740/1578/1025  1741/1720/1025
usemtl kenney_prototype_textures/purple/texture_13
f  1741/1744/1026  1740/1596/1026  1742/1595/1026
usemtl kenney_prototype_textures/purple/texture_13
f  1742/1582/1027  1740/1574/1027  1739/1745/1027
usemtl kenney_prototype_textures/purple/texture_13
f  1742/1602/1028  1739/1746/1028  1741/1717/1028

o entity0_brush194
usemtl kenney_prototype_textures/purple/texture_13
f  1743/1733/1029  1744/1747/1029  1745/1734/1029
usemtl kenney_prototype_textures/purple/texture_13
f  1746/1748/1030  1744/1749/1030  1743/1750/1030
usemtl kenney_prototype_textures/purple/texture_13
f  1745/1740/1031  1744/1751/1031  1746/1741/1031
usemtl kenney_prototype_textures/purple/texture_13
f  1743/1737/1032  1745/1736/1032  1746/1735/1032

o entity0_brush195
usemtl kenney_prototype_textures/purple/texture_13
f  1747/1752/1033  1748/1753/1033  1749/1754/1033
usemtl kenney_prototype_textures/purple/texture_13
f  1750/1468/1034  1751/1755/1034  1752/1756/1034
usemtl kenney_prototype_textures/purple/texture_13
f  1752/1756/1035  1751/1755/1035  1753/801/1035  1754/1757/1035  1747/1752/1035  1749/1754/1035
usemtl kenney_prototype_textures/purple/texture_13
f  1748/1758/1036  1747/1759/1036  1755/1760/1036
usemtl kenney_prototype_textures/purple/texture_13
f  1747/1761/1037  1754/1762/1037  1756/1473/1037  1755/1763/1037
usemtl kenney_prototype_textures/purple/texture_13
f  1757/810/1038  1758/809/1038  1753/808/1038  1751/1764/1038  1750/1475/1038  1759/1227/1038
usemtl kenney_prototype_textures/purple/texture_13
f  1754/1757/1039  1753/801/1039  1758/803/1039  1760/1741/1039
usemtl kenney_prototype_textures/purple/texture_13
f  1761/1765/1040  1762/1766/1040  1759/1233/1040  1750/1480/1040  1752/1767/1040  1749/1768/1040  1748/1769/1040  1755/1770/1040  1756/1477/1040  1763/1771/1040  1764/1772/1040  1765/1773/1040
usemtl kenney_prototype_textures/purple/texture_13
f  1763/1774/1041  1756/1775/1041  1754/1776/1041  1760/1748/1041
usemtl kenney_prototype_textures/purple/texture_13
f  1766/1738/1042  1764/1777/1042  1763/1778/1042  1760/1735/1042
usemtl kenney_prototype_textures/purple/texture_13
f  1765/1779/1043  1764/1780/1043  1766/1673/1043
usemtl kenney_prototype_textures/purple/texture_13
f  1766/1687/1044  1760/1741/1044  1758/803/1044  1757/812/1044  1762/1781/1044  1761/1782/1044
usemtl kenney_prototype_textures/purple/texture_13
f  1762/1781/1045  1757/812/1045  1759/1239/1045
usemtl kenney_prototype_textures/purple/texture_13
f  1761/1782/1046  1765/1783/1046  1766/1687/1046

o entity0_brush196
usemtl kenney_prototype_textures/purple/texture_13
f  1767/600/1047  1768/976/1047  1769/975/1047  1770/974/1047  1771/973/1047  1772/601/1047
usemtl kenney_prototype_textures/purple/texture_13
f  1773/978/1048  1769/979/1048  1768/1784/1048
usemtl kenney_prototype_textures/purple/texture_13
f  1774/981/1049  1770/980/1049  1769/979/1049  1773/978/1049  1775/977/1049
usemtl kenney_prototype_textures/purple/texture_13
f  1771/966/556  1770/968/556  1774/967/556
usemtl kenney_prototype_textures/purple/texture_13
f  1776/35/1050  1773/928/1050  1768/930/1050  1767/26/1050
usemtl kenney_prototype_textures/purple/texture_13
f  1777/608/1051  1775/933/1051  1773/928/1051  1776/35/1051
usemtl kenney_prototype_textures/purple/texture_13
f  1772/611/1052  1771/965/1052  1774/964/1052  1775/963/1052  1777/612/1052
usemtl kenney_prototype_textures/purple/texture_13
f  1776/24/1053  1767/23/1053  1772/603/1053  1777/604/1053

o entity0_brush197
usemtl kenney_prototype_textures/purple/texture_13
f  1778/1785/1054  1779/1786/1054  1780/1787/1054  1781/1788/1054  1782/1789/1054  1783/1790/1054  1784/1454/1054  1785/1453/1054  1786/1791/1054
usemtl kenney_prototype_textures/purple/texture_13
f  1787/1594/1055  1788/1593/1055  1789/1592/1055  1784/1792/1055  1783/1585/1055  1790/1584/1055  1791/1583/1055
usemtl kenney_prototype_textures/purple/texture_13
f  1785/1451/1056  1784/1793/1056  1789/1599/1056
usemtl kenney_prototype_textures/purple/texture_13
f  1790/1604/1057  1783/1603/1057  1782/1794/1057
usemtl kenney_prototype_textures/purple/texture_13
f  1791/1607/1058  1790/1606/1058  1782/1795/1058  1781/1796/1058  1792/894/1058
usemtl kenney_prototype_textures/purple/texture_13
f  1792/870/1059  1781/1797/1059  1780/1798/1059
usemtl kenney_prototype_textures/purple/texture_13
f  1793/1799/1060  1788/1609/1060  1787/1608/1060
usemtl kenney_prototype_textures/purple/texture_13
f  1786/1800/1061  1785/1457/1061  1789/1611/1061  1788/1609/1061  1793/1799/1061
usemtl kenney_prototype_textures/purple/texture_13
f  1793/1799/1062  1787/1608/1062  1791/1612/1062  1792/888/1062  1779/1801/1062  1778/1802/1062
usemtl kenney_prototype_textures/purple/texture_13
f  1779/1801/1063  1792/888/1063  1780/1803/1063
usemtl kenney_prototype_textures/purple/texture_13
f  1786/1800/1064  1793/1799/1064  1778/1802/1064

o entity0_brush198
usemtl kenney_prototype_textures/purple/texture_13
f  1794/1804/1065  1795/1805/1065  1796/1806/1065
usemtl kenney_prototype_textures/purple/texture_13
f  1797/1807/1066  1798/824/1066  1799/1808/1066
usemtl kenney_prototype_textures/purple/texture_13
f  1799/1808/1067  1798/824/1067  1800/1569/1067  1801/1571/1067  1795/1805/1067  1794/1804/1067
usemtl kenney_prototype_textures/purple/texture_13
f  1796/1806/1068  1795/1805/1068  1802/1573/1068  1803/1809/1068  1804/1810/1068
usemtl kenney_prototype_textures/purple/texture_13
f  1802/1573/1069  1795/1805/1069  1801/1571/1069
usemtl kenney_prototype_textures/purple/texture_13
f  1805/1811/1070  1798/850/1070  1797/1812/1070
usemtl kenney_prototype_textures/purple/texture_13
f  1806/1813/1071  1807/1575/1071  1800/1577/1071  1798/1642/1071  1805/1814/1071
usemtl kenney_prototype_textures/purple/texture_13
f  1808/1581/1072  1807/1580/1072  1806/1815/1072
usemtl kenney_prototype_textures/purple/texture_13
f  1809/1816/1073  1803/1817/1073  1802/1590/1073  1801/1589/1073  1800/1588/1073  1807/1587/1073  1808/1586/1073
usemtl kenney_prototype_textures/purple/texture_13
f  1804/1818/1074  1803/1819/1074  1809/1217/1074
usemtl kenney_prototype_textures/purple/texture_13
f  1804/1820/1075  1809/1210/1075  1808/1821/1075  1806/1822/1075  1805/1823/1075  1797/1824/1075  1799/1825/1075  1794/1826/1075  1796/1827/1075

o entity0_brush199
usemtl kenney_prototype_textures/purple/texture_13
f  1810/1828/1076  1811/1829/1076  1812/1830/1076  1813/1831/1076  1814/1832/1076  1815/1833/1076  1816/1834/1076  1817/1835/1076  1818/1836/1076  1819/1837/1076  1820/1838/1076
usemtl kenney_prototype_textures/purple/texture_13
f  1821/1839/1077  1814/1840/1077  1813/1841/1077
usemtl kenney_prototype_textures/purple/texture_13
f  1822/1842/1078  1817/1843/1078  1816/1844/1078  1823/871/1078
usemtl kenney_prototype_textures/purple/texture_13
f  1824/1845/1079  1815/1846/1079  1814/1847/1079  1821/1615/1079
usemtl kenney_prototype_textures/purple/texture_13
f  1823/1067/1080  1816/1848/1080  1815/1849/1080  1824/1060/1080
usemtl kenney_prototype_textures/purple/texture_13
f  1818/1850/1081  1817/1851/1081  1822/1852/1081
usemtl kenney_prototype_textures/purple/texture_13
f  1821/1636/1082  1813/1853/1082  1812/1854/1082
usemtl kenney_prototype_textures/purple/texture_13
f  1825/1187/1083  1824/1076/1083  1821/1636/1083  1812/1854/1083  1811/1855/1083  1826/1188/1083
usemtl kenney_prototype_textures/purple/texture_13
f  1827/1189/1084  1819/1856/1084  1818/1857/1084  1822/1858/1084  1823/891/1084  1828/1190/1084
usemtl kenney_prototype_textures/purple/texture_13
f  1828/1190/1085  1823/891/1085  1824/1076/1085  1825/1187/1085
usemtl kenney_prototype_textures/purple/texture_13
f  1820/1859/1086  1819/1856/1086  1827/1189/1086
usemtl kenney_prototype_textures/purple/texture_13
f  1826/1188/1087  1811/1855/1087  1810/1860/1087
usemtl kenney_prototype_textures/purple/texture_13
f  1825/1181/1088  1826/1180/1088  1810/1861/1088  1820/1862/1088  1827/1183/1088  1828/1182/1088

o entity0_brush200
usemtl kenney_prototype_textures/purple/texture_13
f  1829/1863/1089  1830/1172/1089  1831/1171/1089  1832/1170/1089  1833/1177/1089  1834/1864/1089
usemtl kenney_prototype_textures/purple/texture_13
f  1835/1865/1090  1830/1164/1090  1829/1866/1090
usemtl kenney_prototype_textures/purple/texture_13
f  1834/1867/1091  1833/1167/1091  1836/1868/1091
usemtl kenney_prototype_textures/purple/texture_13
f  1837/820/1092  1832/1168/1092  1831/1169/1092  1838/1648/1092
usemtl kenney_prototype_textures/purple/texture_13
f  1839/1869/1093  1840/1646/1093  1838/1648/1093  1831/1169/1093  1830/1164/1093  1835/1865/1093
usemtl kenney_prototype_textures/purple/texture_13
f  1836/1868/1094  1833/1167/1094  1832/1168/1094  1837/820/1094  1841/1870/1094  1842/1871/1094
usemtl kenney_prototype_textures/purple/texture_13
f  1843/1872/1095  1840/1646/1095  1839/1869/1095
usemtl kenney_prototype_textures/purple/texture_13
f  1842/1873/1096  1841/1874/1096  1844/1875/1096
usemtl kenney_prototype_textures/purple/texture_13
f  1845/1876/1097  1837/1877/1097  1838/1654/1097  1846/1878/1097
usemtl kenney_prototype_textures/purple/texture_13
f  1844/1879/1098  1841/1880/1098  1837/849/1098  1845/1881/1098
usemtl kenney_prototype_textures/purple/texture_13
f  1846/1882/1099  1838/1667/1099  1840/1666/1099  1847/1883/1099
usemtl kenney_prototype_textures/purple/texture_13
f  1847/1884/1100  1840/1885/1100  1843/1886/1100
usemtl kenney_prototype_textures/purple/texture_13
f  1843/1887/1101  1839/1888/1101  1835/1889/1101  1829/1890/1101  1834/1891/1101  1836/1892/1101  1842/1893/1101  1844/1894/1101  1845/1895/1101  1846/1896/1101  1847/1897/1101

o entity0_brush201
usemtl kenney_prototype_textures/purple/texture_13
f  1848/1366/1102  1849/1864/1102  1850/1367/1102
usemtl kenney_prototype_textures/purple/texture_13
f  1850/1368/1103  1849/1867/1103  1851/1868/1103  1852/1898/1103  1853/1325/1103
usemtl kenney_prototype_textures/purple/texture_13
f  1853/1325/1104  1852/1898/1104  1854/1899/1104  1855/1900/1104
usemtl kenney_prototype_textures/purple/texture_13
f  1856/1895/1105  1857/1894/1105  1858/1893/1105  1851/1892/1105  1849/1891/1105  1848/1901/1105
usemtl kenney_prototype_textures/purple/texture_13
f  1858/1871/1106  1852/1898/1106  1851/1868/1106
usemtl kenney_prototype_textures/purple/texture_13
f  1854/1899/1107  1852/1898/1107  1858/1871/1107
usemtl kenney_prototype_textures/purple/texture_13
f  1858/1873/1108  1857/1875/1108  1859/1902/1108  1855/1903/1108  1854/1904/1108
usemtl kenney_prototype_textures/purple/texture_13
f  1860/1905/1109  1857/1879/1109  1856/1881/1109
usemtl kenney_prototype_textures/purple/texture_13
f  1859/1906/1110  1857/1907/1110  1860/1908/1110
usemtl kenney_prototype_textures/purple/texture_13
f  1860/1909/1111  1856/1910/1111  1848/1370/1111  1850/1369/1111  1853/1329/1111  1855/1911/1111  1859/1912/1111

o entity0_brush202
usemtl kenney_prototype_textures/purple/texture_13
f  1861/1430/1112  1862/1863/1112  1863/1431/1112
usemtl kenney_prototype_textures/purple/texture_13
f  1864/1401/1113  1865/1913/1113  1866/1865/1113  1862/1866/1113  1861/1432/1113
usemtl kenney_prototype_textures/purple/texture_13
f  1867/1914/1114  1865/1913/1114  1864/1401/1114
usemtl kenney_prototype_textures/purple/texture_13
f  1863/1915/1115  1862/1890/1115  1866/1889/1115  1868/1888/1115  1869/1887/1115  1870/1897/1115  1871/1896/1115
usemtl kenney_prototype_textures/purple/texture_13
f  1868/1869/1116  1866/1865/1116  1865/1913/1116
usemtl kenney_prototype_textures/purple/texture_13
f  1872/1916/1117  1873/1753/1117  1869/1872/1117  1868/1869/1117  1865/1913/1117  1867/1914/1117
usemtl kenney_prototype_textures/purple/texture_13
f  1871/1882/1118  1870/1883/1118  1874/1917/1118
usemtl kenney_prototype_textures/purple/texture_13
f  1874/1918/1119  1870/1884/1119  1869/1886/1119  1873/1758/1119  1875/1919/1119
usemtl kenney_prototype_textures/purple/texture_13
f  1875/1920/1120  1873/1769/1120  1872/1921/1120
usemtl kenney_prototype_textures/purple/texture_13
f  1874/1922/1121  1875/1923/1121  1872/1924/1121  1867/1925/1121  1864/1404/1121  1861/1439/1121  1863/1438/1121  1871/1926/1121

o entity0_brush203
usemtl kenney_prototype_textures/purple/texture_13
f  1876/1420/1122  1877/1388/1122  1878/1927/1122  1879/1928/1122  1880/1929/1122  1881/1930/1122  1882/1931/1122  1883/1419/1122
usemtl kenney_prototype_textures/purple/texture_13
f  1884/1773/1123  1880/1932/1123  1879/1933/1123
usemtl kenney_prototype_textures/purple/texture_13
f  1885/1840/1124  1881/1934/1124  1880/1935/1124  1884/1779/1124  1886/1841/1124
usemtl kenney_prototype_textures/purple/texture_13
f  1882/1846/1125  1881/1936/1125  1885/1847/1125
usemtl kenney_prototype_textures/purple/texture_13
f  1887/1937/1126  1888/1854/1126  1886/1853/1126  1884/1783/1126  1879/1938/1126  1878/1939/1126
usemtl kenney_prototype_textures/purple/texture_13
f  1889/1855/1127  1888/1854/1127  1887/1937/1127
usemtl kenney_prototype_textures/purple/texture_13
f  1883/1940/1128  1882/1833/1128  1885/1832/1128  1886/1831/1128  1888/1830/1128  1889/1829/1128  1890/1828/1128
usemtl kenney_prototype_textures/purple/texture_13
f  1887/1937/1129  1878/1939/1129  1877/1389/1129
usemtl kenney_prototype_textures/purple/texture_13
f  1890/1860/1130  1889/1855/1130  1887/1937/1130  1877/1389/1130  1876/1423/1130
usemtl kenney_prototype_textures/purple/texture_13
f  1890/1861/1131  1876/1426/1131  1883/1425/1131

o entity0_brush204
usemtl kenney_prototype_textures/purple/texture_13
f  1891/1310/1132  1892/1941/1132  1893/1942/1132  1894/1943/1132  1895/1944/1132  1896/1308/1132  1897/1307/1132
usemtl kenney_prototype_textures/purple/texture_13
f  1894/1945/1133  1893/1946/1133  1898/1947/1133
usemtl kenney_prototype_textures/purple/texture_13
f  1898/1843/1134  1893/1948/1134  1892/1844/1134
usemtl kenney_prototype_textures/purple/texture_13
f  1898/1851/1135  1899/1850/1135  1900/1949/1135  1895/1950/1135  1894/1951/1135
usemtl kenney_prototype_textures/purple/texture_13
f  1900/1952/1136  1899/1857/1136  1901/1953/1136
usemtl kenney_prototype_textures/purple/texture_13
f  1899/1857/1137  1902/1856/1137  1901/1953/1137
usemtl kenney_prototype_textures/purple/texture_13
f  1903/1838/1138  1902/1837/1138  1899/1836/1138  1898/1835/1138  1892/1834/1138  1891/1954/1138
usemtl kenney_prototype_textures/purple/texture_13
f  1896/1313/1139  1895/1955/1139  1900/1952/1139  1901/1953/1139
usemtl kenney_prototype_textures/purple/texture_13
f  1897/1314/1140  1896/1313/1140  1901/1953/1140  1902/1856/1140  1903/1859/1140
usemtl kenney_prototype_textures/purple/texture_13
f  1897/1317/1141  1903/1862/1141  1891/1318/1141

o entity0_brush205
usemtl kenney_prototype_textures/purple/texture_13
f  1904/1325/1142  1905/1900/1142  1906/1956/1142
usemtl kenney_prototype_textures/purple/texture_13
f  1907/1957/1143  1908/1958/1143  1905/1911/1143  1904/1329/1143
usemtl kenney_prototype_textures/purple/texture_13
f  1906/1959/1144  1905/1903/1144  1908/1960/1144  1909/1961/1144
usemtl kenney_prototype_textures/purple/texture_13
f  1909/1962/1145  1908/1963/1145  1907/1964/1145
usemtl kenney_prototype_textures/purple/texture_13
f  1906/1965/1146  1909/1966/1146  1907/1967/1146  1904/1334/1146

o entity0_brush206
usemtl kenney_prototype_textures/purple/texture_13
f  1910/1306/1147  1911/1968/1147  1912/1969/1147  1913/1970/1147
usemtl kenney_prototype_textures/purple/texture_13
f  1914/1945/1148  1912/1971/1148  1911/1946/1148
usemtl kenney_prototype_textures/purple/texture_13
f  1913/1972/1149  1912/1973/1149  1914/1951/1149  1915/1950/1149
usemtl kenney_prototype_textures/purple/texture_13
f  1915/1944/1150  1914/1943/1150  1911/1942/1150  1910/1308/1150
usemtl kenney_prototype_textures/purple/texture_13
f  1910/1313/1151  1913/1974/1151  1915/1955/1151

o entity0_brush207
usemtl kenney_prototype_textures/purple/texture_13
f  1916/1975/1152  1917/1976/1152  1918/1914/1152  1919/1401/1152
usemtl kenney_prototype_textures/purple/texture_13
f  1919/1404/1153  1918/1925/1153  1920/1977/1153  1921/1923/1153  1922/1922/1153
usemtl kenney_prototype_textures/purple/texture_13
f  1920/1978/1154  1918/1914/1154  1917/1976/1154
usemtl kenney_prototype_textures/purple/texture_13
f  1923/1469/1155  1924/1756/1155  1917/1976/1155  1916/1975/1155
usemtl kenney_prototype_textures/purple/texture_13
f  1920/1978/1156  1917/1976/1156  1924/1756/1156
usemtl kenney_prototype_textures/purple/texture_13
f  1921/1919/1157  1925/1979/1157  1922/1918/1157
usemtl kenney_prototype_textures/purple/texture_13
f  1925/1471/1158  1921/1980/1158  1926/1472/1158
usemtl kenney_prototype_textures/purple/texture_13
f  1920/1981/1159  1924/1767/1159  1923/1479/1159  1926/1478/1159  1921/1920/1159
usemtl kenney_prototype_textures/purple/texture_13
f  1919/1407/1160  1922/1982/1160  1925/1466/1160  1926/1465/1160  1923/1464/1160  1916/1983/1160

o entity0_brush208
usemtl kenney_prototype_textures/purple/texture_13
f  1927/1243/1161  1928/1984/1161  1929/1985/1161  1930/1986/1161  1931/1987/1161  1932/1383/1161
usemtl kenney_prototype_textures/purple/texture_13
f  1933/1988/1162  1929/1989/1162  1928/1990/1162  1934/1991/1162  1935/1765/1162
usemtl kenney_prototype_textures/purple/texture_13
f  1930/1992/1163  1929/1993/1163  1933/1994/1163
usemtl kenney_prototype_textures/purple/texture_13
f  1933/1995/1164  1931/1934/1164  1930/1996/1164
usemtl kenney_prototype_textures/purple/texture_13
f  1935/1782/1165  1934/1997/1165  1936/1998/1165
usemtl kenney_prototype_textures/purple/texture_13
f  1936/1998/1166  1934/1997/1166  1928/1999/1166  1927/1241/1166
usemtl kenney_prototype_textures/purple/texture_13
f  1935/1782/1167  1936/1998/1167  1937/1939/1167
usemtl kenney_prototype_textures/purple/texture_13
f  1932/1388/1168  1931/1930/1168  1933/2000/1168  1935/2001/1168  1937/1927/1168
usemtl kenney_prototype_textures/purple/texture_13
f  1927/1241/1169  1932/1389/1169  1937/1939/1169  1936/1998/1169

o entity0_brush209
usemtl kenney_prototype_textures/dark/texture_07
f  1938/2002/33  1939/2003/33  1940/2004/33  1941/2005/33
usemtl kenney_prototype_textures/dark/texture_07
f  1942/2006/3  1940/2007/3  1939/2008/3  1943/2009/3
usemtl kenney_prototype_textures/dark/texture_07
f  1943/2010/1170  1939/2011/1170  1938/2012/1170  1944/2013/1170
usemtl kenney_prototype_textures/dark/texture_07
f  1945/2013/1171  1941/2012/1171  1940/2011/1171  1942/2010/1171
usemtl kenney_prototype_textures/dark/texture_07
f  1944/2014/4  1938/2015/4  1941/2016/4  1945/2017/4
usemtl kenney_prototype_textures/dark/texture_07
f  1945/2005/30  1942/2004/30  1943/2003/30  1944/2002/30

o entity0_brush210
usemtl kenney_prototype_textures/dark/texture_07
f  1946/2018/33  1947/2019/33  1948/2020/33  1949/2021/33
usemtl kenney_prototype_textures/dark/texture_07
f  1950/2017/3  1948/2016/3  1947/2015/3  1951/2014/3
usemtl kenney_prototype_textures/dark/texture_07
f  1952/2022/1172  1949/2023/1172  1948/2024/1172  1950/2025/1172
usemtl kenney_prototype_textures/dark/texture_07
f  1951/2025/1173  1947/2024/1173  1946/2023/1173  1953/2022/1173
usemtl kenney_prototype_textures/dark/texture_07
f  1953/2009/4  1946/2008/4  1949/2007/4  1952/2006/4
usemtl kenney_prototype_textures/dark/texture_07
f  1950/2020/30  1951/2019/30  1953/2018/30  1952/2021/30

o entity0_brush211
usemtl kenney_prototype_textures/dark/texture_07
f  1954/2006/33  1955/2009/33  1956/2008/33  1957/2007/33
usemtl kenney_prototype_textures/dark/texture_07
f  1958/2026/1174  1956/2027/1174  1955/2028/1174  1959/2029/1174
usemtl kenney_prototype_textures/dark/texture_07
f  1960/2030/3  1957/2031/3  1956/2032/3  1958/2033/3
usemtl kenney_prototype_textures/dark/texture_07
f  1959/2033/4  1955/2032/4  1954/2031/4  1961/2030/4
usemtl kenney_prototype_textures/dark/texture_07
f  1961/2029/1175  1954/2028/1175  1957/2027/1175  1960/2026/1175
usemtl kenney_prototype_textures/dark/texture_07
f  1959/2014/30  1961/2017/30  1960/2016/30  1958/2015/30

o entity0_brush212
usemtl kenney_prototype_textures/dark/texture_07
f  1962/2015/33  1963/2016/33  1964/2017/33  1965/2014/33
usemtl kenney_prototype_textures/dark/texture_07
f  1966/2034/1176  1964/2035/1176  1963/2036/1176  1967/2037/1176
usemtl kenney_prototype_textures/dark/texture_07
f  1967/2021/3  1963/2020/3  1962/2019/3  1968/2018/3
usemtl kenney_prototype_textures/dark/texture_07
f  1969/2018/4  1965/2019/4  1964/2020/4  1966/2021/4
usemtl kenney_prototype_textures/dark/texture_07
f  1968/2037/1177  1962/2036/1177  1965/2035/1177  1969/2034/1177
usemtl kenney_prototype_textures/dark/texture_07
f  1969/2009/30  1966/2006/30  1967/2007/30  1968/2008/30

o entity0_brush213
usemtl kenney_prototype_textures/dark/texture_07
f  1970/2038/33  1971/2039/33  1972/2040/33  1973/2041/33
usemtl kenney_prototype_textures/dark/texture_07
f  1974/2006/3  1972/2007/3  1971/2008/3  1975/2009/3
usemtl kenney_prototype_textures/dark/texture_07
f  1975/2042/1170  1971/2043/1170  1970/2044/1170  1976/2045/1170
usemtl kenney_prototype_textures/dark/texture_07
f  1977/2045/1171  1973/2044/1171  1972/2043/1171  1974/2042/1171
usemtl kenney_prototype_textures/dark/texture_07
f  1976/2014/4  1970/2015/4  1973/2016/4  1977/2017/4
usemtl kenney_prototype_textures/dark/texture_07
f  1977/2041/30  1974/2040/30  1975/2039/30  1976/2038/30

