mtllib DomeFacadeFD.mtl
# vertices
v 0 130.3675323681848 -494.17593703228783
v -21.955267825655028 108.41226454256866 -500
v -22.367532368219997 108 -500
v -22.3675323681382 108 500
v -21.95636600864626 108.41116635949558 500
v 0 130.3675323681035 494.175741678621
v 21.956366008562327 108.41116635949555 500
v 22.36753236806075 108 500
v 22.367532368143806 108 -500
v 21.955665005927784 108.41186736221955 -500
v 0 -22.367532368149114 500
v -22.367532368149114 0 500
v -22.367532368148893 0 -500
v 0 -22.367532368147206 -500
v 22.367532368145476 0 500
v 22.36753236815275 0 -500
v 54 442.4029609042518 -271.47386875049517
v 54 402.30303014407946 -333.9965399439401
v 54 317.85430147019025 -414.51420822714846
v 54 217.9550871358554 -470.9418174260655
v 54 108.41116635950509 -500
v 54 -23.53801078119035 -500
v 54 -26 -499.0542637881117
v 54 -26 -54
v 54 511.38403685423316 -54
v 54 509.24498637998084 -80.81272509072268
v 54 506.40077055539166 -108.09931741142316
v 54 466.39342000572725 -230.98645327420314
v 66.43720762117086 402.3039456590563 -333.99511249903475
v 93.67615180232804 217.95508713585545 -470.9418174260655
v 82.45200247096932 317.8543014701902 -414.5142082271485
v 99.456183689819 108.41116635950516 -500
v 500 108.41116635948278 -54
v 470.94181742605554 217.95508713590442 -54
v 414.5142082271603 317.8543014701803 -54
v 333.99653994394555 402.3030301440753 -54
v 271.47633257482534 442.4012118903091 -54
v 230.9860689947664 466.3934200056996 -54
v 108.1004301893538 506.40077055539274 -54
v 80.81671118395025 509.24466837968157 -54
v 499.05431126565736 -26 -54
v 500 -23.538128466312507 -54
v 480.7852804032287 -26 -145.84462033754514
v 145.84462033753613 -26 -480.785280403233
v 236.83881202754375 -26 -443.09425210805637
v 318.7273645730435 -26 -388.37851872755135
v 388.37536019448794 -26 -318.7311178247728
v 443.09462915601034 -26 -236.83881202754273
v 99.4561836898227 0 -500
v 68.28056346130165 506.4007705553912 -102.18404451921768
v 102.18606335418303 506.4007705553925 -68.27854462632362
v 132.5889884213871 466.39342000570093 -198.43344413744313
v 189.19384215079634 402.3030301440574 -283.1485944236569
v 198.43344413746797 466.3934200056956 -132.58898842137265
v 234.80343746595597 317.8543014701851 -351.4081776052256
v 266.7671104714394 217.95508713585218 -399.2451948211605
v 283.2267676130366 108.41436787828792 -423.8788125507967
v 283.14859442373745 402.303030144024 -189.193842150787
v 283.2251983783688 -0.001149159640061015 -423.8803817720669
v 333.9965399439441 402.3030301440769 -66.43604245685833
v 351.4081776051624 317.8543014702431 -234.80343746597376
v 399.2451948211858 217.955087135814 -266.76711047144397
v 414.514208227218 317.85430147012033 -82.45200247091284
v 423.8795325112627 108.41116635953993 -283.2272486752841
v 423.88083242674594 0 -283.22594877090285
v 470.9418174260257 217.9550871359832 -93.67615180230554
v 500 108.411166359493 -99.4561836897581
v 500 0 -99.45618369010148
v 54 466.39187782177277 230.9890923186623
v 54 506.4007705553928 108.10011885929106
v 54 509.2446683796824 80.81671118393848
v 54 511.38403685423333 54
v 54 -26 54
v 54 -26 499.05426378811154
v 54 -23.53801078119027 500
v 54 108.41116635949584 500
v 54 217.9550871358806 470.9418174260609
v 54 317.8543014701855 414.5142082271508
v 54 402.30303014407593 333.9965399439422
v 54 442.40121196598386 271.4765956453099
v 82.45200247096957 317.8543014701854 414.51420822715085
v 93.67615180230351 217.95508713588066 470.9418174260609
v 99.45618368984083 108.41116635949594 500
v 99.45618368985359 0 500
v 66.43604245686507 402.30303014407593 333.9965399439422
v 443.09373176198704 -26 236.84015505838454
v 388.3753601944884 -26 318.7311178247729
v 318.73209169054326 -26 388.37536019448953
v 236.83881202750365 -26 443.09425210808286
v 145.8446203379037 -26 480.7852804030933
v 499.054311552592 -26 54
v 480.7852804025785 -26 145.84464965020155
v 500 -23.53812846638479 54
v 80.81671118394412 509.24466837968214 54
v 108.10043018935018 506.400770555393 54
v 230.98606899475425 466.3934200057052 54
v 271.47633257472984 442.40121189036427 54
v 333.99653994394333 402.3030301440711 54
v 414.5142082271518 317.8543014701879 54
v 470.9418174260511 217.9550871359151 54
v 500 108.41116635945308 54
v 68.2785446263272 506.4007705553925 102.18606335417651
v 102.18606335418002 506.4007705553927 68.27854462632465
v 132.5885387624846 466.3931160188984 198.43456409052607
v 189.19384215071295 402.30303014407434 283.14859442367054
v 198.4334441374544 466.3934200056993 132.5889884213815
v 234.80343746597381 317.85430147017274 351.40817760522793
v 266.7671104714288 217.95508713590752 399.2451948211343
v 283.2272486752507 108.41116635948146 423.87953251129386
v 283.148594423693 402.30303014406417 189.19384215073384
v 283.23629721959725 108.39703698724257 423.8757844815058
v 283.23060628211545 0.0018818866360916786 423.87814174499863
v 333.9965399439439 402.30303014407014 66.43604245688252
v 351.40817760517626 317.85430147024886 234.80343746596023
v 399.24519482116557 217.95508713589996 266.7671104713958
v 414.5142082271524 317.85430147018593 82.45200247096432
v 423.87957018045046 108.41099885234014 283.22727384497887
v 423.8772571195651 108.40227903543389 283.2328580714671
v 423.8796146159934 0 283.227166569403
v 470.9418174260502 217.95508713591502 93.67615180229494
v 500 108.41116635946484 99.4561836898213
v 500 0 99.45618369119336
v 54 -26 25.31209382594534
v 54 -26 54
v 54 43.25873216149856 54
v 500 43.25873216149837 54
v 499.05431155259214 -26 54
v 500 -23.538128466385388 54
v 500 -26 49.24570167858336
v 500 -26 25.312093825945382
v 54 513.9075940331753 -10.741267838498082
v 54 512.8135171675665 -36.081646447636565
v 54 511.3840368542332 -54
v 54 64.74126783849715 -54
v 54 325.47633257479174 54
v 54 511.38403685423333 54
v 54 512.8135171675665 36.08164644763666
v 54 513.9075940331753 10.741267838499706
v 333.9965399439533 402.3030301440647 54
v 271.476332574736 442.4012118903607 54
v 230.98606899475362 466.3934200057056 54
v 108.10043018935013 506.400770555393 54
v 80.8167111839386 509.2446683796827 54
v 407.24698014968584 325.47633257479583 54
v 500 64.74126783850235 -54
v 80.81671118394546 509.244668379682 -54
v 108.10043018935362 506.4007705553927 -54
v 230.9860689947671 466.39342000569945 -54
v 271.47633257482494 442.40121189030936 -54
v 333.9965399439444 402.303030144076 -54
v 414.5142082271578 317.85430147018286 -54
v 470.9418174260581 217.95508713589973 -54
v 500 108.41116635948283 -54
v 500 108.41116635947881 -35.911335765154796
v 470.9418174260509 217.95508713591278 9.46324189596811
v 414.5142082271611 317.85430147017735 50.842851343637435
v 120.5366802553222 506.400770555393 -23.97623642566793
v 120.53668025532218 506.4007705553931 23.976236425667103
v 234.06820678720214 466.3934200057061 46.55906114036417
v 234.06820678722084 466.3934200056997 -46.55906114035275
v 54 64.74126783849351 54
v 54 325.476332574799 54
v 54 195.10880020664735 -0
v 500 108.41116635946969 54
v 470.94181742605247 217.95508713591033 54
v 414.5142082271503 317.8543014701906 54
v 407.24698014968453 325.47633257479885 54
v 500 64.74126783850035 54
v 477.0021407376693 195.10880020665044 -0
v 414.5142082271507 317.85430147019 50.84285134364148
v 470.9418174260535 217.95508713591056 9.463241895966497
v 500 108.41116635947141 35.91133576515743
v 54 43.25873216149921 -54
v 54 -26 -54
v 54 -26 -25.312093825942704
v 500 -26 -25.31209382594284
v 499.0543112656574 -26 -54
v 500 -26 -49.24570167858101
v 500 -23.538128466312628 -54
v 500 43.25873216149903 -54
v 54 23.411457143080042 -45.7789895112237
v 54 -26 -25.31209382594352
v 54 -26 3.632467631854361
v 500 -26 -25.31209382594357
v 500 23.411457143079822 -45.778989511223664
v 500 -26 3.6324676318541647
v 54 149.32981069542802 -18.96227832727891
v 54 84.58854285693815 45.778989511212785
v 54 195.1088002066478 -0
v 500 108.41116635946338 35.911335765161624
v 477.00214073766983 195.10880020665078 -0
v 500 84.58854285693324 45.7789895112175
v 489.14571042039785 149.3298106954279 -18.962278327278963
v 500 108.41116635946605 21.95636600868404
v 54 -22.367532368145476 -0
v 54 -26 3.6324676318545244
v 54 -26 25.312093825935712
v 54 23.41145714306338 45.77898951120916
v 500 -26 3.6324676318543796
v 500 -22.367532368145614 -0
v 500 23.411457143063558 45.77898951120946
v 500 -26 25.312093825935943
v 54 149.32981069543166 -18.962278327286185
v 54 84.58854285691632 -45.778989511229156
v 54 130.36753236814607 -0
v 500 108.41116635947853 -21.956366008666695
v 494.17574167860585 130.36753236814596 -0
v 500 84.58854285691632 -45.77898951122906
v 489.14571042039694 149.32981069543152 -18.96227832728616
v 500 108.4111663594793 -35.91133576515912
v 54 130.36753236814184 -0
v 54 108 -22.367532368141838
v 54 108 22.36753236814898
v 500 108 22.367532368146996
v 500 108 -22.36753236814169
v 494.1757416786059 130.36753236814084 -0
v 500 108.41116635947556 -21.956366008666127
v 500 108.41116635945517 21.95636600869171
v 54 0 -22.367532368145476
v 54 -22.367532368145476 -0
v 54 0 22.367532368145547
v 500 -22.367532368145625 -0
v 500 0 -22.367532368145625
v 500 0 22.367532368145696
v 54 0 10.74126783850079
v 54 0 22.367532368145476
v 54 8.221010488779422 30.588542856924946
v 500 8.221010488779553 30.588542856925276
v 500 0 22.367532368145675
v 500 0 10.741267838500823
v 54 99.77898951122188 -30.588542856923596
v 54 108 -10.741267838504427
v 54 108 -22.367532368147156
v 500 108 -10.741267838504378
v 500 99.77898951122197 -30.58854285692335
v 500 108 -22.367532368146936
v 54 108 22.367532368145476
v 54 108 10.74126783850079
v 54 99.77898951122191 30.58854285692528
v 500 99.77898951122174 30.588542856925304
v 500 108 10.741267838500491
v 500 108 22.367532368145365
v 54 8.22101048877812 -30.588542856927234
v 54 0 -22.367532368149114
v 54 0 -10.74126783851572
v 500 0 -22.367532368149213
v 500 8.221010488777912 -30.588542856927123
v 500 0 -10.741267838515913
v -500 108.41116636587566 -54
v -500 108.41116635948916 -99.43736342928605
v -500 -0.001970896294167801 -99.4523775493312
v -500 -23.53812846629821 -54
v -470.94181742884206 217.95508713095995 -54
v -470.9418174260536 217.95508713589516 -93.67615180229586
v -499.99279649674736 108.43832222127457 -99.4547508239375
v -480.7855931932281 -26 -145.8446203375653
v -423.87466077496674 108.43282998751985 -283.2239934842456
v -423.8689164941328 108.4111663585111 -283.23786469237746
v -423.8795325118547 0 -283.2272486746574
v -443.09534556881374 -26 -236.8388120275286
v -499.05432666020806 -26 -54
v -399.24519482135014 217.95508713588697 -266.76711047092215
v -414.51420822715755 317.8543014701808 -54
v -414.5142082271559 317.8543014701827 -82.45200247096273
v -351.40817760521486 317.8543014701878 -234.80343746597234
v -388.37474967217275 -26 -318.7320315143509
v -333.99653994394595 402.3030301440741 -54
v -333.9965399439461 402.303030144074 -66.43604245686402
v -283.2273795790916 108.41116635838581 -423.879401607463
v -283.2273124521622 0 -423.8794687343942
v -318.7314209920578 -26 -388.3753601944879
v -266.76711047092016 217.9550871358667 -399.24519482135725
v -283.14859442365633 402.30303014406854 -189.19384215076633
v -234.80343746590358 317.854301470228 -351.4081776052245
v -271.47633257480874 442.40121189031737 -54
v -236.83734126860932 -26 -443.09484281804953
v -189.19384215075192 402.30303014407235 -283.14859442366105
v -230.98606899475558 466.39342000570315 -54
v -198.4334441384274 466.39342000570514 -132.5889884189754
v -99.45618368981398 0 -500
v -145.84462033754477 -26 -480.78528040323107
v -99.45608875673241 108.4126999620613 -500
v -132.5889884195321 466.3934200060756 -198.43344413705373
v -93.67615180229713 217.9550871358614 -470.9418174260641
v -82.45200247096912 317.85430147021714 -414.5142082271352
v -108.1004301893451 506.40077055539285 -54
v -102.18606335446337 506.4007705553934 -68.27854462561606
v -66.43604245686282 402.3030301440772 -333.9965399439404
v -68.28056346114762 506.40077055540127 -102.18404451924528
v -54 442.4012118905252 -271.476595762935
v -54 466.39339371609753 -230.98653402579737
v -54 -26 -499.05431126565804
v -54 -23.53812846629976 -500
v -54 506.4007705554013 -108.09931741138966
v -80.81671118681136 509.244668379383 -54
v -54 509.24498638029735 -80.812725086202
v -54 511.38403685414534 -54
v -54 217.95540491449214 -470.9416379302742
v -54 317.854301470217 -414.51420822713527
v -54 -26 -54
v -54 402.30303014407724 -333.9965399439403
v -54 108.41228880420063 -500
v -500 -23.538128466293674 54
v -500 0.005415025683760177 99.46664103788711
v -500 108.39608011796642 99.46664103787771
v -500 108.41116638744911 99.45618367044801
v -500 108.41116638105969 54
v -470.94181743922104 217.95508711259214 93.67615178667609
v -470.9418174364325 217.9550871175276 54
v -443.09534556880027 -26 236.83881202754588
v -423.8795325112993 0 283.22724867523175
v -423.87953251129466 108.41116635949511 283.2272486752335
v -480.7829019152919 -26 145.85817983915337
v -499.05432694713596 -26 54
v -399.24519482637527 217.95508711266427 266.7671104749002
v -414.5142082271684 317.8543014701691 82.4520024527872
v -414.51420822716676 317.854301470171 54
v -351.4081775866166 317.8543014822797 234.80343747491014
v -388.3747496721416 -26 318.7320315143956
v -333.9965399439447 402.30303014407434 66.43604244220569
v -333.99653994394487 402.3030301440742 54
v -318.7314209920675 -26 388.3753601944803
v -283.2280865156376 0 423.878694670915
v -283.22896837553475 108.41116635943546 423.8778128110149
v -266.7671104754246 217.9550871092195 399.2451948271422
v -283.14859441582445 402.3030301470493 189.19384215753598
v -234.80343745887942 317.8543014854509 351.40817759882617
v -271.47633264704587 442.4012118439867 54
v -236.83822532063704 -26 443.09425211759697
v -189.1938421527912 402.3030301508266 283.1485944158426
v -198.43344413465155 466.3934200068811 132.5889884193812
v -230.98606898907173 466.3934200058048 54
v -145.8446203543731 -26 480.78528039988373
v -99.45618369688887 0 500
v -99.45493659204897 108.4094568775355 500
v -132.58898842115389 466.3934200057731 198.43344413741346
v -93.67615180103405 217.95508710921996 470.9418174342395
v -82.45200246925151 317.85430148543816 414.514208218539
v -102.1860633548168 506.40077055539246 68.27854462477579
v -108.10043018837376 506.4007705553918 54
v -66.43604245685944 402.3030301440755 333.99653994394237
v -68.27827410016435 506.4007705554944 102.18633387906442
v -54 466.3915087125915 230.98967886165784
v -54 442.4029609185396 271.4738687282427
v -54 -23.53812846630284 500
v -54 -26 499.0543112655192
v -54 506.40077055549415 108.10017792445137
v -80.81671119169529 509.2446683788175 54
v -54 511.3840368538798 54
v -54 509.24462576609454 80.8172453374693
v -54 317.85430148543594 414.5142082185403
v -54 217.95508710922448 470.941817434237
v -54 108.40945687753559 500
v -54 402.3030301440755 333.99653994394237
v -54 -26 54
v -500 -26 25.31209382594534
v -500 -26 49.24570167856291
v -500 -23.5381284662908 54
v -500 43.2587321614988 54
v -499.05432694713454 -26 54
v -54 43.25873216149861 54
v -54 -26 54
v -54 -26 25.312093825945382
v -500 64.74126783850079 -54
v -500 108.41116636841814 -35.91133576145171
v -500 108.41116636587567 -54
v -470.94181743330165 217.95508712306915 9.463241890647737
v -470.94181742884143 217.95508713096314 -54
v -414.5142082271687 317.854301470169 50.84285134363299
v -414.51420822716256 317.854301470176 -54
v -407.2469801496833 325.4763325747983 54
v -333.9965399439455 402.3030301440744 54
v -333.99653994394697 402.30303014407343 -54
v -271.47633264703325 442.4012118439954 54
v -234.0682067872139 466.39342000570167 46.55906112615906
v -234.06820678721385 466.3934200057017 -46.55906114035073
v -271.4763325748164 442.4012118903126 -54
v -230.98606898907568 466.3934200058036 54
v -230.98606899475752 466.3934200057019 -54
v -120.53668025533052 506.4007705553914 -23.976236425650285
v -120.5366802553335 506.4007705553903 23.9762364183363
v -108.10043018837445 506.4007705553916 54
v -108.1004301893475 506.40077055539257 -54
v -54 513.9075940331749 -10.741267838490387
v -54 513.9075940331745 10.741267831783869
v -80.81671118604605 509.2446683794062 54
v -54 512.8135171676739 36.08164644220456
v -54 512.8135171677716 -36.08164644287991
v -80.81671118915105 509.2446683791391 -54
v -54 511.3840368541064 -54
v -54 511.38403685397407 54
v -54 325.4763325747937 54
v -54 64.741267838495 -54
v -500 108.41116638105606 54
v -500 108.41116637851347 35.911335757271445
v -500 64.74126783850426 54
v -470.94181743643014 217.95508711753212 54
v -470.94181743329995 217.95508712307216 9.463241890643985
v -477.00214074120225 195.10880020665593 -0
v -414.5142082271679 317.85430147017007 54
v -414.51420822716767 317.85430147017036 50.84285134363381
v -407.24698014968453 325.476332574799 54
v -54 195.108800206666 -0
v -54 325.476332574816 54
v -54 64.74126783850411 54
v -500 43.25873216149557 -54
v -500 -23.538128466301714 -54
v -500 -26 -49.24570167858474
v -500 -26 -25.312093825942608
v -499.054326660209 -26 -54
v -54 -26 -25.312093825942743
v -54 -26 -54
v -54 43.258732161495324 -54
v -500 23.411457143072766 -45.77898951122006
v -500 -26 -25.3120938259417
v -500 -26 3.6324676318545457
v -54 -26 -25.31209382594175
v -54 23.411457143072628 -45.77898951122005
v -54 -26 3.6324676318543503
v -500 108.41116637851526 35.91133575726781
v -500 108.41116637655372 21.956365991594794
v -500 84.58854285693047 45.778989511218185
v -477.00214074120504 195.1088002066499 -0
v -489.14571042331863 149.32981069543166 -18.962278327282547
v -54 84.58854285693023 45.778989511218235
v -54 149.32981069543143 -18.9622783272825
v -54 195.10880020664968 -0
v -500 -22.367532368145476 -0
v -500 -26 3.6324676318545244
v -500 -26 25.31209382593571
v -500 23.41145714306358 45.77898951120923
v -54 -26 3.632467631854429
v -54 -22.36753236814558 -0
v -54 23.411457143063704 45.77898951120945
v -54 -26 25.312093825935886
v -500 84.5885428569236 -45.77898951121824
v -500 108.41116637038495 -21.95636599775753
v -500 108.41116636842344 -35.91133576144971
v -494.17574168227367 130.3675323681447 -0
v -489.14571042331903 149.32981069542987 -18.96227832728289
v -54 130.36753236814462 -0
v -54 84.58854285692354 -45.77898951121821
v -54 149.32981069542976 -18.962278327282835
v -500 108 -22.367532368145476
v -500 108 22.367532368145476
v -500 108.41116637655556 21.956365991587518
v -500 108.41116637038307 -21.95636599776431
v -494.17574168227304 130.36753236814508 -0
v -54 108 22.36753236814533
v -54 108 -22.36753236814517
v -54 130.36753236814485 -0
v -500 0 -22.367532368149114
v -500 -22.367532368149114 -0
v -500 0 22.367532368149213
v -54 0 22.36753236814931
v -54 -22.36753236814921 -0
v -54 0 -22.367532368149213
v -500 0 10.74126783850079
v -500 0 22.367532368145476
v -500 8.22101048877944 30.58854285692496
v -54 8.22101048877947 30.588542856925137
v -54 0 22.36753236814562
v -54 0 10.741267838500823
v -500 99.77898951122006 -30.588542856927234
v -500 108 -10.741267838504427
v -500 108 -22.36753236814738
v -54 108 -10.74126783850438
v -54 99.77898951122017 -30.58854285692694
v -54 108 -22.36753236814716
v -500 108 22.367532368145476
v -500 108 10.74126783850079
v -500 99.77898951122182 30.588542856925482
v -54 99.77898951122168 30.588542856925507
v -54 108 10.741267838500546
v -54 108 22.367532368145397
v -500 8.221010488770844 -30.58854285691632
v -500 0 -22.367532368145476
v -500 0 -10.741267838515352
v -54 0 -22.36753236814562
v -54 8.22101048877074 -30.588542856916362
v -54 0 -10.741267838515547
v 54 43.2587321614958 54
v 25.312093825943123 -26 25.31209382594176
v 25.31209382594352 -26 500
v 54 43.258732161495004 500
v 54 -26 25.312093825941698
v 49.2454506367194 -26 500
v 54 -23.53801078119003 500
v 54 -26 499.0542637881116
v 54 43.25873216150194 -500
v 25.312093825940067 -26 -500
v 25.312093825939883 -26 -25.3120938259417
v 54 43.25873216150244 -54
v 54 -26 -25.3120938259417
v 49.245450636720655 -26 -500
v 54 -26 -499.05426378811177
v 54 -23.53801078119068 -500
v 25.31209382593988 -26 -25.312093825948978
v 25.312093825939883 -26 3.6324676318508864
v 45.77898951121647 23.41145714307033 -45.77898951121944
v 54 23.411457143070336 -45.77898951121944
v 54 -26 3.6324676318509024
v 54 -26 -25.31209382594897
v 45.77898951122006 23.411457143072766 45.77898951121824
v 26.816711183937514 -22.367532368145476 -0
v 25.3120938259417 -26 3.6324676318545244
v 25.3120938259417 -26 25.312093825942156
v 54 -26 3.6324676318545213
v 54 -22.36753236814548 -0
v 54 -26 25.3120938259421
v 54 23.411457143072738 45.778989511218214
v 36.081646447642925 0 -22.367532368149114
v 26.816711183935695 -22.367532368149114 -0
v 36.0816464476422 0 22.367532368149185
v 54 0 22.367532368149185
v 54 -22.36753236814911 -0
v 54 0 -22.36753236814911
v 36.081646447639294 0 10.74126783850079
v 36.08164644763929 0 22.367532368145476
v 39.48690048850318 8.221010488779427 30.588542856924946
v 54 8.221010488779429 30.588542856924956
v 54 0 22.367532368145486
v 54 0 10.741267838500795
v 39.48690048849858 8.221010488770844 -30.58854285691268
v 36.081646447640196 0 -22.367532368141838
v 36.081646447640196 0 -10.741267838515705
v 54 0 -10.741267838515721
v 54 0 -22.36753236814184
v 54 8.221010488770835 -30.588542856912674
v -54 64.74126783850045 500
v -54 108.41116635949595 500
v -54 217.9550871358878 470.9418174260601
v -54 317.85430147017144 414.5142082271623
v -54 402.3030301440813 333.9965399439352
v -54 442.4012119857798 271.4765956144438
v -54 466.39150871266975 230.9896788613769
v -54 506.4007705553945 108.10017792473077
v -54 509.244625766119 80.817245339528
v -54 512.8135171675675 36.08164644760175
v -54 513.9075940331744 10.741267838493172
v -54 513.9075940331747 -10.741267838495723
v -54 512.8135171675676 -36.081646447602935
v -54 509.244986379972 -80.81272509083344
v -54 506.40077055539575 -108.09931741141509
v -54 500.42169140732847 -126.46474030266003
v -54 64.7412678385005 54
v -46.559710075118346 466.3913277639786 234.07188961475185
v -23.976236425737895 506.4007705553959 -120.53571428568164
v -25.43524155155789 503.8160217358912 -127.87071795992675
v -23.975874341341353 506.4007705553953 120.53571428569056
v 0 520 -0
v 25.435241551473048 503.81602173589835 -127.87071795993283
v 23.976236425675445 506.4007705553917 -120.53571428571851
v 54 325.4763325747835 -54
v 54 500.42169140732466 -126.46474030266506
v 54 442.40121196595766 271.47659564535206
v 46.55971006529859 466.391327763973 234.07188961476078
v 54 402.30303014408145 333.9965399439352
v 50.84285134364018 317.8543014701717 414.51420822716216
v 54 325.47633257478327 407.24698014969374
v -35.91133576514608 108.41116635949592 500
v 9.463241895961282 217.95508713588785 470.94181742606
v 23.976236425669384 506.4007705553953 120.53571428568695
v 54 509.24466837968396 80.816711183928
v 54 506.40077055539416 108.10011885928235
v 54 506.4007705553925 -108.0993174114189
v 54 509.244986379983 -80.81272509070605
v 54 512.8135171675677 36.08164644763798
v 54 512.8135171675679 -36.08164644763609
v 54 513.907594033177 -10.74126783849948
v 54 513.907594033177 10.741267838498393
v 54 466.39147128039406 230.98974202976186
v -54 64.74126783850079 -54
v -54 195.10880020666514 -0
v -54 500.42169140733233 -126.46474030263857
v -54 466.39342000570105 -230.98645327427948
v -54 442.40121189046926 -271.4765957630218
v -54 402.30303014407383 -333.9965399439452
v -54 317.85430147018525 -414.5142082271532
v -54 217.95508713586128 -470.94181742606406
v -54 108.4125543915211 -500
v -54 64.74126783850075 -500
v -46.559061140443035 466.3934200057009 -234.06862745093565
v -25.435241551529252 503.8160217358968 -127.87071795991034
v 46.55906114034224 466.3934200057386 -234.06862745087693
v 25.43524155147265 503.8160217359016 -127.8707179599232
v 54 402.30303014407406 -333.996539943945
v 54 442.40121189032715 -271.47659576324264
v -35.91082859666993 108.41239077250985 -500
v 54 325.47633257478367 -407.24698014969715
v 50.842851343645634 317.8543014701853 -414.5142082271531
v 0 195.1088002066512 -0
v 9.463452438787954 217.95559543123568 -470.9415303177726
v 54 500.42169140732665 -126.4647403026594
v 54 325.4763325747838 -54
v 54 466.3934200057355 -230.98645327418902
v -54 84.58854285692723 -45.77898951121824
v -54 149.32981069543166 18.962278327286185
v -54 195.108800206655 -0
v -18.96227832727891 149.32981069543163 18.962278327286196
v -45.77898951121869 84.58854285692722 -45.77898951121825
v 0 195.108800206655 -0
v -54 130.36753236814548 -0
v -54 84.5885428569236 45.77898951122552
v -54 149.32981069543317 18.962278327286207
v -45.77898951122188 84.58854285692357 45.778989511225525
v -26.816711183935592 130.36753236814545 -0
v -18.96227832727891 149.32981069543314 18.962278327286217
v -54 108 -22.367532368145476
v -54 108 22.367532368145476
v -54 130.36753236814621 -0
v -36.08164644763747 108 22.367532368145454
v -36.08164644764105 108 -22.367532368145458
v -26.816711183935695 130.3675323681462 -0
v -54 99.77898951121824 -30.588542856927234
v -54 108 -10.74126783850079
v -54 108 -22.367532368147213
v -36.08164644763747 108 -22.36753236814719
v -36.081646447641035 108 -10.741267838500791
v -39.48690048850605 99.77898951121826 -30.588542856927205
v -54 108 22.367532368149114
v -54 108 10.741267838497151
v -54 99.77898951121622 30.58854285693099
v -36.08164644763747 108 10.741267838497162
v -36.08164644764102 108 22.367532368149092
v -39.48690048851131 99.77898951121624 30.588542856930953
v 54 64.74126783849533 500
v 35.911335765144486 108.41116635949811 500
v 0 195.10880020664322 477.00214073767347
v 0 195.10880020665172 -0
v 54 64.74126783841956 54
v 54 325.476332574852 -54
v 9.463241895962598 217.95508713588595 470.94181742606145
v 50.84285134365258 317.85430147017576 414.51420822716
v 54 325.4763325747564 407.246980149721
v 54 217.95508713588592 470.94181742606145
v 54 108.41116635949813 500
v 54 317.85430147017576 414.51420822716
v 54 64.74126783804513 -54
v 0 195.10880020683544 -0
v 0 195.1088002070264 -477.00220847680066
v 35.9108285966073 108.41239077248963 -500
v 54 64.7412678381377 -500
v 54 325.476332575262 -407.2469801492411
v 50.84285134344623 317.85430147018906 -414.51420822714954
v 9.46324189572806 217.95508713587697 -470.9418174260536
v 54 325.4763325750531 -54
v 54 195.1088002067429 -0
v 54 108.41239077248967 -500
v 54 217.95508713587697 -470.94181742605366
v 54 317.85430147018906 -414.51420822714954
v 45.77898951119823 84.5885428569054 -45.77898951124007
v 18.962278327288004 149.3298106954462 18.962278327300737
v 0 195.10880020674225 -0
v 54 149.32981069542862 18.962278327283194
v 54 84.58854285691532 -45.77898951123013
v 54 195.10880020664985 -0
v 45.77898951120005 84.58854285691632 45.77898951122734
v 18.96227832729528 149.3298106954353 18.962278327286185
v 26.816711183938377 130.36753236814812 -0
v 54 130.36753236814815 -0
v 54 149.3298106954353 18.962278327286178
v 54 84.58854285691635 45.77898951122732
v 36.081646447621566 108 -22.367532368141838
v 36.081646447624735 108 22.367532368145476
v 26.81671118393192 130.36753236814798 -0
v 54 130.36753236814798 -0
v 54 108 22.367532368145476
v 54 108 -22.36753236814184
v 39.486900488484025 99.77898951122188 -30.588542856923596
v 36.081646447626554 108 -10.741267838504427
v 36.08164644762573 108 -22.36753236814716
v 54 108 -10.741267838504381
v 54 99.77898951122185 -30.588542856923613
v 54 108 -22.367532368147153
v 36.08164644762837 108 10.741267838493513
v 39.4869004884913 99.7789895112146 30.58854285693451
v 36.08164644762925 108 22.367532368149057
v 54 108 22.367532368149064
v 54 99.7789895112146 30.58854285693452
v 54 108 10.741267838493517
v -54 43.25873216149557 54
v -54 -26 25.312093825938064
v -54 -26 499.05431126565236
v -54 -23.538128466287162 500
v -54 43.25873216149539 500
v -49.24570167856291 -26 500
v -25.312093825942295 -26 500
v -25.312093825942256 -26 25.312093825938067
v -54 43.25873216149557 -500
v -54 -23.538128466301714 -500
v -54 -26 -499.0543112656578
v -54 -26 -25.312093825942668
v -54 43.25873216149543 -54
v -49.24570167858474 -26 -500
v -25.31209382594534 -26 -25.31209382594273
v -25.312093825942167 -26 -500
v -54 23.411457143072766 -45.77898951122006
v -54 -26 -25.3120938259417
v -54 -26 3.6324676318543965
v -25.31209382594534 -26 -25.31209382594176
v -45.7789895112204 23.411457143072788 -45.77898951122008
v -25.31209382594534 -26 3.632467631854384
v -54 -22.367532368145476 -0
v -54 -26 3.6324676318545244
v -54 -26 25.312093825945972
v -54 23.411457143080767 45.778989511226534
v -25.31209382594534 -26 3.632467631854512
v -26.816711183937677 -22.36753236814549 -0
v -45.77898951122188 23.411457143080753 45.77898951122653
v -25.312093825942235 -26 25.312093825945965
v -54 0 -22.367532368145476
v -54 -22.367532368145476 -0
v -54 0 22.36753236814919
v -36.081646447644744 0 22.367532368149202
v -26.816711183937677 -22.367532368145493 -0
v -36.08164644764295 0 -22.367532368145486
v -54 0 10.74126783850079
v -54 0 22.367532368145476
v -54 8.22101048877943 30.588542856924953
v -39.48690048851131 8.221010488779434 30.588542856924967
v -36.08164644764297 0 22.367532368145486
v -36.08164644764297 0 10.741267838500793
v -54 8.221010488770844 -30.58854285691632
v -54 0 -22.367532368145476
v -54 0 -10.74126783851565
v -36.081646447644744 0 -22.367532368145486
v -39.48690048850338 8.221010488770844 -30.58854285691633
v -36.081646447644744 0 -10.741267838515663
v 0 195.10880020672994 -477.00220847688433
v -35.91082859674498 108.41239077250793 -500
v -45.77898951136411 84.58854285678002 -500
v -45.778989511335 84.58854285680889 -45.7789895113408
v 0 195.10880020670697 64.74126783855804
v -21.955267825577998 108.41226454256606 -500
v 18.962278327283826 149.3298106954275 18.962278327278256
v 18.96227832727891 149.32981069542438 -489.1458228990268
v 0 195.10880020670356 64.74126783855559
v -26.816711183972217 130.3675323681477 -0
v -45.77898951127115 84.5885428568815 45.77898951126574
v -45.778989511212444 84.58854285694076 500
v -35.911335765148976 108.41116635948856 500
v 0 195.10880020664735 477.00214073766966
v 18.962278327295962 149.32981069544132 18.96227832729312
v 0 130.3675323681477 -0
v -21.95636600866419 108.41116635948855 500
v 18.962278327282725 149.32981069543024 489.1457104203983
v -36.081646447677244 108 -22.367532368141838
v -36.08164644767385 108 22.367532368145476
v -26.816711183967385 130.36753236814803 -0
v 0 130.36753236814803 -0
v -22.367532368140566 108 22.367532368145476
v -22.367532368140587 108 -22.36753236814184
v -39.48690048854132 99.77898951122006 -30.588542856927234
v -36.08164644767476 108 -10.741267838504427
v -36.08164644767564 108 -22.367532368147252
v -22.367532368145476 108 -10.741267838504426
v -30.588542856924043 99.77898951122006 -30.588542856927234
v -22.367532368145476 108 -22.367532368147252
v -39.48690048853496 99.77898951121824 30.588542856927234
v -36.08164644767021 108 22.367532368145476
v -36.08164644767109 108 10.741267838501205
v -22.3675323681382 108 22.367532368145476
v -30.58854285692584 99.77898951121824 30.588542856927234
v -22.367532368145476 108 10.741267838501205
v 45.77898951122313 23.41145714307578 -500
v -3.632467631856485 -26 -500
v -3.6324676318581623 -26 3.632467630523024
v 45.778989511224275 23.411457143078408 -45.778989512557395
v 25.312093825942068 -26 3.632467630523024
v 25.312093825941993 -26 -500
v 45.778989511217105 23.41145714306441 45.7789895123239
v 0 -22.367532368701745 -0
v -3.632467631850939 -26 3.632467631854295
v -3.6324676318545244 -26 500
v 45.778989511217674 23.41145714306827 500
v 26.816711183706502 -22.36753236870174 -0
v 25.312093825942128 -26 500
v 25.31209382594329 -26 3.632467631854295
v 0 -22.367532368141838 -0
v 22.367532368143582 0 22.367532368141838
v 22.367532368143735 0 -22.367532368145703
v 36.08164644764838 0 -22.367532368145703
v 36.081646447642996 0 22.367532368141838
v 26.816711183939077 -22.367532368141838 -0
v 22.367532368149153 0 10.74126783850079
v 22.367532368149114 0 22.367532368669345
v 30.58854285729938 8.221010489149954 30.588542857819483
v 39.48690048866047 8.221010489149952 30.58854285781948
v 36.081646447642996 0 22.367532368669345
v 36.081646447643024 0 10.741267838500791
v 30.58854285691632 8.221010488770844 -30.58854285691268
v 22.36753236814555 0 -22.367532368141838
v 22.36753236814551 0 -10.741267838515698
v 36.081646447644744 0 -10.74126783851571
v 36.081646447643095 0 -22.367532368141834
v 39.48690048850362 8.221010488770835 -30.58854285691267
v 45.778989511217446 84.58854285692854 -45.778989511215514
v 0 130.36753236814184 -0
v 0 130.3675323681419 -494.1759370322991
v 21.95566500592485 108.41186736221904 -500
v 45.77898951122003 84.58854285692603 -500
v 18.962278327282547 149.32981069542075 -489.14582289903046
v 18.96227832728399 149.32981069542322 18.962278327279865
v 35.91109768598649 108.41174113343573 -500
v 45.778989511216594 84.58854285692888 500
v 21.956366008653276 108.4111663594922 500
v 0 130.36753236814494 494.1757416786095
v 0 130.36753236814548 -0
v 45.778989511215244 84.58854285693354 45.778989511213936
v 18.962278327284707 149.32981069542404 18.962278327276977
v 18.962278327284285 149.32981069542365 489.1457104204012
v 26.816711183935695 130.3675323681468 -0
v 35.91133576514723 108.41116635949233 500
v 22.367532368141838 108 22.367532368141838
v 0 130.36753236773075 -0
v 22.367532368142445 108 -22.36753236732082
v 36.081646447644744 108 -22.36753236732162
v 26.816711184107707 130.3675323677323 -0
v 36.08164644764105 108 22.36753236814264
v 22.36753236814909 108 -10.74126783850079
v 22.367532368149114 108 -22.36753236849472
v 30.588542857175774 99.77898951097356 -30.588542857521297
v 39.48690048860226 99.77898951097356 -30.588542857521308
v 36.081646447641205 108 -22.367532368494736
v 36.08164644764116 108 -10.741267838500802
v 22.367532368145476 108 10.741267838508065
v 30.58854285631969 99.77898951182578 30.588542855468404
v 22.36753236814529 108 22.367532367293787
v 36.081646447641106 108 22.367532367295375
v 39.48690048825439 99.77898951182503 30.588542855470187
v 36.081646447641106 108 10.741267838508012
v -45.77898951121662 23.411457143069356 -500
v -25.312093825939883 -26 -500
v -25.312093825939883 -26 3.6324676318508864
v -45.77898951121652 23.4114571430691 -45.77898951121804
v 0 -22.36753236814558 -0
v -3.632467631852972 -26 3.632467631850985
v -3.6324676318531175 -26 -500
v 0 -22.367532368145433 -500
v -45.77898951121787 23.41145714307072 45.778989511211364
v -26.81671118393706 -22.36753236814303 -0
v -25.312093825940558 -26 3.632467631854297
v -25.312093825938064 -26 500
v -45.77898951121409 23.41145714306704 500
v 0 -22.36753236814301 -0
v 0 -22.36753236814572 500
v -3.632467631852819 -26 500
v -3.6324676318529647 -26 3.632467631854297
v -26.816711183937514 -22.367532368141838 -0
v -36.081646447640196 0 22.367532368141838
v -36.08164644764019 0 -22.36753236814564
v -22.367532368145476 0 -22.367532368145618
v -22.36753236814635 0 22.367532368141816
v 0 -22.367532368141795 -0
v -39.48690048850676 8.221010488779939 30.588542856923596
v -36.081646447642925 0 10.74126783850079
v -36.081646447642925 0 22.36753236814564
v -22.36753236815275 0 10.74126783850078
v -30.58854285692656 8.221010488779923 30.588542856923553
v -22.36753236815275 0 22.367532368145596
v -36.081646447641106 0 -22.367532368145476
v -36.081646447641106 0 -10.741267838515341
v -39.48690048850156 8.221010488770913 -30.58854285691652
v -22.367532368145476 0 -10.741267838515345
v -22.367532368146364 0 -22.367532368145472
v -30.588542856923596 8.221010488770911 -30.588542856916515
v -30.588542856919503 8.22101048877741 30.588542856919332
v -22.36753236814157 0 10.74126783850079
v -22.367532368141838 0 500
v -30.58854285691912 8.221010488776773 500
v -10.741267838500795 0 500
v -10.74126783849962 0 10.74126783850079
v -30.588542856916973 8.221010488776898 -500
v -22.367532368139774 0 -500
v -22.36753236814002 0 -10.741267838515341
v -30.58854285691739 8.221010488777054 -30.58854285693131
v -10.741267838500802 0 -10.74126783851534
v -10.741267838500796 0 -500
v 30.588542856924505 99.778989511222 -30.588542856924505
v 10.741267838504427 108 -10.741267838504427
v 10.741267838504427 108 -500
v 30.588542856926043 99.77898951122135 -500
v 22.367532368141838 108 -10.74126783850444
v 22.367532368145476 108 -500
v 30.588542856924562 99.77898951122094 500
v 10.74126783850312 108 500
v 10.74126783850079 108 10.74126783850079
v 30.588542856926097 99.77898951121938 30.588542856926097
v 22.36753236814547 108 10.741267838500436
v 22.367532368145476 108 500
v 30.58854285694099 8.221010488793695 30.588542856962874
v 10.741267838478855 0 10.74126783850079
v 10.741267838478961 0 500
v 30.58854285694091 8.221010488793548 500
v 22.367532368145504 0 500
v 22.367532368145522 0 10.74126783850079
v 30.58854285693468 8.221010488787357 -500
v 10.741267838492861 0 -500
v 10.741267838493513 0 -10.741267838493513
v 30.58854285693445 8.221010488787021 -30.58854285693445
v 22.367532368147174 0 -10.741267838493771
v 22.36753236814703 0 -500
v -30.58854285693647 99.77898951121438 -30.588542856942922
v -22.367532368147295 108 -10.741267838504427
v -22.367532368147376 108 -500
v -30.588542856935824 99.77898951121512 -500
v -10.741267838486237 108 -10.74126783850443
v -10.741267838486237 108 -500
v -30.588542856934623 99.77898951121455 500
v -22.367532368145476 108 500
v -22.36753236814569 108 10.741267838501074
v -30.588542856932555 99.77898951121682 30.588542856933437
v -10.741267838486237 108 500
v -10.741267838493513 108 10.741267838501074

# texture coordinates
vt -0.6171875 3.8607495
vt -0.78871304 3.90625
vt -0.79193383 3.90625
vt -0.79193383 -3.90625
vt -0.7887216 -3.90625
vt -0.6171875 -3.860748
vt 0.1715341 0.8469622
vt -0.1715341 0.8469622
vt -0.17474635 0.84375
vt 0.17474635 0.84375
vt -0.44244117 -3.90625
vt -0.44244117 3.90625
vt -0.17152552 0.8469708
vt 0.17152864 0.8469677
vt 0 1.0184964
vt -0.44565338 -3.90625
vt -0.44565886 3.90625
vt -4.5234375 -0.17474635
vt -4.5234375 -0
vt 3.2890625 -0
vt 3.2890625 -0.17474635
vt 0.17474635 -0
vt -0.17474635 -0
vt 0 -0.17474635
vt -0.6171875 3.90625
vt -0.6171875 -3.90625
vt 2.1208897 3.831273
vt 2.609348 3.5179925
vt 3.2383924 2.8582368
vt 3.6792328 2.077774
vt 3.90625 1.2219622
vt 3.90625 0.19110928
vt 3.8988614 0.171875
vt 0.421875 0.171875
vt 0.421875 4.3701878
vt 0.63134944 4.3534765
vt 0.84452593 4.331256
vt 1.8045816 4.0186987
vt 0.5190407 2.6093369
vt 0.421875 2.609348
vt 0.421875 2.1208897
vt 0.73184496 1.7027742
vt 0.421875 1.7027742
vt 0.421875 2.4832368
vt 0.6441563 2.4832368
vt 0.77700144 0.8469622
vt 0.421875 0.8469622
vt -3.90625 -0.8469622
vt -3.6792328 -1.7027742
vt -3.2383924 -2.4832368
vt -2.609348 -3.1429925
vt -2.1209087 -3.4562595
vt -1.8045787 -3.6436987
vt -0.84453464 -3.956256
vt -0.63138056 -3.978474
vt -0.421875 -3.9951878
vt -0.421875 0.203125
vt -3.898862 0.203125
vt -3.90625 0.18389162
vt 3.756135 1.1394111
vt 3.898862 0.421875
vt 0.421875 0.421875
vt 0.421875 3.8988614
vt 1.1394111 3.756135
vt 1.8503032 3.4616737
vt 2.4900575 3.034207
vt 3.0341825 2.4900868
vt 3.4616768 1.8503032
vt 0.421875 3.1429925
vt 0.5190407 3.1429996
vt 0.77700144 -0
vt 0.421875 -0.18389072
vt 0.421875 0.84452593
vt 0.421875 0.63134944
vt 0.5334419 0.79831284
vt 0.63138056 0.421875
vt 0.79832864 0.5334261
vt 0.84453464 0.421875
vt 1.0358515 1.5502613
vt 0.421875 1.8045816
vt 1.1394111 -0.203125
vt 0.421875 -0.203125
vt 1.4780769 2.2120984
vt 1.5502613 1.0358515
vt 1.8344018 2.7453763
vt 0.6441563 3.2383924
vt 1.8045787 0.421875
vt 2.0841181 1.7027742
vt 1.8344018 2.4832368
vt 2.2127092 0.84698725
vt 2.2120984 1.4780769
vt 2.2126968 -8.97781e-06
vt 1.8503032 -0.203125
vt 2.1209087 0.421875
vt 2.609348 0.5190316
vt 2.7453763 1.8344018
vt 2.4900575 -0.203125
vt 2.609348 0.421875
vt 3.1191032 1.7027742
vt 2.7453763 2.4832368
vt 3.2383924 0.6441563
vt 3.311559 0.8469622
vt 3.311569 -0
vt 3.0341825 -0.203125
vt 0.5190316 3.1429925
vt 0.2312879 -0.025390625
vt 0.31126085 -0.025390625
vt 0.27658784 -0
vt 2.2127128 0.8469622
vt 0.421875 -0.18389162
vt 2.2127028 -0
vt -1.8046023 4.0186863
vt -0.8445322 4.331256
vt -0.63138056 4.3534737
vt -0.421875 4.3701878
vt -0.421875 0.171875
vt -3.8988614 0.171875
vt -3.90625 0.19110928
vt -3.90625 1.2219622
vt -3.6792328 2.077774
vt -3.2383924 2.8582368
vt -2.609348 3.5179925
vt -2.120911 3.8312595
vt 0.421875 -2.120911
vt 0.421875 -2.609348
vt 0.5190316 -2.609348
vt 3.4616697 -1.8503137
vt 3.0341825 -2.4900868
vt 2.4900944 -3.0341825
vt 1.8503032 -3.4616737
vt 1.1394111 -3.756135
vt 0.421875 -3.8988614
vt 0.421875 -0.421875
vt 3.898862 -0.421875
vt 3.756135 -1.1394113
vt 0.5334261 -0.79832864
vt 0.421875 -0.63138056
vt 0.421875 -0.8445322
vt 0.79832864 -0.5334261
vt 0.63138056 -0.421875
vt 0.84453464 -0.421875
vt 1.0358479 -1.5502701
vt 0.421875 -1.8046023
vt 1.4780769 -2.2120984
vt 1.5502613 -1.0358515
vt 0.6441563 -3.2383924
vt 1.8344018 -2.7453763
vt 1.8045787 -0.421875
vt 2.2120984 -1.4780769
vt 2.2127836 0.8468518
vt 2.2127392 1.4702239e-05
vt 2.609348 -0.5190316
vt 2.1209087 -0.421875
vt 2.7453763 -1.8344018
vt 2.4900944 -0.203125
vt 2.609348 -0.421875
vt -1.8344018 2.4832368
vt -2.7453763 2.4832368
vt -3.1191032 1.7027742
vt -2.0841181 1.7027742
vt 3.2383924 -0.6441563
vt -2.212713 0.8469609
vt -3.311559 0.8469622
vt -3.3115296 0.8468518
vt -2.2127566 0.84689283
vt -3.311548 1.4702239e-05
vt -3.0341825 -0.203125
vt -2.4900868 -0.203125
vt -2.2127123 -0
vt -0.421875 2.4832368
vt -0.421875 3.1429925
vt -0.5190316 3.1429925
vt -0.6441563 2.4832368
vt -1.8503137 -0.203125
vt -0.73184496 1.7027742
vt -0.421875 1.7027742
vt -0.77700144 0.8469622
vt -0.77700144 -0
vt -1.1394113 -0.203125
vt -0.421875 -0.203125
vt -0.421875 -0.18389162
vt -0.421875 0.8469622
vt -0.19775073 0.171875
vt -0.421875 0.7129588
vt -3.90625 -0.33795884
vt -0.421875 -0.33795884
vt 3.90625 -0.38473204
vt 0.421875 -0.19775073
vt 3.90625 -0.19775073
vt -3.90625 0.203125
vt -0.38473204 -0.203125
vt -0.19775073 -0.203125
vt -0.421875 0.33795884
vt 0.08391616 4.389903
vt 0.28188786 4.381356
vt 0.421875 0.8807911
vt -0.421875 2.9177837
vt -0.28188786 4.381356
vt -0.08391616 4.389903
vt -0.421875 -2.5427837
vt -3.181617 -2.5427837
vt -3.90625 -0.5057911
vt -0.421875 -0.5057911
vt 0.421875 -0.28188786
vt 0.421875 0.28188786
vt 0.421875 0.08391616
vt 0.9416928 0.18731435
vt 0.9416928 -0.18731435
vt 0.421875 -0.08391616
vt 1.8286579 -0.36374268
vt 1.8286579 0.36374268
vt -0.421875 2.5427837
vt -0.39720976 2.4832368
vt -0.073931575 1.7027742
vt 0.2805573 0.8469622
vt 0.421875 0.5057911
vt -0.421875 0.8807911
vt 0 1.8992875
vt -3.7265792 -1.5242875
vt -0.421875 -1.5242875
vt -0.2805573 0.8469622
vt 0 1.5242875
vt -0.421875 0.5057911
vt 0.421875 0.7129588
vt 0.19775073 0.171875
vt 3.90625 0.19775073
vt 0.421875 0.19775073
vt 3.90625 0.38473204
vt 0.38473204 -0.203125
vt 0.421875 0.33795884
vt 0.19775073 -0.203125
vt 0.35764834 0.557902
vt -0.028378654 0.171875
vt -0.421875 -0.18290201
vt -3.90625 -0.18290201
vt 3.90625 -0.028378654
vt 0.421875 -0.028378654
vt 0.33421084 -3.90625
vt 0.33421084 -0.421875
vt -0.051816154 -0.421875
vt -0.051816154 -3.90625
vt -0.028378654 -0.203125
vt 0.35764834 0.18290201
vt 0.1481428 1.5416391
vt -0.35764834 1.0358479
vt -0.421875 -0.66084796
vt -3.90625 -0.66084796
vt -0.38108584 -3.90625
vt -0.38108584 -0.421875
vt 0.1247053 -0.421875
vt 0.1247053 -3.821451
vt -0.1949716 -3.90625
vt -3.821451 -1.1666391
vt -0.421875 -1.1666391
vt 0.1481428 1.1666391
vt -0.35764834 0.66084796
vt 0 0.20025365
vt -0.35764834 0.557902
vt -0.2265625 -3.90625
vt -0.2265625 -0.421875
vt -0.19818385 -0.421875
vt -0.19818385 -3.90625
vt -0.0234375 -3.90625
vt -0.0234375 -0.421875
vt -0.35764834 0.18290201
vt 0.35764834 1.0358479
vt 0 1.3934964
vt 0.1480966 -3.90625
vt -0.0234375 -3.860748
vt 0.35764834 0.66084796
vt 0.17474635 1.21875
vt -0.17474635 1.21875
vt 0.15130885 -0.421875
vt 0.15130885 -3.90625
vt 0.17474635 0.375
vt -0.17474635 0.375
vt -0.08391616 0.375
vt -0.23897299 0.43922663
vt -0.2624105 -3.90625
vt -0.2624105 -0.421875
vt -0.10735366 -0.421875
vt -0.10735366 -3.90625
vt -0.08391616 -0
vt -0.23897299 0.06422664
vt 0.23897299 1.1545234
vt 0.08391616 1.21875
vt 0.060478657 -3.90625
vt 0.060478657 -0.421875
vt 0.21553549 -0.421875
vt 0.21553549 -3.90625
vt 0.08391616 0.84375
vt 0.23897299 0.7795234
vt -0.08391616 1.21875
vt -0.23897299 1.1545234
vt -0.08391616 0.84375
vt -0.23897299 0.7795234
vt 0.23897299 0.43922663
vt 0.08391616 0.375
vt 0.040789142 -0.421875
vt 0.040789142 -3.90625
vt 0.08391616 -0
vt 0.23897299 0.06422664
vt 0.7768544 0.8469622
vt 0.7769717 -1.5397627e-05
vt 0.77699023 0.8471744
vt 2.2126875 0.8471315
vt 2.2127957 0.8469622
vt 2.2127128 -0
vt 2.490094 -0.203125
vt 3.3115578 0.8469622
vt 3.3115582 -0
vt -2.212714 0.8469622
vt -3.311476 0.8469622
vt -3.3115208 0.8471315
vt -2.2120984 1.4780769
vt -2.7453763 1.8344018
vt -3.2383924 0.6441563
vt -2.609348 0.5190316
vt -2.1209087 0.421875
vt -2.609348 0.421875
vt -0.31126115 -0.025390625
vt -0.27658918 -0
vt -0.23128647 -0.025390625
vt -1.8344018 2.7453763
vt -1.4780769 2.2120984
vt -1.8045787 0.421875
vt -1.5502613 1.0358515
vt -1.1394111 -0.203125
vt -1.8502917 -0.203125
vt -2.2127135 -0
vt -0.77700067 0.8469742
vt -1.0358515 1.5502613
vt -0.84453464 0.421875
vt -0.79832864 0.5334261
vt -0.6441563 3.2383924
vt -0.5190316 2.609348
vt -0.5334419 0.79831284
vt -0.421875 2.120911
vt -0.421875 1.8045822
vt -0.421875 0.84452593
vt -0.63138056 0.421875
vt -0.421875 0.63134944
vt -0.421875 0.421875
vt -0.421875 1.7027766
vt 0.421875 -3.9951878
vt 0.63138056 -3.978474
vt 0.84453464 -3.956256
vt 1.8045787 -3.6436987
vt 2.1209087 -3.4562595
vt 2.609348 -3.1429925
vt 3.2383924 -2.4832368
vt 3.6792328 -1.7027742
vt 3.90625 -0.8469622
vt 3.90625 0.18389162
vt 3.898862 0.203125
vt 0.421875 0.203125
vt -3.898862 0.421875
vt -3.7561374 1.1394111
vt -3.4616823 1.8503032
vt -3.0341778 2.490094
vt -2.4900892 3.0341825
vt -1.8502917 3.4616785
vt -1.1394111 3.756135
vt -0.421875 3.898862
vt -0.421875 2.609348
vt -0.421875 0.84697104
vt 2.120911 3.8312595
vt 1.8045822 4.0186987
vt 3.898862 0.171875
vt 3.90625 0.19110838
vt 3.90625 1.221971
vt 3.6792316 2.0777764
vt -0.77708316 4.2304888e-05
vt -0.77708316 0.8468444
vt -1.8503032 -0.203125
vt -2.2127128 -0
vt -2.2127128 0.8469622
vt -1.1395171 -0.203125
vt -2.490094 -0.203125
vt -3.3115523 -0
vt -3.3115454 0.8469622
vt -2.2127264 0.8469622
vt -2.609348 -0.5190316
vt -3.2383924 -0.6441563
vt -2.7453763 -1.8344018
vt -2.2120984 -1.4780769
vt -2.609348 -0.421875
vt -2.1209087 -0.421875
vt -0.23128733 -0.025390625
vt -0.27658993 -0
vt -1.4780769 -2.2120984
vt -1.8344018 -2.7453763
vt -1.5502613 -1.0358515
vt -1.8045787 -0.421875
vt -0.77699167 0.84694886
vt -2.2127194 -0
vt -1.8502986 -0.203125
vt -1.0358515 -1.5502613
vt -0.79832864 -0.5334261
vt -0.84453464 -0.421875
vt -0.5190316 -2.609348
vt -0.6441563 -3.2383924
vt -0.533424 -0.7983307
vt -0.421875 -1.8046069
vt -0.421875 -2.1208897
vt -0.421875 -0.84453267
vt -0.63138056 -0.421875
vt -0.421875 -0.421875
vt -0.421875 -0.63138473
vt -0.421875 0.84694886
vt -0.421875 -2.609348
vt -0.421875 -3.898862
vt -1.1394111 -3.756135
vt -1.8502986 -3.4616737
vt -2.4900892 -3.0341825
vt -3.0341778 -2.490094
vt -3.4616823 -1.8503032
vt -3.7561164 -1.1395171
vt -3.898862 -0.421875
vt -0.63138473 4.3534737
vt -0.84453267 4.331256
vt -1.8046069 4.0186834
vt -2.1208897 3.831273
vt -3.90625 1.2219489
vt -3.90625 0.19110838
vt -3.898862 0.171875
vt 0.421875 -0.33795884
vt 3.90625 -0.33795884
vt -3.90625 -0.38473204
vt -3.90625 -0.19775073
vt -0.421875 -0.19775073
vt 3.90625 0.203125
vt -1.8286579 -0.36374268
vt -1.8286579 0.36374268
vt -0.9416928 0.18731435
vt -0.9416928 -0.18731435
vt -0.421875 0.08391616
vt -0.421875 -0.08391616
vt -0.421875 -0.28188786
vt -0.421875 0.28188786
vt 0.421875 -2.5427837
vt 3.181617 -2.5427837
vt 3.90625 -0.5057911
vt 0.421875 -0.5057911
vt 0.421875 -1.5242875
vt 3.7265792 -1.5242875
vt -0.421875 0.19775073
vt -3.90625 0.19775073
vt -3.90625 0.38473204
vt 3.90625 -0.18290201
vt 0.421875 -0.18290201
vt -0.421875 -0.028378654
vt -3.90625 -0.028378654
vt 0.33421084 0.421875
vt 0.33421084 3.90625
vt -0.051816154 3.90625
vt -0.051816154 0.421875
vt -0.38108584 0.421875
vt -0.38108584 3.90625
vt -0.1949716 3.90625
vt 0.1247053 3.821451
vt 0.1247053 0.421875
vt 0.421875 -1.1666391
vt 3.821451 -1.1666391
vt 3.90625 -0.66084796
vt 0.421875 -0.66084796
vt -0.2265625 0.421875
vt -0.2265625 3.90625
vt -0.19818385 3.90625
vt -0.19818385 0.421875
vt -0.0234375 0.421875
vt -0.0234375 3.90625
vt -0.0234375 3.860748
vt 0.1480966 3.90625
vt 0.15130885 3.90625
vt 0.15130885 0.421875
vt -0.2624105 0.421875
vt -0.2624105 3.90625
vt -0.10735366 3.90625
vt -0.10735366 0.421875
vt 0.060478657 0.421875
vt 0.060478657 3.90625
vt 0.21553549 3.90625
vt 0.21553549 0.421875
vt -3.90625 0.171875
vt -3.90625 0.7129588
vt -0.19775073 0.203125
vt 0.38473007 -0.203125
vt 0.38473007 -3.90625
vt 0.19775073 -3.90625
vt 0.19775073 -0.19775073
vt 3.90625 0.7129588
vt 3.90625 0.171875
vt 0.19775073 0.19775073
vt 0.19775073 3.90625
vt 0.38473007 3.90625
vt 0.33421084 -0.35764834
vt -0.051816154 -0.19775073
vt 0.19775073 -0.028378654
vt -0.35764834 -0.18290201
vt -0.2265625 -0.19775073
vt -0.19818385 -0.20950556
vt -0.0234375 -0.20950556
vt -0.38108584 -0.35764834
vt -0.19818385 -0.28188786
vt 0.15130885 -0.28188786
vt -0.2624105 -0.3084914
vt -0.10735366 -0.28188786
vt 0.060478657 -0.28188786
vt 0.21553549 -0.3084914
vt -3.90625 0.8807911
vt 0.98800576 4.2845445
vt -0.36374775 -1.8286866
vt -0.421875 -2.120911
vt -0.421875 0.98800576
vt -0.18731435 0.94168526
vt -0.19871283 0.99899
vt -0.18731152 -0.94168526
vt 0 -0
vt 0.19871283 0.99899
vt 0.18731435 0.94168526
vt 0.421875 -3.9095445
vt 0.19871283 -3.9360626
vt -0.19871283 -3.9360626
vt -0.421875 -3.9095445
vt 0.36374775 -1.8286866
vt 0.39720976 2.4832368
vt 0.421875 2.5427837
vt 0.073931575 1.7027742
vt 0.18731435 -0.94168526
vt 0.421875 -1.8046074
vt 0.421875 0.98800576
vt -3.181617 2.9177837
vt -3.6792328 2.0777743
vt -3.90625 0.8807912
vt -0.421875 0.8807912
vt 0.421875 2.9177837
vt -1.8046074 4.0186834
vt 3.90625 1.2219731
vt 3.90625 0.8807911
vt -0.421875 1.8045816
vt -0.36374268 1.8286612
vt 0.36374268 1.8286612
vt 0.421875 2.120911
vt -0.421875 0.84697306
vt -0.28055334 0.8469718
vt 0 -1.5242875
vt 0.07393322 1.7027781
vt 0.421875 0.8807912
vt 3.90625 0.8807912
vt 3.90625 1.2219719
vt 3.6792307 2.077778
vt 3.181617 2.9177837
vt -0.1481428 1.5416391
vt -0.1715803 0.1481428
vt -0.1715803 0.421875
vt 0.33421084 0.35764834
vt 0.1481428 -1.1666391
vt 0.35764834 -0.66084796
vt 0.35764834 1.035848
vt -0.38108584 0.35764834
vt -0.0234375 0.20950556
vt -0.35764834 1.035848
vt -0.19818385 0.28188786
vt 0.15130885 0.28188786
vt 0.060478657 0.28188786
vt 0.21553549 0.3084914
vt -0.10735366 0.28188786
vt -0.2624105 0.3084914
vt -3.7265792 1.8992875
vt 3.7265797 1.8992875
vt 3.6792328 2.0777743
vt 0.421875 0.8469718
vt 0.28055334 0.8469718
vt 3.90625 1.2219718
vt -0.1715803 -0.421875
vt -0.1715803 -0.1481428
vt -0.1481428 -1.1666391
vt -0.35764834 -0.66084796
vt -0.19775073 -3.90625
vt -0.38473204 -3.90625
vt -0.19775073 -0.19775073
vt 0.19775073 0.203125
vt -0.19775073 0.19775073
vt -0.38473204 3.90625
vt -0.19775073 3.90625
vt 0.35764834 -0.18290201
vt -0.19775073 -0.028378654
vt -0.051816154 0.19775073
vt -0.2265625 0.19775073
vt -0.19818385 0.20950556
vt 3.90625 1.035848
vt -0.5057911 1.8992875
vt -0.5292286 -0
vt -0.4690447 -0.1481428
vt -0.9748359 0.35764834
vt -0.9748359 3.90625
vt -0.4690447 3.8214517
vt 3.8214517 1.5416391
vt -3.90625 1.035848
vt -0.0234375 -0
vt -0.4690447 -3.821451
vt -0.9748359 -3.90625
vt -0.9748359 -0.35764834
vt -0.6171875 -0
vt -3.821451 1.5416391
vt -0.19818385 0.17474635
vt 0.15130885 0.17474635
vt -0.79193383 0.84375
vt -0.44244117 0.84375
vt -0.6171875 1.0184964
vt 0.060478657 0.17474635
vt 0.21553549 0.23897299
vt -0.5332713 0.84375
vt -0.3782145 0.7795234
vt -0.2624105 0.23897299
vt -0.10735366 0.17474635
vt -0.7011037 0.84375
vt -0.8561605 0.7795234
vt -0.25953916 3.90625
vt -0.64556617 3.90625
vt -0.64556617 -0.028378654
vt -0.25953916 0.35764834
vt -0.051816154 0.028378654
vt -0.028378654 -0.028378654
vt -0.028378654 3.90625
vt 3.90625 0.557902
vt -0.25953916 -0.35764834
vt -0.64556617 -3.90625
vt -0.25953916 -3.90625
vt -0.028378654 -3.90625
vt -0.2265625 0.028378654
vt -0.19818385 -0
vt -3.90625 0.557902
vt -0.44244117 -0.17474635
vt -0.44244117 0.17474635
vt 0.15130885 -0.17474635
vt -0.19818385 -0.17474635
vt -0.44244117 -0.08391616
vt -0.3782145 -0.23897299
vt -0.2624105 -0.23897299
vt -0.10735366 -0.17474635
vt -0.3782145 0.23897299
vt -0.44244117 0.08391616
vt 0.060478657 -0.17474635
vt 0.21553549 -0.23897299
vt 0.28055546 0.84696674
vt 1.1432016 -0.1481428
vt 0.9950589 -0
vt 0.63741046 -0.35764834
vt 3.90625 1.2219667
vt 0.9950589 -0.20950556
vt 0.8203125 -0.17474635
vt 0.8203125 -0.28188786
vt 0.7560859 -0.23897299
vt 0.7560859 -0.3084914
vt 0.15946451 0.35764834
vt 3.2890625 -0.203125
vt -0.6171875 -0.17474635
vt -0.64556617 -0.203125
vt -4.5234375 -0.203125
vt -0.79193383 -0.17474635
vt -0.79193383 0.17474635
vt -0.79193383 -0.08391616
vt -0.8561605 -0.23897299
vt -0.0234375 0.17474635
vt -0.0234375 0.28188786
vt 0.040789142 0.3084914
vt 0.040789142 0.23897299
vt -0.79193383 0.08391616
vt -0.8561605 0.23897299
vt -0.8561605 -3.90625
vt -3.9296875 0.08391616
vt -3.9296875 0.17474635
vt -0.10735366 0.08391616
vt -0.7011037 -3.90625
vt -0.7011037 -0.08391616
vt -0.8561605 3.90625
vt 0.060478657 0.08391616
vt 3.8828125 0.17474635
vt 3.8828125 0.08391616
vt -0.7011037 0.08391616
vt -0.7011037 3.90625
vt -0.5332713 0.08391616
vt -0.5332713 3.90625
vt -0.3782145 3.90625
vt 0.060478657 -0.08391616
vt 3.8828125 -0.17474635
vt 3.8828125 -0.08391616
vt -0.3782145 -3.90625
vt -0.5332713 -3.90625
vt -0.5332713 -0.08391616
vt -0.10735366 -0.08391616
vt -3.9296875 -0.08391616
vt -3.9296875 -0.17474635

# normals
vn -0.7071067811865475 0.7071067811865475 5.769653023863628e-14
vn -0 -0 1
vn 0 -1 -0
vn 0 0 -1
vn 1.659486925956259e-16 0.25639768376414884 0.966571377478342
vn 2.319167960299874e-06 0.2563994637640076 -0.9665709053019085
vn 0.7071067811865445 0.7071067811865507 5.864753960301159e-14
vn -0.7071067811865495 -0.7071067811865456 -2.2106901818267492e-16
vn 0 1 -0
vn 0.7071067811865223 -0.7071067811865728 -2.2106901818268342e-16
vn -1 -0 0
vn -5.557050088340392e-16 0.8417488561729208 -0.5398693018977644
vn -5.428296645891751e-16 0.4918117484880348 -0.8707015585429613
vn -3.206279047225301e-16 0.25639768376419486 -0.9665713774783299
vn -0 0.6900609120261179 -0.723751295469433
vn 0.042903828247026675 0.9936955795115427 -0.10357778130935648
vn 0.0792744942339298 0.9936956823534596 -0.07927449423393788
vn 0.10357711822536167 0.99369568235346 -0.04290304712046792
vn 0.12718786071968766 0.9431545230992366 -0.30705503357378916
vn 0.1825628131101774 -0.3525620259422538 -0.9178076253402954
vn 0.20660038142390094 0.8417500926202055 -0.4987715548919906
vn 0.2350123399853315 0.9431534340229359 -0.23501233998529167
vn 0.27696762992893126 0.6900609120261129 -0.6686590085127395
vn 0.3070584197137336 0.9431534340229416 -0.1271877618862653
vn 0.3332030609888417 0.4918117484880935 -0.804423348863489
vn 0.36989085235926605 0.2563976837640817 -0.8929955123634999
vn 0.381744105687709 0.8417498889488432 -0.38174410568769934
vn 0.3826834323650753 9.323457666407321e-15 -0.9238795325112928
vn 0.4987727105514202 0.8417498889488404 -0.20659842125196448
vn 0.5117694489189483 0.690060912026065 -0.5117694489190925
vn 0.5198946526186902 -0.35255538200219405 -0.778083705522599
vn 0.5398676916195505 0.8417498889488361 4.3410535759803807e-14
vn 0.6156789764353856 0.4918117484881313 -0.6156789764353845
vn 0.6686590085128602 0.6900609120260291 -0.27696762992884877
vn 0.6834691755157339 0.2563976837640433 -0.6834691755158211
vn 0.7071037622030796 1.3708360649741332e-14 -0.707109800157126
vn 0.7237512954694294 0.6900609120261215 1.3888670165395404e-14
vn 0.7780745303479015 -0.35257027165124477 -0.5198982869481876
vn 0.8044233488633643 0.49181174848825326 -0.3332030609889066
vn 0.8707015585429181 0.49181174848811154 -3.1674722490500736e-15
vn 0.8929955123635789 0.2563976837639487 -0.3698908523591671
vn 0.9178078197535715 -0.3525612541335427 -0.18256332622676225
vn 0.9238808859703936 -6.830233482773344e-06 -0.38268016474845984
vn 0.9665713774783494 0.2563976837641211 5.755270889768685e-14
vn 1 0 -0
vn -7.569728069935385e-16 0.4918117484881013 0.8707015585429239
vn -5.510055891674242e-16 0.25639768376414834 0.9665713774783421
vn 0 0.6900609120261135 0.7237512954694372
vn 0 0.8417488561728111 0.5398693018979354
vn 0.04290127626330979 0.9936956361147193 0.10357829532070079
vn 0.07927449423393218 0.9936956823534595 0.07927449423393913
vn 0.10357711822536149 0.9936956823534598 0.04290304712046994
vn 0.12718246601810138 0.9431530483234422 0.3070617979751848
vn 0.18256281311081715 -0.3525620259422428 0.9178076253401724
vn 0.20659899059230133 0.8417489347532944 0.49877408506049753
vn 0.23501233998529808 0.9431534340229415 0.23501233998530327
vn 0.2769676299289329 0.6900609120261136 0.6686590085127381
vn 0.3070584197137162 0.9431534340229462 0.12718776188627445
vn 0.33320306098883185 0.4918117484880922 0.8044233488634939
vn 0.36989085235928676 0.2563976837641883 0.8929955123634606
vn 0.3817441056876923 0.8417498889488155 0.38174410568777695
vn 0.3826834323650985 4.523046620213358e-14 0.9238795325112831
vn 0.4987727105514194 0.8417498889488462 0.20659842125194236
vn 0.5117694489188294 0.6900609120262267 0.5117694489189932
vn 0.5198946526186774 -0.3525553820021766 0.7780837055226155
vn 0.5398676916195461 0.841749888948839 4.341053575971664e-14
vn 0.6156789764354099 0.4918117484881103 0.615678976435377
vn 0.6686590085127733 0.6900609120261112 0.2769676299288539
vn 0.6834691755157754 0.25639768376409766 0.6834691755157595
vn 0.7071117249276526 -2.1747312144254865e-05 0.7071018370764526
vn 0.7237512954694082 0.690060912026144 3.815805649923097e-14
vn 0.778077847715498 -0.352559681878701 0.5199005035658335
vn 0.8044233488634693 0.49181174848815906 0.33320306098879265
vn 0.8707015585428967 0.4918117484881494 2.549658779099483e-14
vn 0.8929955123635264 0.25639768376404654 0.36989085235922664
vn 0.9178078636459245 -0.352561164032618 0.18256327956538657
vn 0.9238796179965582 4.879761147610469e-12 0.38268322598532295
vn 0.9665713774783632 0.25639768376406874 2.5340045097406674e-14
vn 1.766249032852019e-16 0.382683432365084 -0.9238795325112892
vn 0.9178078636459204 -0.3525611640326264 0.18256327956539084
vn 4.437051008771744e-15 -0.38268343236508456 0.9238795325112888
vn 0.07927449423392788 0.9936956823534596 0.07927449423394131
vn 0.07927449423392884 0.9936956823534597 -0.0792744942339382
vn 0.10357711822536114 0.99369568235346 -0.04290304712046763
vn 0.10357711822536239 0.9936956823534598 0.042903047120468205
vn 0.11211106489589463 0.9936956823534601 -0
vn 0.30705841971371456 0.9431534340229467 0.12718776188627384
vn 0.3070584197137329 0.9431534340229428 -0.12718776188625858
vn 0.3323576385322474 0.9431534340229419 1.83682952103386e-15
vn 0.49877271055141903 0.8417498889488471 0.20659842125194017
vn 0.49877271055142636 0.8417498889488431 -0.20659842125193878
vn 0.5398676916195506 0.8417498889488361 4.385134898850209e-14
vn 0.7237512954694277 0.6900609120261234 1.3807761005139977e-14
vn 0.8707015585429144 0.49181174848811776 -2.544497383245617e-15
vn 0.9665713774783523 0.25639768376411026 5.760946376086685e-14
vn 1.847407269650501e-16 0.3826834323650877 -0.9238795325112876
vn 5.856578444588807e-15 -0.38268343236508495 -0.9238795325112887
vn 0.723751295469412 0.6900609120261397 1.3637487272045925e-14
vn 0.8707015585429017 0.49181174848814063 2.2498479894811205e-14
vn 0.9665713774783538 0.2563976837641046 2.5961210595376155e-14
vn 1.1039056455325089e-16 0.38268343236509045 0.9238795325112864
vn 0.9178078197535732 -0.3525612541335394 -0.18256332622676041
vn -1.1039056455325089e-16 -0.38268343236509056 -0.9238795325112865
vn 2.5346784086374846e-16 0.7071067811865476 0.7071067811865476
vn -5.55963821196574e-15 0.382683432365085 0.9238795325112887
vn -2.251516378897881e-16 -0.7071067811865498 -0.7071067811865451
vn 1.2856338385832556e-16 0.38268343236508423 -0.9238795325112891
vn 0.9665713774783566 0.2563976837640936 5.781791984286044e-14
vn -2.534678408637509e-16 -0.7071067811865406 -0.7071067811865545
vn -1.766249032852019e-16 -0.3826834323650841 0.9238795325112891
vn 2.0840689137686023e-16 0.7071067811865489 -0.707106781186546
vn -2.739430854755245e-16 -0.7071067811865498 0.7071067811865452
vn 1.325185211858277e-16 0.3826834323650868 -0.923879532511288
vn 2.2515163788978793e-16 0.7071067811865493 0.7071067811865457
vn 0.9665713774783568 0.2563976837640933 5.744180498495659e-14
vn 2.739430854755246e-16 0.7071067811865499 -0.7071067811865452
vn 3.147083467786813e-15 0.7071067811865505 0.7071067811865445
vn 0.9665713774783565 0.25639768376409433 5.758419633060331e-14
vn -2.0840689137686018e-16 -0.7071067811865487 -0.7071067811865464
vn -2.0840689137686016e-16 -0.7071067811865487 0.7071067811865465
vn -1.802437979475539e-16 -0.7071067811865496 0.7071067811865455
vn 2.121155429344381e-17 0.9238795325112916 -0.38268343236507796
vn -4.085406541221061e-17 -0.9238795325112915 0.3826834323650782
vn 2.872635529789139e-16 0.70710678118655 -0.7071067811865451
vn -2.728274383426691e-16 -0.9238795325112906 -0.3826834323650805
vn 2.0840689137685905e-16 0.7071067811865501 0.7071067811865449
vn -2.4783522217788736e-16 -0.7071067811865475 -0.7071067811865476
vn 2.545373307442955e-16 0.9238795325112797 0.38268343236510693
vn -0.9665713774778651 0.2563976837659462 -3.603822207566715e-11
vn -0.9238823335618381 5.299683739081477e-05 -0.3826766662910971
vn -0.9178101748267353 -0.3525564195538358 -0.1825608227848937
vn -0.8929955123634814 0.2563976837641482 -0.36989085235926444
vn -0.8707015585429345 0.4918117484880824 -1.802190649742687e-14
vn -0.8044233488634839 0.4918117484880957 -0.3332030609888507
vn -0.7780778675628873 -0.3525495806865414 -0.5199073236323312
vn -0.7237512954694326 0.6900609120261182 3.616154524295164e-15
vn -0.7071067811866589 1.1144566498341436e-14 -0.7071067811864361
vn -0.6834691755158724 0.2563976837635034 -0.6834691755158854
vn -0.668659008512744 0.6900609120261105 -0.27696762992892615
vn -0.6156789764356919 0.4918117484872956 -0.615678976435746
vn -0.5398676916195383 0.841749888948844 -2.920629345929562e-16
vn -0.5198928331497212 -0.3525658361338611 -0.7780801843195774
vn -0.511769448918967 0.6900609120261286 -0.5117694489189876
vn -0.49877271055139855 0.8417498889488452 -0.20659842125199715
vn -0.382683592678998 3.351021858763251e-07 -0.9238794661070145
vn -0.38174410568500267 0.8417498889512943 -0.38174410568500106
vn -0.36989288219446453 0.2563972054699902 -0.8929948089037538
vn -0.33320306098885183 0.4918117484880266 -0.8044233488635256
vn -0.3070584197137202 0.9431534340229448 -0.12718776188627465
vn -0.2769676299288699 0.6900609120262079 -0.668659008512667
vn -0.2350123399880804 0.9431534340224568 -0.23501233998446608
vn -0.20659899057125922 0.8417489347885371 -0.4987740850097364
vn -0.18256332622687976 -0.35256125413172745 -0.9178078197542454
vn -0.1271878607197161 0.9431545230992351 -0.30705503357378217
vn -0.10357711822537544 0.9936956823534593 -0.042903047120448325
vn -0.07927449423397055 0.9936956823536643 -0.07927449423133155
vn -0.04290382824447635 0.9936955795122888 -0.10357778130325491
vn -1.5863465613714305e-16 0.4918117484880348 -0.8707015585429614
vn -0 0.8417488561729216 -0.5398693018977632
vn 1.3113433728330992e-15 0.690060912026192 -0.7237512954693621
vn 2.3191917545292157e-06 0.2564009238504974 -0.966570517987815
vn -0.9665713774778654 0.2563976837659461 -3.6039859018034504e-11
vn -0.9238718328656164 3.321775885883368e-14 0.38270202042519547
vn -0.9178102187213041 -0.3525563294447332 0.18256077612457922
vn -0.8929955123634862 0.25639768376411687 0.3698908523592746
vn -0.8707015585429346 0.49181174848808235 -1.7810038287480132e-14
vn -0.8044233488635983 0.49181174848795356 0.3332030609887843
vn -0.7780778675642801 -0.35254958068211034 0.5199073236332515
vn -0.7237512954694325 0.6900609120261183 3.56264784046211e-15
vn -0.7071067811866015 1.8907809724657547e-14 0.7071067811864936
vn -0.6834691755157709 0.25639768376406713 0.6834691755157755
vn -0.6686590085241907 0.6900609120221225 0.27696762991122803
vn -0.6156789764505034 0.4918117484417832 0.6156789764572905
vn -0.5398676916195383 0.841749888948844 -2.920629349372042e-16
vn -0.5198942420786288 -0.35255910491381337 0.7780822929458417
vn -0.5117694489119884 0.6900609120379757 0.511769448909992
vn -0.4987727105577808 0.8417498889504719 0.206598421229961
vn -0.3826855384153354 4.402281880733726e-06 0.9238786601434112
vn -0.3817441056768195 0.8417498889642827 0.38174410566454464
vn -0.36989163117584173 0.25639001152193647 0.8929973925929774
vn -0.3332030609987139 0.4918117484423779 0.8044233488873497
vn -0.3070584197243083 0.9431534340217388 0.12718776186965514
vn -0.276967629920757 0.6900609120484721 0.6686590084930506
vn -0.23501233998309107 0.9431534340233815 0.23501233998574436
vn -0.20660038142161657 0.841750092625131 0.49877155488462444
vn -0.18256332622217936 -0.3525612541775281 0.9178078197375868
vn -0.1271809208514671 0.9431527907943213 0.30706322897451604
vn -0.10357711822706003 0.99369568235356 0.042903047114052545
vn -0.07927449422839596 0.993695682354191 0.0792744942303051
vn -0.04290065933539797 0.9936956365214582 0.10357854694289863
vn -7.306057793582895e-16 0.4918117484426128 0.8707015585686179
vn -4.358411884468763e-16 0.25639394565404217 0.9665723690608748
vn 0 0.6900609120483644 0.723751295448222
vn 0 0.8417488561728109 0.5398693018979358
vn -0.9178102187213001 -0.3525563294447412 0.18256077612458388
vn 1.8290107598391394e-16 0.38268343236508395 -0.9238795325112891
vn -0.9665713774778658 0.2563976837659442 -3.603815058963774e-11
vn -0.8707015585429345 0.49181174848808235 -1.8042011345864176e-14
vn -0.7237512954694324 0.6900609120261183 3.694357694625327e-15
vn -0.5398676916195383 0.8417498889488438 -1.4527686776176923e-16
vn -0.4987727105577805 0.8417498889504719 0.20659842122996203
vn -0.49877271055139716 0.8417498889488451 -0.20659842125200084
vn -0.332357638532259 0.9431534340229378 1.6997096158704526e-16
vn -0.3070584197243083 0.9431534340217388 0.12718776186965555
vn -0.30705841971372044 0.9431534340229444 -0.12718776188627695
vn -0.11211106489590272 0.9936956823534591 1.465767680994131e-14
vn -0.10357711822705871 0.99369568235356 0.042903047114054564
vn -0.10357711822537807 0.9936956823534592 -0.042903047120447464
vn -0.07927449423397026 0.9936956823536646 -0.07927449423133026
vn -0.07927449422839572 0.9936956823541911 0.07927449423030547
vn -4.969497129176391e-15 -0.38268343236508456 0.923879532511289
vn -0.9665713774778654 0.25639768376594557 -3.6039956790948466e-11
vn -0.8707015585429345 0.49181174848808235 -1.8113537097118457e-14
vn -0.7237512954694327 0.6900609120261181 1.0604566136381438e-14
vn -1.828022871023101e-14 0.38268343236509567 -0.9238795325112844
vn -8.535383545916001e-17 -0.3826834323650848 -0.9238795325112887
vn -0.9178101748267316 -0.35255641955384326 -0.18256082278489733
vn 2.194812911807008e-16 0.38268343236509117 0.9238795325112863
vn -1.0303119358303415e-16 -0.38268343236509056 -0.9238795325112864
vn 2.309373661203041e-16 0.7071067811865476 0.7071067811865475
vn -0.9665713774778655 0.2563976837659452 -3.60397717214219e-11
vn -1.6897856057583289e-16 -0.7071067811865497 -0.7071067811865454
vn 1.0285070708580097e-16 0.3826834323650844 -0.9238795325112891
vn 1.0285070708580135e-16 0.38268343236508584 0.9238795325112883
vn -2.309373661203053e-16 -0.7071067811865441 -0.707106781186551
vn -1.7662490328520193e-16 -0.382683432365084 0.9238795325112892
vn 1.7461117926169322e-16 0.7071067811865492 -0.7071067811865458
vn -0.9665713774778656 0.256397683765945 -3.6039269749975636e-11
vn -2.282859045610352e-16 -0.7071067811865506 0.7071067811865445
vn 1.2700861624466912e-16 0.70710678118655 0.707106781186545
vn 2.030974850953307e-16 0.3826834323650868 -0.9238795325112878
vn -0.9665713774778653 0.25639768376594585 -3.6039907337639924e-11
vn 2.2828590456103485e-16 0.7071067811865495 0.7071067811865455
vn 5.245138977037296e-16 0.7071067811865505 -0.7071067811865445
vn -2.0277427269099918e-16 -0.7071067811865491 0.7071067811865459
vn -2.0277427269099891e-16 -0.707106781186548 -0.707106781186547
vn -1.7461117926169293e-16 -0.7071067811865493 0.7071067811865457
vn 2.133845886478961e-17 0.9238795325112916 -0.38268343236507774
vn -9.41425904806343e-18 -0.9238795325112914 0.3826834323650785
vn 2.928961716647749e-16 0.7071067811865501 -0.7071067811865449
vn -2.8044831650866563e-16 -0.9238795325112904 -0.38268343236508073
vn 1.6334594188997078e-16 0.7071067811865493 0.7071067811865457
vn -2.3656998480616516e-16 -0.7071067811865476 -0.7071067811865475
vn 2.5241899038075767e-16 0.9238795325112799 0.38268343236510666
vn -0.9238795325112886 0.3826834323650853 1.5212131385813898e-16
vn -1.830613601593308e-15 0.3826834323650619 -0.9238795325112984
vn 0.1825628131101798 -0.35256202594229125 0.9178076253402805
vn -0.9238795325112861 0.3826834323650913 -3.4141534183664586e-16
vn 0 0.3826834323650552 0.9238795325113011
vn 0.18256281311017228 -0.3525620259422764 -0.9178076253402877
vn -0.9238795325112873 0.3826834323650886 1.133988316769775e-16
vn -3.055765392006564e-16 0.7071067811865477 0.7071067811865475
vn 0 -0.3826834323650904 -0.9238795325112864
vn -0.9238795325112872 0.3826834323650886 1.5139926414468192e-16
vn -8.756818704899264e-17 -0.7071067811865432 -0.7071067811865516
vn 9.24151581102803e-17 0.7071067811865491 -0.707106781186546
vn 1.8306136015932897e-15 -0.3826834323650838 0.9238795325112892
vn -0.9238795325112873 0.3826834323650883 -2.8866363858072433e-16
vn -9.241515811028024e-17 -0.7071067811865487 0.7071067811865464
vn -9.241515811028019e-17 -0.7071067811865482 -0.7071067811865469
vn -0.9238795325112871 0.38268343236508884 -5.646318203663154e-16
vn -2.803994157781525e-16 -0.7071067811865495 0.7071067811865457
vn 1.1381330272680293e-16 0.9238795325112916 -0.3826834323650779
vn -0.9238795325112873 0.38268343236508856 -0
vn 0 -0.7071067811865475 -0.7071067811865475
vn 3.231669952185446e-16 0.9238795325112797 0.38268343236510677
vn -0.2066011939330399 0.8417487310585111 0.4987735161642292
vn -0.12718786071971783 0.9431545230992342 -0.30705503357378466
vn -0.12718092085116328 0.9431527907945675 0.3070632289738858
vn -0.11211106489590507 0.9936956823534588 1.5776087350627213e-14
vn -0.10357711822538666 0.9936956823534585 0.04290304712043873
vn -0.10357711822537655 0.9936956823534592 -0.042903047120449476
vn -0.0792744942339921 0.9936956823534583 0.07927449423389404
vn -0.07927449423398004 0.9936956823534583 -0.07927449423390638
vn -0.04290382824701232 0.9936955795115456 -0.10357778130933488
vn -0.04290065933956289 0.9936956365202243 0.10357854695301036
vn -1.729566722343664e-13 0.9431547064467007 -0.33235402766844574
vn -5.643009745196998e-14 -0.38268343236508423 -0.9238795325112891
vn -8.901913927829184e-16 0.8417488561728196 0.5398693018979219
vn -7.086645032027147e-16 0.6900609120261142 0.7237512954694365
vn 1.4420175468662171e-16 0.49181174848809917 0.870701558542925
vn 4.0644283260635145e-16 0.2563976837641483 0.9665713774783421
vn 9.16105311093872e-16 0.9936955822613718 -0.11211195205790199
vn 8.472363206696477e-15 0.9936955822613716 0.11211195205790424
vn 2.511670703223598e-14 0.9431522516775054 0.3323609937336987
vn 0.042901276263286804 0.99369563611472 0.10357829532070524
vn 0.04290382824701371 0.9936955795115431 -0.10357778130935869
vn 0.07927449423388314 0.9936956823534618 0.07927449423395862
vn 0.07927449423388508 0.9936956823534617 -0.07927449423395803
vn 0.10357711822531333 0.9936956823534642 -0.04290304712048563
vn 0.10357711822531458 0.9936956823534642 0.042903047120483914
vn 0.11211106489584827 0.9936956823534652 -0
vn 0.12718301746163196 0.9431525405067948 0.307063129347913
vn 0.12718786071971305 0.9431545230992426 -0.3070550335737604
vn 0.20660119390622722 0.8417487310696878 0.49877351615647336
vn 0.9238795325112809 -0.382683432365104 -1.4148407842124982e-16
vn -0.20660119380381292 0.8417487311124506 -0.49877351612672727
vn -0.12718786071971525 0.9431545230992345 -0.3070550335737843
vn -1.7291770492724035e-13 0.943154706446701 -0.3323540276684447
vn -7.944382383878172e-16 0.8417488561729215 -0.5398693018977633
vn 3.653232534419401e-17 0.6900609120261186 -0.7237512954694324
vn 2.0141698737981635e-16 -0.38268343236508406 0.9238795325112892
vn 2.0269275667986837e-16 0.49181174848803466 -0.8707015585429614
vn 1.974568972951381e-13 0.3826834323650546 0.9238795325113013
vn 2.319179314333294e-06 0.256400719039039 -0.9665705723178649
vn 0.12718786071971122 0.9431545230992433 -0.307055033573759
vn 0.2066011938034718 0.8417487311125922 -0.4987735161266297
vn 0.9238795325112809 -0.38268343236510394 2.4386810131189795e-17
vn -8.6038057749058e-16 -0.7071067811865496 0.7071067811865454
vn -2.0141698737981776e-16 0.38268343236508673 0.9238795325112881
vn -2.014169873798174e-16 0.38268343236508606 -0.9238795325112884
vn 0.9238795325112976 -0.3826834323650634 -4.7812505529413317e-14
vn -1.2223061568025308e-15 -0.7071067811865495 -0.7071067811865456
vn -6.429072396309564e-17 0.38268343236508456 0.9238795325112888
vn 8.603805774905798e-16 0.707106781186549 -0.707106781186546
vn 0.9238795325112807 -0.38268343236510416 3.024884677676839e-17
vn 7.393212648822365e-16 0.7071067811865495 0.7071067811865457
vn 7.393212648822371e-16 0.7071067811865501 -0.7071067811865449
vn 0.9238795325112809 -0.3826834323651042 -0
vn 3.793776757560274e-17 -0.9238795325112915 0.3826834323650785
vn 8.411982473344953e-16 0.7071067811865497 -0.7071067811865454
vn 0.9238795325112805 -0.38268343236510466 -0
vn 1.5521153772649765e-16 -0.9238795325112906 -0.3826834323650804
vn 8.411982473344951e-16 0.7071067811865498 0.7071067811865452
vn 0.9238795325112806 -0.3826834323651045 -0
vn -0.9238795325112911 -0.38268343236507923 6.566148627822429e-14
vn -0.9238795325112368 0.38268343236521035 7.92591289856399e-14
vn -4.8936868044819643e-14 -0.38268343236465974 -0.9238795325114649
vn -1.636235050955073e-16 0.25639768376414684 0.9665713774783425
vn 0 0.4918117484881003 0.8707015585429245
vn 0 0.6900609120261137 0.7237512954694368
vn -0.9238795325118746 -0.3826834323636709 -7.925911772971657e-14
vn -0.9238795325112358 0.38268343236521263 2.2710793368272808e-13
vn -6.548066259713439e-13 -0.38268343236482744 0.9238795325113954
vn -6.042844419940028e-16 0.256400361242661 -0.9665706672326824
vn -4.835868862439338e-16 0.4918117484880351 -0.8707015585429613
vn -0 0.690060912026118 -0.7237512954694327
vn 6.547991660822689e-13 0.3826834323644455 0.9238795325115536
vn -0.9238795325114817 -0.38268343236461927 6.555425286412621e-14
vn -1.2223061567862028e-15 -0.7071067811865502 0.7071067811865447
vn 6.548066259717892e-13 0.3826834323650876 0.9238795325112876
vn 6.548066259718573e-13 0.3826834323651275 -0.9238795325112712
vn -0.9238795325114817 -0.3826834323646194 6.539800673138707e-14
vn -7.169838145757834e-17 0.7071067811865501 -0.707106781186545
vn 9.367844985405153e-17 0.38268343236508484 0.9238795325112888
vn 1.222306156799111e-15 -0.7071067811865493 -0.7071067811865457
vn -0.9238795325114818 -0.38268343236461905 6.557913025575344e-14
vn 0 0.7071067811865497 0.7071067811865454
vn -0 0.70710678118655 -0.707106781186545
vn -0.9238795325114817 -0.38268343236461944 6.549729116249806e-14
vn -9.98317586411245e-16 -0.9238795325112913 0.3826834323650786
vn 2.8039941577795346e-16 0.70710678118655 -0.707106781186545
vn -0.9238795325114817 -0.3826834323646189 6.549729116249661e-14
vn -2.803994157780032e-16 0.7071067811865498 0.7071067811865452
vn -7.587553515115861e-17 -0.9238795325112906 -0.3826834323650805
vn -0.18256332622690621 -0.3525612541318677 0.9178078197541861
vn 0 0.38268343236509833 -0.9238795325112831
vn 0.9238795325112836 0.3826834323650972 7.31604303935681e-17
vn -0.1825633262269197 -0.35256125413203787 -0.9178078197541181
vn 1.7973433966144645e-15 0.3826834323650925 0.9238795325112856
vn 0.9238795325112835 0.3826834323650977 1.1063368280591876e-16
vn -1.830613601593438e-15 -0.38268343236509095 -0.9238795325112862
vn 3.502727481959982e-16 0.7071067811865476 0.7071067811865475
vn 0.9238795325112835 0.38268343236509755 1.1339883167697695e-16
vn -3.5027274819600006e-16 -0.7071067811865438 -0.7071067811865512
vn 0 -0.38268343236508284 0.9238795325112896
vn 4.620757905514437e-16 0.7071067811865491 -0.7071067811865458
vn 0.9238795325112835 0.38268343236509744 1.5139926414468145e-16
vn -4.620757905514435e-16 -0.7071067811865488 0.7071067811865462
vn -4.620757905514431e-16 -0.7071067811865481 -0.7071067811865468
vn 0.9238795325112835 0.3826834323650975 1.3121074480941986e-16
vn -4.2059912366729304e-16 -0.7071067811865495 0.7071067811865456
vn 7.587553515121354e-17 0.9238795325112916 -0.38268343236507796
vn 0.9238795325112836 0.3826834323650977 0
vn -5.607988315563921e-16 -0.7071067811865477 -0.7071067811865475
vn 2.4223246513039495e-16 0.9238795325112797 0.38268343236510677
vn 0.9238795325112835 0.38268343236509744 -0
vn -0.923879532511141 0.38268343236544167 3.4933766554867336e-14
vn 2.301516191942105e-16 -0.7071067811865499 0.7071067811865451
vn 2.319167960147442e-06 0.2563994637640087 -0.9665709053019083
vn 0.7071067811865467 -0.7071067811865485 -3.3184038728496856e-16
vn 0.9238795325115352 0.3826834323644897 -6.028965108551889e-17
vn -0.9238795325112852 0.3826834323650937 7.0176378627563e-14
vn -9.167512429312471e-16 0.7071067811865497 -0.7071067811865452
vn 0 -0.7071067811865493 -0.7071067811865457
vn 2.610991135678675e-16 0.2563976837641477 0.9665713774783424
vn 0.7071067811865046 -0.7071067811865904 8.708943898806814e-16
vn 0.9238795325112742 0.38268343236512015 3.495695661264765e-14
vn -0.9238795325112349 0.38268343236521524 7.014526417510269e-14
vn 0 0.7071067811865489 0.7071067811865461
vn -0 0.7071067811865508 -0.7071067811865444
vn 0.7071067811865923 -0.7071067811865026 -4.01697425494762e-16
vn -0.9238795325112349 0.38268343236521507 7.001434572540983e-14
vn 0 -0.9238795325112914 0.3826834323650784
vn -0 0.7071067811865499 -0.7071067811865454
vn 0.7071067811865521 -0.7071067811865428 -4.3215048608060587e-16
vn -0.923879532511235 0.3826834323652147 7.001434572540911e-14
vn 0 0.7071067811865498 0.7071067811865452
vn 0 -0.9238795325112906 -0.3826834323650804
vn 0.7071067811865525 -0.7071067811865428 -4.321504860806016e-16
vn -0.7071067811865199 0.7071067811865751 -2.3837201153315574e-15
vn 0 0.7071067811865476 0.7071067811865476
vn 0.9238795325112723 -0.38268343236512486 -1.2382702389076705e-16
vn -0.7071067811865219 0.707106781186573 1.543624572264279e-16
vn -2.6192892655210246e-16 0.7071067811865492 -0.7071067811865458
vn 0 -0.7071067811865399 -0.7071067811865552
vn 0.9238795325112886 -0.3826834323650853 2.1590636045712827e-15
vn -0.7071067811865344 0.7071067811865607 -2.410184552968687e-15
vn 9.367844985401315e-17 -0.7071067811865485 0.7071067811865466
vn 9.36784498540132e-17 -0.7071067811865488 -0.7071067811865462
vn 0.9238795325112805 -0.3826834323651049 2.0731297679888163e-15
vn -0.7071067811865328 0.7071067811865622 -2.3768276734435775e-15
vn 0 -0.7071067811865497 0.7071067811865452
vn 3.1643486719984563e-17 0.9238795325112916 -0.38268343236507774
vn 0.9238795325112806 -0.38268343236510466 2.258527281465241e-15
vn -0.707106781186533 0.7071067811865622 -2.376827673446485e-15
vn 1.8317974601435282e-16 -0.7071067811865476 -0.7071067811865474
vn 3.6886351264032544e-16 0.9238795325112797 0.38268343236510677
vn 0.9238795325112805 -0.38268343236510466 2.2585272814680024e-15
vn -0.7071067811865155 -0.7071067811865795 -1.6267229514932638e-16
vn -0.7071067811864988 0.7071067811865963 1.977648400285399e-17
vn 4.2598695635403526e-14 -0.7071067811865407 0.7071067811865543
vn 2.319167961017547e-06 0.256399463764008 -0.9665709053019084
vn 0.9238795325112885 0.3826834323650856 3.162304549262671e-15
vn -0.7071067811865475 -0.7071067811865475 -1.6038952052114794e-15
vn -0.707106781186503 0.7071067811865921 1.626723594556684e-16
vn -4.1260991937618025e-14 0.70710678118654 -0.707106781186555
vn -2.3424023767369545e-15 0.25639768376415156 0.9665713774783413
vn 4.1218517935767785e-14 -0.707106781186541 -0.707106781186554
vn 0.9238795325112933 0.3826834323650739 1.2056318742203762e-15
vn -0.7071067811865387 -0.7071067811865562 -1.5666199594296193e-15
vn -4.1218517935768555e-14 0.7071067811865542 -0.7071067811865408
vn -4.121851793576776e-14 0.7071067811865406 0.7071067811865545
vn 0.9238795325112941 0.38268343236507235 3.2277843223113307e-15
vn -0.7071067811865387 -0.7071067811865561 -1.5125267012820957e-15
vn -7.327189840574862e-16 0.7071067811865491 -0.7071067811865459
vn 3.4697657459061205e-16 -0.9238795325112913 0.3826834323650789
vn 0.9238795325112941 0.38268343236507213 3.387790922197475e-15
vn -0.7071067811865388 -0.7071067811865565 -1.5125267012822786e-15
vn -8.188134646842631e-14 0.707106781186533 0.707106781186562
vn -1.4993533404508101e-15 -0.9238795325112906 -0.3826834323650803
vn 0.923879532511294 0.38268343236507235 3.387790922197411e-15
vn -0.9238795325112835 -0.3826834323650973 -7.653121741215433e-17
vn -3.154752957512316e-15 0.7071067811865457 0.7071067811865493
vn 0.7071067811865331 0.7071067811865619 2.009718347115273e-16
vn 0.7071067811866887 -0.7071067811864065 -2.0825141939968013e-16
vn -0.9238795325112837 -0.3826834323650973 -9.918898513739561e-17
vn -1.2178198481022742e-15 0.7071067811865482 -0.7071067811865468
vn 0 -0.707106781186535 -0.70710678118656
vn 0.7071067811865371 0.7071067811865579 -1.6038952052115634e-16
vn 0.7071067811866893 -0.7071067811864058 -2.0599613057926998e-16
vn -0.9238795325112837 -0.382683432365097 -1.5745289377130348e-16
vn 1.217819848102273e-15 -0.7071067811865476 0.7071067811865475
vn 1.2178198481022734e-15 -0.7071067811865477 -0.7071067811865475
vn 0.7071067811865351 0.7071067811865598 -1.6067897019791363e-16
vn -0.9238795325112836 -0.3826834323650973 -0
vn -1.9827232833750539e-16 0.9238795325112916 -0.382683432365078
vn 2.1981569521726097e-15 -0.7071067811865487 0.7071067811865464
vn 0.7071067811865351 0.7071067811865599 -2.160752430403276e-16
vn -0.9238795325112839 -0.38268343236509694 0
vn 1.2657394687984354e-16 0.9238795325112797 0.38268343236510666
vn 1.8317974601438494e-16 -0.7071067811865466 -0.7071067811865486
vn 0.7071067811865354 0.7071067811865599 -2.1607524304059107e-16
vn -0.7071067811865256 -0.7071067811865694 -2.310570043907013e-16
vn -0 0.9238795325112913 -0.3826834323650788
vn 0.3826834323650573 0.9238795325113003 9.231433493903279e-16
vn -0.7071067811865335 -0.7071067811865616 -3.612395542492705e-16
vn 0 0.9238795325112795 0.3826834323651072
vn 0.38268343236509705 0.9238795325112837 1.3894127743080014e-18
vn -0.3826834323650776 -0.9238795325112918 0
vn -0 -0.9238795325112915 0.3826834323650783
vn 0.7071067811864649 0.7071067811866302 1.364682760496853e-15
vn -0.38268343236509694 -0.9238795325112836 -4.3495919772968244e-16
vn -1.871025261945548e-15 -0.9238795325112913 -0.3826834323650789
vn 0.7071067811865475 0.7071067811865475 0
vn -0.382683432365078 0.9238795325112915 1.6672953291694702e-16
vn -0 0.9238795325112918 -0.38268343236507724
vn 0.7071067811865457 -0.7071067811865495 -4.548942534990837e-17
vn -0.3826834323650919 0.9238795325112859 4.889161726327687e-16
vn 0 0.9238795325112797 0.3826834323651066
vn 0.7071067811865361 -0.7071067811865588 -2.0024940380528323e-16
vn -0.7071067811863954 0.7071067811866997 2.310570043906587e-16
vn -0 -0.9238795325112916 0.38268343236507785
vn 0.38268343236498475 -0.9238795325113304 -9.658354049584615e-16
vn -0.7071067811863911 0.7071067811867041 1.712543072001243e-16
vn 0 -0.9238795325112908 -0.3826834323650799
vn 0.38268343236490704 -0.9238795325113623 -2.78438319971177e-15

o entity0_brush0
usemtl kenney_prototype_textures/purple/texture_07
f  1/1/1  2/2/1  3/3/1  4/4/1  5/5/1  6/6/1
usemtl kenney_prototype_textures/purple/texture_07
f  7/7/2  5/8/2  4/9/2  8/10/2
usemtl kenney_prototype_textures/purple/texture_07
f  8/11/3  4/4/3  3/3/3  9/12/3
usemtl kenney_prototype_textures/purple/texture_07
f  9/10/4  3/9/4  2/13/4  10/14/4
usemtl kenney_prototype_textures/purple/texture_07
f  6/15/5  5/8/5  7/7/5
usemtl kenney_prototype_textures/purple/texture_07
f  10/14/6  2/13/6  1/15/6
usemtl kenney_prototype_textures/purple/texture_07
f  6/6/7  7/16/7  8/11/7  9/12/7  10/17/7  1/1/7

o entity0_brush1
usemtl kenney_prototype_textures/purple/texture_07
f  11/18/8  12/19/8  13/20/8  14/21/8
usemtl kenney_prototype_textures/purple/texture_07
f  15/22/2  12/23/2  11/24/2
usemtl kenney_prototype_textures/purple/texture_07
f  16/12/9  13/3/9  12/4/9  15/11/9
usemtl kenney_prototype_textures/purple/texture_07
f  14/24/4  13/23/4  16/22/4
usemtl kenney_prototype_textures/purple/texture_07
f  14/25/10  16/12/10  15/11/10  11/26/10

o entity0_brush2
usemtl kenney_prototype_textures/purple/texture_07
f  17/27/11  18/28/11  19/29/11  20/30/11  21/31/11  22/32/11  23/33/11  24/34/11  25/35/11  26/36/11  27/37/11  28/38/11
usemtl kenney_prototype_textures/purple/texture_07
f  29/39/12  18/40/12  17/41/12
usemtl kenney_prototype_textures/purple/texture_07
f  30/42/13  20/43/13  19/44/13  31/45/13
usemtl kenney_prototype_textures/purple/texture_07
f  32/46/14  21/47/14  20/43/14  30/42/14
usemtl kenney_prototype_textures/purple/texture_07
f  33/48/2  34/49/2  35/50/2  36/51/2  37/52/2  38/53/2  39/54/2  40/55/2  25/56/2  24/57/2  41/58/2  42/59/2
usemtl kenney_prototype_textures/purple/texture_07
f  43/60/3  41/61/3  24/62/3  23/63/3  44/64/3  45/65/3  46/66/3  47/67/3  48/68/3
usemtl kenney_prototype_textures/purple/texture_07
f  31/45/15  19/44/15  18/69/15  29/70/15
usemtl kenney_prototype_textures/purple/texture_07
f  49/71/4  22/72/4  21/47/4  32/46/4
usemtl kenney_prototype_textures/purple/texture_07
f  27/73/16  26/74/16  50/75/16
usemtl kenney_prototype_textures/purple/texture_07
f  50/75/17  26/74/17  25/62/17  40/76/17  51/77/17
usemtl kenney_prototype_textures/purple/texture_07
f  51/77/18  40/76/18  39/78/18
usemtl kenney_prototype_textures/purple/texture_07
f  52/79/19  28/80/19  27/73/19  50/75/19
usemtl kenney_prototype_textures/purple/texture_07
f  44/81/20  23/82/20  22/72/20  49/71/20
usemtl kenney_prototype_textures/purple/texture_07
f  53/83/21  29/39/21  17/41/21  28/80/21  52/79/21
usemtl kenney_prototype_textures/purple/texture_07
f  52/79/22  50/75/22  51/77/22  54/84/22
usemtl kenney_prototype_textures/purple/texture_07
f  29/39/23  53/83/23  55/85/23  31/86/23
usemtl kenney_prototype_textures/purple/texture_07
f  54/84/24  51/77/24  39/78/24  38/87/24
usemtl kenney_prototype_textures/purple/texture_07
f  56/88/25  30/42/25  31/45/25  55/89/25
usemtl kenney_prototype_textures/purple/texture_07
f  57/90/26  32/46/26  30/42/26  56/88/26
usemtl kenney_prototype_textures/purple/texture_07
f  53/83/27  52/79/27  54/84/27  58/91/27
usemtl kenney_prototype_textures/purple/texture_07
f  59/92/28  45/93/28  44/81/28  49/71/28  32/46/28  57/90/28
usemtl kenney_prototype_textures/purple/texture_07
f  58/91/29  54/84/29  38/87/29  37/94/29  60/95/29
usemtl kenney_prototype_textures/purple/texture_07
f  61/96/30  55/85/30  53/83/30  58/91/30
usemtl kenney_prototype_textures/purple/texture_07
f  46/97/31  45/93/31  59/92/31
usemtl kenney_prototype_textures/purple/texture_07
f  60/95/32  37/94/32  36/98/32
usemtl kenney_prototype_textures/purple/texture_07
f  62/88/33  56/99/33  55/100/33  61/89/33
usemtl kenney_prototype_textures/purple/texture_07
f  61/96/34  58/91/34  60/95/34  63/101/34
usemtl kenney_prototype_textures/purple/texture_07
f  64/102/35  57/90/35  56/88/35  62/99/35
usemtl kenney_prototype_textures/purple/texture_07
f  57/90/36  64/102/36  65/103/36  47/104/36  46/97/36  59/92/36
usemtl kenney_prototype_textures/purple/texture_07
f  63/45/37  60/105/37  36/69/37  35/44/37
usemtl kenney_prototype_textures/purple/texture_07
f  48/106/38  47/107/38  65/108/38
usemtl kenney_prototype_textures/purple/texture_07
f  62/88/39  61/89/39  63/45/39  66/42/39
usemtl kenney_prototype_textures/purple/texture_07
f  66/42/40  63/45/40  35/44/40  34/43/40
usemtl kenney_prototype_textures/purple/texture_07
f  64/109/41  62/88/41  66/42/41  67/46/41
usemtl kenney_prototype_textures/purple/texture_07
f  42/110/42  41/82/42  43/81/42  68/71/42
usemtl kenney_prototype_textures/purple/texture_07
f  68/71/43  43/81/43  48/93/43  65/111/43  64/109/43  67/46/43
usemtl kenney_prototype_textures/purple/texture_07
f  67/46/44  66/42/44  34/43/44  33/47/44
usemtl kenney_prototype_textures/purple/texture_07
f  67/46/45  33/47/45  42/110/45  68/71/45

o entity0_brush3
usemtl kenney_prototype_textures/purple/texture_07
f  69/112/11  70/113/11  71/114/11  72/115/11  73/116/11  74/117/11  75/118/11  76/119/11  77/120/11  78/121/11  79/122/11  80/123/11
usemtl kenney_prototype_textures/purple/texture_07
f  81/45/46  78/44/46  77/43/46  82/42/46
usemtl kenney_prototype_textures/purple/texture_07
f  82/42/47  77/43/47  76/47/47  83/46/47
usemtl kenney_prototype_textures/purple/texture_07
f  83/46/2  76/47/2  75/72/2  84/71/2
usemtl kenney_prototype_textures/purple/texture_07
f  85/105/48  79/69/48  78/44/48  81/45/48
usemtl kenney_prototype_textures/purple/texture_07
f  80/124/49  79/125/49  85/126/49
usemtl kenney_prototype_textures/purple/texture_07
f  86/127/3  87/128/3  88/129/3  89/130/3  90/131/3  74/132/3  73/133/3  91/134/3  92/135/3
usemtl kenney_prototype_textures/purple/texture_07
f  93/59/4  91/58/4  73/57/4  72/56/4  94/55/4  95/54/4  96/53/4  97/52/4  98/51/4  99/50/4  100/49/4  101/48/4
usemtl kenney_prototype_textures/purple/texture_07
f  102/136/50  71/137/50  70/138/50
usemtl kenney_prototype_textures/purple/texture_07
f  103/139/51  94/140/51  72/133/51  71/137/51  102/136/51
usemtl kenney_prototype_textures/purple/texture_07
f  95/141/52  94/140/52  103/139/52
usemtl kenney_prototype_textures/purple/texture_07
f  104/142/53  102/136/53  70/138/53  69/143/53
usemtl kenney_prototype_textures/purple/texture_07
f  84/71/54  75/72/54  74/82/54  90/81/54
usemtl kenney_prototype_textures/purple/texture_07
f  104/142/55  69/143/55  80/124/55  85/126/55  105/144/55
usemtl kenney_prototype_textures/purple/texture_07
f  106/145/56  103/139/56  102/136/56  104/142/56
usemtl kenney_prototype_textures/purple/texture_07
f  105/144/57  85/126/57  81/146/57  107/147/57
usemtl kenney_prototype_textures/purple/texture_07
f  96/148/58  95/141/58  103/139/58  106/145/58
usemtl kenney_prototype_textures/purple/texture_07
f  107/89/59  81/45/59  82/42/59  108/88/59
usemtl kenney_prototype_textures/purple/texture_07
f  108/88/60  82/42/60  83/46/60  109/109/60
usemtl kenney_prototype_textures/purple/texture_07
f  104/142/61  105/144/61  110/149/61  106/145/61
usemtl kenney_prototype_textures/purple/texture_07
f  111/150/62  109/109/62  83/46/62  84/71/62  90/81/62  89/93/62  112/151/62
usemtl kenney_prototype_textures/purple/texture_07
f  113/152/63  97/153/63  96/148/63  106/145/63  110/149/63
usemtl kenney_prototype_textures/purple/texture_07
f  110/149/64  105/144/64  107/147/64  114/154/64
usemtl kenney_prototype_textures/purple/texture_07
f  112/151/65  89/93/65  88/155/65
usemtl kenney_prototype_textures/purple/texture_07
f  98/156/66  97/153/66  113/152/66
usemtl kenney_prototype_textures/purple/texture_07
f  114/157/67  107/158/67  108/159/67  115/160/67
usemtl kenney_prototype_textures/purple/texture_07
f  116/161/68  113/152/68  110/149/68  114/154/68
usemtl kenney_prototype_textures/purple/texture_07
f  117/162/69  115/160/69  108/159/69  109/163/69  111/164/69  118/165/69
usemtl kenney_prototype_textures/purple/texture_07
f  118/165/70  111/164/70  112/166/70  88/167/70  87/168/70  119/169/70
usemtl kenney_prototype_textures/purple/texture_07
f  99/170/71  98/171/71  113/172/71  116/173/71
usemtl kenney_prototype_textures/purple/texture_07
f  119/169/72  87/168/72  86/174/72
usemtl kenney_prototype_textures/purple/texture_07
f  120/175/73  116/173/73  114/157/73  115/160/73
usemtl kenney_prototype_textures/purple/texture_07
f  100/176/74  99/170/74  116/173/74  120/175/74
usemtl kenney_prototype_textures/purple/texture_07
f  120/175/75  115/160/75  117/162/75  121/177/75
usemtl kenney_prototype_textures/purple/texture_07
f  122/178/76  92/179/76  91/180/76  93/181/76
usemtl kenney_prototype_textures/purple/texture_07
f  121/177/77  117/162/77  118/165/77  119/169/77  86/174/77  92/179/77  122/178/77
usemtl kenney_prototype_textures/purple/texture_07
f  101/182/78  100/176/78  120/175/78  121/177/78
usemtl kenney_prototype_textures/purple/texture_07
f  121/177/45  122/178/45  93/181/45  101/182/45

o entity0_brush4
usemtl kenney_prototype_textures/purple/texture_07
f  123/183/11  124/116/11  125/184/11
usemtl kenney_prototype_textures/purple/texture_07
f  126/185/2  125/186/2  124/57/2  127/58/2  128/59/2
usemtl kenney_prototype_textures/purple/texture_07
f  129/187/3  127/134/3  124/133/3  123/188/3  130/189/3
usemtl kenney_prototype_textures/purple/texture_07
f  130/190/79  123/57/79  125/186/79  126/185/79
usemtl kenney_prototype_textures/purple/texture_07
f  128/181/80  127/180/80  129/191/80
usemtl kenney_prototype_textures/purple/texture_07
f  129/191/45  130/192/45  126/193/45  128/181/45

o entity0_brush5
usemtl kenney_prototype_textures/purple/texture_07
f  131/194/11  132/195/11  133/35/11  134/196/11  135/197/11  136/115/11  137/198/11  138/199/11
usemtl kenney_prototype_textures/purple/texture_07
f  139/51/2  140/52/2  141/53/2  142/54/2  143/55/2  136/56/2  135/200/2  144/201/2
usemtl kenney_prototype_textures/purple/texture_07
f  145/202/4  134/203/4  133/56/4  146/55/4  147/54/4  148/53/4  149/52/4  150/51/4  151/50/4  152/49/4  153/48/4
usemtl kenney_prototype_textures/purple/texture_07
f  154/48/81  155/49/81  156/50/81  144/201/81  135/200/81  134/203/81  145/202/81
usemtl kenney_prototype_textures/purple/texture_07
f  137/204/82  136/133/82  143/140/82
usemtl kenney_prototype_textures/purple/texture_07
f  146/76/83  133/62/83  132/205/83
usemtl kenney_prototype_textures/purple/texture_07
f  147/78/84  146/76/84  132/205/84  131/206/84  157/207/84
usemtl kenney_prototype_textures/purple/texture_07
f  158/208/85  138/209/85  137/204/85  143/140/85  142/141/85
usemtl kenney_prototype_textures/purple/texture_07
f  157/207/86  131/206/86  138/209/86  158/208/86
usemtl kenney_prototype_textures/purple/texture_07
f  159/210/87  158/208/87  142/141/87  141/148/87
usemtl kenney_prototype_textures/purple/texture_07
f  148/87/88  147/78/88  157/207/88  160/211/88
usemtl kenney_prototype_textures/purple/texture_07
f  160/211/89  157/207/89  158/208/89  159/210/89
usemtl kenney_prototype_textures/purple/texture_07
f  159/210/90  141/148/90  140/153/90
usemtl kenney_prototype_textures/purple/texture_07
f  149/94/91  148/87/91  160/211/91
usemtl kenney_prototype_textures/purple/texture_07
f  150/98/92  149/94/92  160/211/92  159/210/92  140/153/92  139/156/92
usemtl kenney_prototype_textures/purple/texture_07
f  151/44/93  150/69/93  139/171/93  144/212/93  156/213/93
usemtl kenney_prototype_textures/purple/texture_07
f  152/43/94  151/44/94  156/213/94  155/214/94
usemtl kenney_prototype_textures/purple/texture_07
f  153/47/95  152/43/95  155/214/95  154/215/95
usemtl kenney_prototype_textures/purple/texture_07
f  153/47/45  154/215/45  145/216/45

o entity0_brush6
usemtl kenney_prototype_textures/purple/texture_07
f  161/217/11  162/197/11  163/218/11
usemtl kenney_prototype_textures/purple/texture_07
f  164/48/2  165/49/2  166/50/2  167/201/2  162/200/2  161/203/2  168/202/2
usemtl kenney_prototype_textures/purple/texture_07
f  169/219/96  163/220/96  162/200/96  167/201/96  170/50/96  171/49/96
usemtl kenney_prototype_textures/purple/texture_07
f  168/202/97  161/203/97  163/220/97  169/219/97  172/48/97
usemtl kenney_prototype_textures/purple/texture_07
f  170/213/98  167/212/98  166/170/98
usemtl kenney_prototype_textures/purple/texture_07
f  171/214/99  170/213/99  166/170/99  165/176/99
usemtl kenney_prototype_textures/purple/texture_07
f  172/221/100  169/222/100  171/214/100  165/176/100  164/182/100
usemtl kenney_prototype_textures/purple/texture_07
f  172/221/45  164/182/45  168/223/45

o entity0_brush7
usemtl kenney_prototype_textures/purple/texture_07
f  173/224/11  174/34/11  175/225/11
usemtl kenney_prototype_textures/purple/texture_07
f  176/226/3  175/227/3  174/62/3  177/61/3  178/228/3
usemtl kenney_prototype_textures/purple/texture_07
f  179/59/4  177/58/4  174/57/4  173/186/4  180/185/4
usemtl kenney_prototype_textures/purple/texture_07
f  180/185/101  173/186/101  175/57/101  176/190/101
usemtl kenney_prototype_textures/purple/texture_07
f  178/229/102  177/82/102  179/110/102
usemtl kenney_prototype_textures/purple/texture_07
f  179/110/45  180/230/45  176/231/45  178/229/45

o entity0_brush8
usemtl kenney_prototype_textures/purple/texture_07
f  181/232/11  182/225/11  183/233/11
usemtl kenney_prototype_textures/purple/texture_07
f  184/190/103  182/57/103  181/234/103  185/235/103
usemtl kenney_prototype_textures/purple/texture_07
f  186/236/3  183/237/3  182/227/3  184/226/3
usemtl kenney_prototype_textures/purple/texture_07
f  185/238/104  181/239/104  183/240/104  186/241/104
usemtl kenney_prototype_textures/purple/texture_07
f  186/242/45  184/231/45  185/243/45

o entity0_brush9
usemtl kenney_prototype_textures/purple/texture_07
f  187/244/11  188/245/11  189/218/11
usemtl kenney_prototype_textures/purple/texture_07
f  190/48/105  191/219/105  189/220/105  188/246/105  192/247/105
usemtl kenney_prototype_textures/purple/texture_07
f  192/248/106  188/249/106  187/250/106  193/251/106  194/252/106
usemtl kenney_prototype_textures/purple/texture_07
f  193/253/107  187/254/107  189/220/107  191/219/107
usemtl kenney_prototype_textures/purple/texture_07
f  194/8/108  193/255/108  191/222/108  190/221/108
usemtl kenney_prototype_textures/purple/texture_07
f  192/256/45  194/8/45  190/221/45

o entity0_brush10
usemtl kenney_prototype_textures/purple/texture_07
f  195/257/11  196/233/11  197/183/11  198/258/11
usemtl kenney_prototype_textures/purple/texture_07
f  199/259/109  196/260/109  195/261/109  200/262/109
usemtl kenney_prototype_textures/purple/texture_07
f  201/235/110  198/234/110  197/57/110  202/190/110
usemtl kenney_prototype_textures/purple/texture_07
f  202/189/3  197/188/3  196/237/3  199/236/3
usemtl kenney_prototype_textures/purple/texture_07
f  200/263/111  195/264/111  198/249/111  201/248/111
usemtl kenney_prototype_textures/purple/texture_07
f  202/192/45  199/242/45  200/24/45  201/265/45

o entity0_brush11
usemtl kenney_prototype_textures/purple/texture_07
f  203/244/11  204/266/11  205/267/11
usemtl kenney_prototype_textures/purple/texture_07
f  206/268/112  207/269/112  205/264/112  204/239/112  208/238/112
usemtl kenney_prototype_textures/purple/texture_07
f  208/247/113  204/246/113  203/254/113  209/253/113  210/48/113
usemtl kenney_prototype_textures/purple/texture_07
f  209/251/114  203/250/114  205/264/114  207/269/114
usemtl kenney_prototype_textures/purple/texture_07
f  210/215/115  209/255/115  207/15/115  206/7/115
usemtl kenney_prototype_textures/purple/texture_07
f  208/270/45  210/215/45  206/7/45

o entity0_brush12
usemtl kenney_prototype_textures/purple/texture_07
f  211/267/11  212/271/11  213/272/11
usemtl kenney_prototype_textures/purple/texture_07
f  214/262/3  213/261/3  212/273/3  215/274/3
usemtl kenney_prototype_textures/purple/texture_07
f  215/274/116  212/273/116  211/264/116  216/269/116  217/268/116
usemtl kenney_prototype_textures/purple/texture_07
f  218/252/117  216/269/117  211/264/117  213/261/117  214/262/117
usemtl kenney_prototype_textures/purple/texture_07
f  217/7/118  216/15/118  218/8/118
usemtl kenney_prototype_textures/purple/texture_07
f  218/8/45  214/9/45  215/10/45  217/7/45

o entity0_brush13
usemtl kenney_prototype_textures/purple/texture_07
f  219/275/11  220/257/11  221/276/11
usemtl kenney_prototype_textures/purple/texture_07
f  222/263/119  220/264/119  219/273/119  223/274/119
usemtl kenney_prototype_textures/purple/texture_07
f  224/262/120  221/261/120  220/264/120  222/263/120
usemtl kenney_prototype_textures/purple/texture_07
f  223/274/9  219/273/9  221/261/9  224/262/9
usemtl kenney_prototype_textures/purple/texture_07
f  224/23/45  222/24/45  223/22/45

o entity0_brush14
usemtl kenney_prototype_textures/purple/texture_07
f  225/277/11  226/276/11  227/278/11
usemtl kenney_prototype_textures/purple/texture_07
f  228/279/121  227/280/121  226/261/121  229/262/121
usemtl kenney_prototype_textures/purple/texture_07
f  229/262/3  226/261/3  225/281/3  230/282/3
usemtl kenney_prototype_textures/purple/texture_07
f  230/282/122  225/281/122  227/280/122  228/279/122
usemtl kenney_prototype_textures/purple/texture_07
f  229/23/45  230/283/45  228/284/45

o entity0_brush15
usemtl kenney_prototype_textures/purple/texture_07
f  231/285/11  232/286/11  233/271/11
usemtl kenney_prototype_textures/purple/texture_07
f  234/287/123  232/288/123  231/289/123  235/290/123
usemtl kenney_prototype_textures/purple/texture_07
f  236/274/9  233/273/9  232/288/9  234/287/9
usemtl kenney_prototype_textures/purple/texture_07
f  235/290/124  231/289/124  233/273/124  236/274/124
usemtl kenney_prototype_textures/purple/texture_07
f  234/291/45  235/292/45  236/10/45

o entity0_brush16
usemtl kenney_prototype_textures/purple/texture_07
f  237/272/11  238/293/11  239/294/11
usemtl kenney_prototype_textures/purple/texture_07
f  240/279/125  239/280/125  238/281/125  241/282/125
usemtl kenney_prototype_textures/purple/texture_07
f  241/282/9  238/281/9  237/261/9  242/262/9
usemtl kenney_prototype_textures/purple/texture_07
f  242/262/126  237/261/126  239/280/126  240/279/126
usemtl kenney_prototype_textures/purple/texture_07
f  241/295/45  242/9/45  240/296/45

o entity0_brush17
usemtl kenney_prototype_textures/purple/texture_07
f  243/297/11  244/275/11  245/298/11
usemtl kenney_prototype_textures/purple/texture_07
f  246/263/127  244/264/127  243/299/127  247/300/127
usemtl kenney_prototype_textures/purple/texture_07
f  248/287/3  245/288/3  244/273/3  246/274/3
usemtl kenney_prototype_textures/purple/texture_07
f  247/290/128  243/289/128  245/288/128  248/287/128
usemtl kenney_prototype_textures/purple/texture_07
f  248/301/45  246/22/45  247/302/45

o entity0_brush18
usemtl kenney_prototype_textures/purple/texture_07
f  249/47/11  250/303/11  251/304/11  252/110/11
usemtl kenney_prototype_textures/purple/texture_07
f  253/43/129  254/42/129  255/305/129  250/303/129  249/47/129
usemtl kenney_prototype_textures/purple/texture_07
f  256/81/130  251/304/130  250/303/130  255/305/130  257/306/130  258/307/130  259/308/130  260/93/130
usemtl kenney_prototype_textures/purple/texture_07
f  261/82/131  252/110/131  251/304/131  256/81/131
usemtl kenney_prototype_textures/purple/texture_07
f  257/306/132  255/305/132  254/42/132  262/88/132
usemtl kenney_prototype_textures/purple/texture_07
f  263/44/133  264/45/133  254/42/133  253/43/133
usemtl kenney_prototype_textures/purple/texture_07
f  262/88/134  254/42/134  264/45/134  265/89/134
usemtl kenney_prototype_textures/purple/texture_07
f  260/93/135  259/308/135  266/309/135
usemtl kenney_prototype_textures/purple/texture_07
f  267/69/136  268/105/136  264/45/136  263/44/136
usemtl kenney_prototype_textures/purple/texture_07
f  266/309/137  259/308/137  258/307/137  269/310/137  270/311/137  271/104/137
usemtl kenney_prototype_textures/purple/texture_07
f  269/312/138  258/313/138  257/314/138  262/159/138  272/160/138
usemtl kenney_prototype_textures/purple/texture_07
f  273/315/139  265/316/139  264/317/139  268/318/139
usemtl kenney_prototype_textures/purple/texture_07
f  272/160/140  262/159/140  265/158/140  274/157/140
usemtl kenney_prototype_textures/purple/texture_07
f  275/319/141  268/318/141  267/320/141
usemtl kenney_prototype_textures/purple/texture_07
f  271/321/142  270/322/142  276/323/142
usemtl kenney_prototype_textures/purple/texture_07
f  274/324/143  265/316/143  273/315/143  277/325/143
usemtl kenney_prototype_textures/purple/texture_07
f  278/326/144  279/327/144  273/315/144  268/318/144  275/319/144
usemtl kenney_prototype_textures/purple/texture_07
f  280/178/145  281/328/145  276/329/145  270/330/145  269/312/145  282/331/145
usemtl kenney_prototype_textures/purple/texture_07
f  283/332/146  277/325/146  273/315/146  279/327/146
usemtl kenney_prototype_textures/purple/texture_07
f  282/331/147  269/312/147  272/160/147  284/175/147
usemtl kenney_prototype_textures/purple/texture_07
f  284/175/148  272/160/148  274/157/148  285/173/148
usemtl kenney_prototype_textures/purple/texture_07
f  286/333/149  287/334/149  279/327/149  278/326/149
usemtl kenney_prototype_textures/purple/texture_07
f  285/335/150  274/324/150  277/325/150  288/336/150
usemtl kenney_prototype_textures/purple/texture_07
f  289/337/151  283/332/151  279/327/151  287/334/151
usemtl kenney_prototype_textures/purple/texture_07
f  290/338/152  288/336/152  277/325/152  283/332/152  291/339/152
usemtl kenney_prototype_textures/purple/texture_07
f  292/180/153  281/328/153  280/178/153  293/181/153
usemtl kenney_prototype_textures/purple/texture_07
f  283/332/154  289/337/154  294/340/154  291/339/154
usemtl kenney_prototype_textures/purple/texture_07
f  295/341/155  287/334/155  286/333/155
usemtl kenney_prototype_textures/purple/texture_07
f  296/342/156  289/337/156  287/334/156  295/341/156  297/343/156
usemtl kenney_prototype_textures/purple/texture_07
f  294/340/157  289/337/157  296/342/157
usemtl kenney_prototype_textures/purple/texture_07
f  298/344/158  284/175/158  285/173/158  299/170/158
usemtl kenney_prototype_textures/purple/texture_07
f  297/345/2  295/346/2  286/347/2  278/348/2  275/349/2  267/350/2  263/351/2  253/352/2  249/353/2  252/354/2  261/355/2  300/356/2
usemtl kenney_prototype_textures/purple/texture_07
f  300/343/3  261/357/3  256/358/3  260/359/3  266/360/3  271/361/3  276/362/3  281/363/3  292/364/3
usemtl kenney_prototype_textures/purple/texture_07
f  301/365/159  288/336/159  290/338/159
usemtl kenney_prototype_textures/purple/texture_07
f  293/181/4  280/178/4  282/331/4  302/366/4
usemtl kenney_prototype_textures/purple/texture_07
f  299/170/160  285/173/160  288/172/160  301/171/160
usemtl kenney_prototype_textures/purple/texture_07
f  284/175/161  298/344/161  302/366/161  282/331/161
usemtl kenney_prototype_textures/purple/texture_07
f  299/29/45  301/28/45  290/367/45  291/368/45  294/37/45  296/36/45  297/35/45  300/34/45  292/369/45  293/370/45  302/371/45  298/372/45

o entity0_brush19
usemtl kenney_prototype_textures/purple/texture_07
f  303/181/11  304/373/11  305/374/11  306/177/11  307/182/11
usemtl kenney_prototype_textures/purple/texture_07
f  307/182/162  306/177/162  308/175/162  309/176/162
usemtl kenney_prototype_textures/purple/texture_07
f  310/375/163  311/376/163  312/377/163  305/374/163  304/373/163  313/378/163
usemtl kenney_prototype_textures/purple/texture_07
f  314/180/164  313/378/164  304/373/164  303/181/164
usemtl kenney_prototype_textures/purple/texture_07
f  315/160/165  308/175/165  306/177/165  305/374/165  312/377/165
usemtl kenney_prototype_textures/purple/texture_07
f  309/176/166  308/175/166  316/173/166  317/170/166
usemtl kenney_prototype_textures/purple/texture_07
f  318/157/167  316/173/167  308/175/167  315/160/167
usemtl kenney_prototype_textures/purple/texture_07
f  319/379/168  311/376/168  310/375/168
usemtl kenney_prototype_textures/purple/texture_07
f  317/170/169  316/173/169  320/172/169  321/171/169
usemtl kenney_prototype_textures/purple/texture_07
f  322/167/170  323/380/170  324/381/170  312/377/170  311/376/170  319/379/170
usemtl kenney_prototype_textures/purple/texture_07
f  325/160/171  315/159/171  312/163/171  324/382/171
usemtl kenney_prototype_textures/purple/texture_07
f  320/383/172  316/384/172  318/385/172  326/386/172
usemtl kenney_prototype_textures/purple/texture_07
f  327/157/173  318/158/173  315/159/173  325/160/173
usemtl kenney_prototype_textures/purple/texture_07
f  321/387/174  320/383/174  328/388/174
usemtl kenney_prototype_textures/purple/texture_07
f  329/389/175  323/390/175  322/321/175
usemtl kenney_prototype_textures/purple/texture_07
f  330/391/176  326/386/176  318/385/176  327/392/176
usemtl kenney_prototype_textures/purple/texture_07
f  328/388/177  320/383/177  326/386/177  331/393/177  332/394/177
usemtl kenney_prototype_textures/purple/texture_07
f  333/328/178  334/178/178  335/395/178  324/382/178  323/396/178  329/397/178
usemtl kenney_prototype_textures/purple/texture_07
f  336/398/179  331/393/179  326/386/179  330/391/179
usemtl kenney_prototype_textures/purple/texture_07
f  337/175/180  325/160/180  324/382/180  335/395/180
usemtl kenney_prototype_textures/purple/texture_07
f  338/173/181  327/157/181  325/160/181  337/175/181
usemtl kenney_prototype_textures/purple/texture_07
f  332/394/182  331/393/182  339/399/182  340/400/182
usemtl kenney_prototype_textures/purple/texture_07
f  341/401/183  330/391/183  327/392/183  338/402/183
usemtl kenney_prototype_textures/purple/texture_07
f  339/399/184  331/393/184  336/398/184  342/403/184
usemtl kenney_prototype_textures/purple/texture_07
f  343/404/185  336/398/185  330/391/185  341/401/185  344/405/185
usemtl kenney_prototype_textures/purple/texture_07
f  345/181/186  334/178/186  333/328/186  346/180/186
usemtl kenney_prototype_textures/purple/texture_07
f  347/406/187  342/403/187  336/398/187  343/404/187
usemtl kenney_prototype_textures/purple/texture_07
f  340/400/188  339/399/188  348/407/188
usemtl kenney_prototype_textures/purple/texture_07
f  349/408/189  348/407/189  339/399/189  342/403/189  350/409/189
usemtl kenney_prototype_textures/purple/texture_07
f  350/409/190  342/403/190  347/406/190
usemtl kenney_prototype_textures/purple/texture_07
f  351/170/191  338/173/191  337/175/191  352/176/191
usemtl kenney_prototype_textures/purple/texture_07
f  352/176/192  337/175/192  335/395/192  353/410/192
usemtl kenney_prototype_textures/purple/texture_07
f  353/410/2  335/395/2  334/178/2  345/181/2
usemtl kenney_prototype_textures/purple/texture_07
f  354/171/193  341/172/193  338/173/193  351/170/193
usemtl kenney_prototype_textures/purple/texture_07
f  341/401/194  354/411/194  344/405/194
usemtl kenney_prototype_textures/purple/texture_07
f  346/412/3  333/413/3  329/414/3  322/415/3  319/416/3  310/417/3  313/418/3  314/419/3  355/408/3
usemtl kenney_prototype_textures/purple/texture_07
f  355/356/4  314/355/4  303/354/4  307/353/4  309/352/4  317/351/4  321/350/4  328/349/4  332/348/4  340/347/4  348/346/4  349/345/4
usemtl kenney_prototype_textures/purple/texture_07
f  350/420/45  347/421/45  343/422/45  344/423/45  354/122/45  351/121/45  352/120/45  353/424/45  345/425/45  346/426/45  355/116/45  349/115/45

o entity0_brush20
usemtl kenney_prototype_textures/purple/texture_07
f  356/192/11  357/191/11  358/181/11  359/193/11
usemtl kenney_prototype_textures/purple/texture_07
f  360/180/195  358/181/195  357/191/195
usemtl kenney_prototype_textures/purple/texture_07
f  361/427/2  359/428/2  358/354/2  360/355/2  362/356/2
usemtl kenney_prototype_textures/purple/texture_07
f  362/408/3  360/419/3  357/429/3  356/430/3  363/431/3
usemtl kenney_prototype_textures/purple/texture_07
f  363/356/196  356/432/196  359/428/196  361/427/196
usemtl kenney_prototype_textures/purple/texture_07
f  361/184/45  362/116/45  363/183/45

o entity0_brush21
usemtl kenney_prototype_textures/purple/texture_07
f  364/216/11  365/215/11  366/47/11
usemtl kenney_prototype_textures/purple/texture_07
f  366/47/197  365/215/197  367/214/197  368/43/197
usemtl kenney_prototype_textures/purple/texture_07
f  368/43/198  367/214/198  369/213/198  370/44/198
usemtl kenney_prototype_textures/purple/texture_07
f  370/44/199  369/213/199  371/212/199  372/171/199  373/69/199
usemtl kenney_prototype_textures/purple/texture_07
f  373/320/200  372/387/200  374/388/200  375/433/200  376/434/200  377/319/200
usemtl kenney_prototype_textures/purple/texture_07
f  378/394/201  375/433/201  374/388/201
usemtl kenney_prototype_textures/purple/texture_07
f  377/319/202  376/434/202  379/326/202
usemtl kenney_prototype_textures/purple/texture_07
f  380/435/203  376/434/203  375/433/203  381/436/203
usemtl kenney_prototype_textures/purple/texture_07
f  382/400/204  381/436/204  375/433/204  378/394/204
usemtl kenney_prototype_textures/purple/texture_07
f  379/326/205  376/434/205  380/435/205  383/333/205
usemtl kenney_prototype_textures/purple/texture_07
f  384/437/206  380/435/206  381/436/206  385/438/206
usemtl kenney_prototype_textures/purple/texture_07
f  385/438/207  381/436/207  382/400/207  386/407/207  387/439/207
usemtl kenney_prototype_textures/purple/texture_07
f  388/440/208  389/341/208  383/333/208  380/435/208  384/437/208
usemtl kenney_prototype_textures/purple/texture_07
f  390/343/209  389/341/209  388/440/209
usemtl kenney_prototype_textures/purple/texture_07
f  387/439/210  386/407/210  391/408/210
usemtl kenney_prototype_textures/purple/texture_07
f  392/441/211  371/442/211  369/351/211  367/352/211  365/353/211  364/443/211  393/444/211
usemtl kenney_prototype_textures/purple/texture_07
f  391/345/2  386/346/2  382/347/2  378/348/2  374/349/2  372/350/2  371/442/2  392/441/2
usemtl kenney_prototype_textures/purple/texture_07
f  393/444/4  364/443/4  366/353/4  368/352/4  370/351/4  373/350/4  377/349/4  379/348/4  383/347/4  389/346/4  390/345/4
usemtl kenney_prototype_textures/purple/texture_07
f  388/195/45  384/194/45  385/199/45  387/198/45  391/115/45  392/197/45  393/196/45  390/35/45

o entity0_brush22
usemtl kenney_prototype_textures/purple/texture_07
f  394/182/11  395/221/11  396/223/11
usemtl kenney_prototype_textures/purple/texture_07
f  397/176/212  398/214/212  399/222/212  395/221/212  394/182/212
usemtl kenney_prototype_textures/purple/texture_07
f  400/170/213  401/213/213  398/214/213  397/176/213
usemtl kenney_prototype_textures/purple/texture_07
f  402/212/214  401/213/214  400/170/214
usemtl kenney_prototype_textures/purple/texture_07
f  403/445/215  399/446/215  398/352/215  401/351/215  402/442/215  404/441/215
usemtl kenney_prototype_textures/purple/texture_07
f  405/444/216  396/443/216  395/353/216  399/446/216  403/445/216
usemtl kenney_prototype_textures/purple/texture_07
f  404/441/2  402/442/2  400/351/2  397/352/2  394/353/2  396/443/2  405/444/2
usemtl kenney_prototype_textures/purple/texture_07
f  403/218/45  404/197/45  405/217/45

o entity0_brush23
usemtl kenney_prototype_textures/purple/texture_07
f  406/230/11  407/110/11  408/229/11  409/231/11
usemtl kenney_prototype_textures/purple/texture_07
f  410/82/217  408/229/217  407/110/217
usemtl kenney_prototype_textures/purple/texture_07
f  411/447/3  409/448/3  408/449/3  410/357/3  412/343/3
usemtl kenney_prototype_textures/purple/texture_07
f  412/356/4  410/355/4  407/354/4  406/428/4  413/427/4
usemtl kenney_prototype_textures/purple/texture_07
f  413/427/218  406/428/218  409/432/218  411/356/218
usemtl kenney_prototype_textures/purple/texture_07
f  411/225/45  412/34/45  413/224/45

o entity0_brush24
usemtl kenney_prototype_textures/purple/texture_07
f  414/243/11  415/231/11  416/242/11
usemtl kenney_prototype_textures/purple/texture_07
f  417/356/219  415/432/219  414/450/219  418/451/219
usemtl kenney_prototype_textures/purple/texture_07
f  419/452/3  416/453/3  415/448/3  417/447/3
usemtl kenney_prototype_textures/purple/texture_07
f  418/454/220  414/455/220  416/456/220  419/457/220
usemtl kenney_prototype_textures/purple/texture_07
f  419/233/45  417/225/45  418/232/45

o entity0_brush25
usemtl kenney_prototype_textures/purple/texture_07
f  420/221/11  421/8/11  422/256/11
usemtl kenney_prototype_textures/purple/texture_07
f  423/222/221  424/255/221  421/8/221  420/221/221
usemtl kenney_prototype_textures/purple/texture_07
f  425/458/222  422/459/222  421/460/222  424/461/222  426/462/222
usemtl kenney_prototype_textures/purple/texture_07
f  426/463/223  424/464/223  423/446/223  427/445/223
usemtl kenney_prototype_textures/purple/texture_07
f  427/445/224  423/446/224  420/353/224  422/465/224  425/466/224
usemtl kenney_prototype_textures/purple/texture_07
f  425/245/45  426/244/45  427/218/45

o entity0_brush26
usemtl kenney_prototype_textures/purple/texture_07
f  428/24/11  429/242/11  430/192/11  431/265/11
usemtl kenney_prototype_textures/purple/texture_07
f  432/467/225  429/468/225  428/469/225  433/470/225
usemtl kenney_prototype_textures/purple/texture_07
f  434/451/226  431/450/226  430/432/226  435/356/226
usemtl kenney_prototype_textures/purple/texture_07
f  435/431/3  430/430/3  429/453/3  432/452/3
usemtl kenney_prototype_textures/purple/texture_07
f  433/471/227  428/472/227  431/459/227  434/458/227
usemtl kenney_prototype_textures/purple/texture_07
f  435/183/45  432/233/45  433/257/45  434/258/45

o entity0_brush27
usemtl kenney_prototype_textures/purple/texture_07
f  436/270/11  437/7/11  438/215/11
usemtl kenney_prototype_textures/purple/texture_07
f  438/215/228  437/7/228  439/15/228  440/255/228
usemtl kenney_prototype_textures/purple/texture_07
f  441/471/229  439/473/229  437/474/229  436/455/229  442/454/229
usemtl kenney_prototype_textures/purple/texture_07
f  443/462/230  440/461/230  439/473/230  441/471/230
usemtl kenney_prototype_textures/purple/texture_07
f  442/466/231  436/465/231  438/353/231  440/464/231  443/463/231
usemtl kenney_prototype_textures/purple/texture_07
f  443/244/45  441/267/45  442/266/45

o entity0_brush28
usemtl kenney_prototype_textures/purple/texture_07
f  444/10/11  445/9/11  446/8/11  447/7/11
usemtl kenney_prototype_textures/purple/texture_07
f  447/7/232  446/8/232  448/15/232
usemtl kenney_prototype_textures/purple/texture_07
f  449/470/3  445/469/3  444/475/3  450/476/3
usemtl kenney_prototype_textures/purple/texture_07
f  451/471/233  448/473/233  446/460/233  445/469/233  449/470/233
usemtl kenney_prototype_textures/purple/texture_07
f  450/476/234  444/475/234  447/474/234  448/473/234  451/471/234
usemtl kenney_prototype_textures/purple/texture_07
f  451/267/45  449/272/45  450/271/45

o entity0_brush29
usemtl kenney_prototype_textures/purple/texture_07
f  452/22/11  453/24/11  454/23/11
usemtl kenney_prototype_textures/purple/texture_07
f  455/470/235  454/469/235  453/472/235  456/471/235
usemtl kenney_prototype_textures/purple/texture_07
f  456/471/236  453/472/236  452/475/236  457/476/236
usemtl kenney_prototype_textures/purple/texture_07
f  457/476/9  452/475/9  454/469/9  455/470/9
usemtl kenney_prototype_textures/purple/texture_07
f  456/257/45  457/275/45  455/276/45

o entity0_brush30
usemtl kenney_prototype_textures/purple/texture_07
f  458/283/11  459/23/11  460/284/11
usemtl kenney_prototype_textures/purple/texture_07
f  461/477/237  460/478/237  459/469/237  462/470/237
usemtl kenney_prototype_textures/purple/texture_07
f  462/470/3  459/469/3  458/479/3  463/480/3
usemtl kenney_prototype_textures/purple/texture_07
f  463/480/238  458/479/238  460/478/238  461/477/238
usemtl kenney_prototype_textures/purple/texture_07
f  462/276/45  463/277/45  461/278/45

o entity0_brush31
usemtl kenney_prototype_textures/purple/texture_07
f  464/292/11  465/291/11  466/10/11
usemtl kenney_prototype_textures/purple/texture_07
f  467/481/239  465/482/239  464/483/239  468/484/239
usemtl kenney_prototype_textures/purple/texture_07
f  469/476/9  466/475/9  465/482/9  467/481/9
usemtl kenney_prototype_textures/purple/texture_07
f  468/484/240  464/483/240  466/475/240  469/476/240
usemtl kenney_prototype_textures/purple/texture_07
f  467/286/45  468/285/45  469/271/45

o entity0_brush32
usemtl kenney_prototype_textures/purple/texture_07
f  470/9/11  471/295/11  472/296/11
usemtl kenney_prototype_textures/purple/texture_07
f  473/477/241  472/478/241  471/479/241  474/480/241
usemtl kenney_prototype_textures/purple/texture_07
f  474/480/9  471/479/9  470/469/9  475/470/9
usemtl kenney_prototype_textures/purple/texture_07
f  475/470/242  470/469/242  472/478/242  473/477/242
usemtl kenney_prototype_textures/purple/texture_07
f  474/293/45  475/272/45  473/294/45

o entity0_brush33
usemtl kenney_prototype_textures/purple/texture_07
f  476/302/11  477/22/11  478/301/11
usemtl kenney_prototype_textures/purple/texture_07
f  479/476/243  477/475/243  476/483/243  480/484/243
usemtl kenney_prototype_textures/purple/texture_07
f  481/481/3  478/482/3  477/475/3  479/476/3
usemtl kenney_prototype_textures/purple/texture_07
f  480/484/244  476/483/244  478/482/244  481/481/244
usemtl kenney_prototype_textures/purple/texture_07
f  481/298/45  479/275/45  480/297/45

o entity0_brush34
usemtl kenney_prototype_textures/purple/texture_07
f  482/184/245  483/183/245  484/485/245  485/486/245
usemtl kenney_prototype_textures/purple/texture_07
f  486/57/246  483/487/246  482/186/246
usemtl kenney_prototype_textures/purple/texture_07
f  485/230/2  484/231/2  487/488/2  488/72/2
usemtl kenney_prototype_textures/purple/texture_07
f  489/132/3  487/489/3  484/490/3  483/491/3  486/188/3
usemtl kenney_prototype_textures/purple/texture_07
f  488/72/247  487/488/247  489/82/247
usemtl kenney_prototype_textures/purple/texture_07
f  489/117/45  486/183/45  482/184/45  485/486/45  488/118/45

o entity0_brush35
usemtl kenney_prototype_textures/purple/texture_07
f  490/492/248  491/493/248  492/225/248  493/224/248
usemtl kenney_prototype_textures/purple/texture_07
f  493/186/249  492/487/249  494/57/249
usemtl kenney_prototype_textures/purple/texture_07
f  494/227/3  492/494/3  491/495/3  495/496/3  496/63/3
usemtl kenney_prototype_textures/purple/texture_07
f  497/72/4  495/488/4  491/231/4  490/230/4
usemtl kenney_prototype_textures/purple/texture_07
f  496/82/250  495/488/250  497/72/250
usemtl kenney_prototype_textures/purple/texture_07
f  497/32/45  490/492/45  493/224/45  494/225/45  496/33/45

o entity0_brush36
usemtl kenney_prototype_textures/purple/texture_07
f  498/225/251  499/233/251  500/232/251
usemtl kenney_prototype_textures/purple/texture_07
f  501/239/252  500/497/252  499/498/252  502/240/252
usemtl kenney_prototype_textures/purple/texture_07
f  502/237/3  499/499/3  498/494/3  503/227/3
usemtl kenney_prototype_textures/purple/texture_07
f  503/57/253  498/487/253  500/500/253  501/234/253
usemtl kenney_prototype_textures/purple/texture_07
f  502/233/45  503/225/45  501/232/45

o entity0_brush37
usemtl kenney_prototype_textures/purple/texture_07
f  504/258/254  505/257/254  506/233/254  507/183/254
usemtl kenney_prototype_textures/purple/texture_07
f  508/260/255  506/501/255  505/502/255  509/261/255
usemtl kenney_prototype_textures/purple/texture_07
f  510/188/3  507/491/3  506/499/3  508/237/3
usemtl kenney_prototype_textures/purple/texture_07
f  509/264/256  505/503/256  504/504/256  511/249/256
usemtl kenney_prototype_textures/purple/texture_07
f  511/234/257  504/500/257  507/487/257  510/57/257
usemtl kenney_prototype_textures/purple/texture_07
f  509/257/45  511/258/45  510/183/45  508/233/45

o entity0_brush38
usemtl kenney_prototype_textures/purple/texture_07
f  512/275/258  513/257/258  514/276/258
usemtl kenney_prototype_textures/purple/texture_07
f  515/261/259  514/505/259  513/503/259  516/264/259
usemtl kenney_prototype_textures/purple/texture_07
f  516/264/260  513/503/260  512/506/260  517/273/260
usemtl kenney_prototype_textures/purple/texture_07
f  517/273/9  512/506/9  514/505/9  515/261/9
usemtl kenney_prototype_textures/purple/texture_07
f  516/257/45  517/275/45  515/276/45

o entity0_brush39
usemtl kenney_prototype_textures/purple/texture_07
f  518/277/261  519/276/261  520/278/261
usemtl kenney_prototype_textures/purple/texture_07
f  521/280/262  520/507/262  519/505/262  522/261/262
usemtl kenney_prototype_textures/purple/texture_07
f  522/261/3  519/505/3  518/508/3  523/281/3
usemtl kenney_prototype_textures/purple/texture_07
f  523/281/263  518/508/263  520/507/263  521/280/263
usemtl kenney_prototype_textures/purple/texture_07
f  522/276/45  523/277/45  521/278/45

o entity0_brush40
usemtl kenney_prototype_textures/purple/texture_07
f  524/297/264  525/275/264  526/298/264
usemtl kenney_prototype_textures/purple/texture_07
f  527/288/3  526/509/3  525/506/3  528/273/3
usemtl kenney_prototype_textures/purple/texture_07
f  528/273/265  525/506/265  524/510/265  529/289/265
usemtl kenney_prototype_textures/purple/texture_07
f  529/289/266  524/510/266  526/509/266  527/288/266
usemtl kenney_prototype_textures/purple/texture_07
f  527/298/45  528/275/45  529/297/45

o entity0_brush41
usemtl kenney_prototype_textures/purple/texture_07
f  530/511/11  531/119/11  532/120/11  533/121/11  534/122/11  535/123/11  536/422/11  537/421/11  538/420/11  539/198/11  540/199/11  541/194/11  542/195/11  543/36/11  544/37/11  545/512/11  546/217/11
usemtl kenney_prototype_textures/purple/texture_07
f  547/513/267  536/404/267  535/514/267
usemtl kenney_prototype_textures/purple/texture_07
f  545/515/268  544/340/268  548/516/268  549/517/268
usemtl kenney_prototype_textures/purple/texture_07
f  550/518/269  537/406/269  536/404/269  547/513/269
usemtl kenney_prototype_textures/purple/texture_07
f  541/437/270  540/438/270  551/519/270
usemtl kenney_prototype_textures/purple/texture_07
f  551/519/271  540/438/271  539/439/271
usemtl kenney_prototype_textures/purple/texture_07
f  542/440/272  541/437/272  551/519/272
usemtl kenney_prototype_textures/purple/texture_07
f  551/519/273  539/439/273  538/409/273
usemtl kenney_prototype_textures/purple/texture_07
f  543/342/274  542/440/274  551/519/274
usemtl kenney_prototype_textures/purple/texture_07
f  548/516/275  544/340/275  543/342/275  551/519/275
usemtl kenney_prototype_textures/purple/texture_07
f  551/519/276  538/409/276  537/406/276  550/518/276
usemtl kenney_prototype_textures/purple/texture_07
f  552/520/277  549/517/277  548/516/277  553/521/277
usemtl kenney_prototype_textures/purple/texture_07
f  554/200/278  546/444/278  545/522/278  549/523/278  552/524/278  555/525/278
usemtl kenney_prototype_textures/purple/texture_07
f  556/124/279  557/526/279  547/513/279  535/514/279  534/411/279  558/125/279
usemtl kenney_prototype_textures/purple/texture_07
f  558/69/280  534/171/280  533/170/280  559/527/280  560/528/280
usemtl kenney_prototype_textures/purple/texture_07
f  561/221/2  531/182/2  530/223/2
usemtl kenney_prototype_textures/purple/texture_07
f  559/527/281  533/170/281  532/176/281  562/529/281
usemtl kenney_prototype_textures/purple/texture_07
f  562/529/282  532/176/282  531/182/282  561/221/282
usemtl kenney_prototype_textures/purple/texture_07
f  553/521/283  548/516/283  551/519/283
usemtl kenney_prototype_textures/purple/texture_07
f  551/519/284  550/518/284  563/530/284
usemtl kenney_prototype_textures/purple/texture_07
f  563/530/285  550/518/285  547/513/285  557/526/285
usemtl kenney_prototype_textures/purple/texture_07
f  564/137/286  551/519/286  563/530/286  565/138/286
usemtl kenney_prototype_textures/purple/texture_07
f  566/73/287  553/521/287  551/519/287  567/74/287
usemtl kenney_prototype_textures/purple/texture_07
f  568/204/288  551/519/288  564/137/288
usemtl kenney_prototype_textures/purple/texture_07
f  567/74/289  551/519/289  569/205/289
usemtl kenney_prototype_textures/purple/texture_07
f  569/205/290  551/519/290  570/206/290
usemtl kenney_prototype_textures/purple/texture_07
f  571/209/291  551/519/291  568/204/291
usemtl kenney_prototype_textures/purple/texture_07
f  570/206/292  551/519/292  571/209/292
usemtl kenney_prototype_textures/purple/texture_07
f  565/138/293  563/530/293  557/526/293  572/531/293
usemtl kenney_prototype_textures/purple/texture_07
f  555/532/294  552/520/294  553/521/294  566/73/294
usemtl kenney_prototype_textures/purple/texture_07
f  572/531/295  557/526/295  556/124/295
usemtl kenney_prototype_textures/purple/texture_07
f  560/533/296  559/121/296  562/534/296  561/119/296  530/535/296  546/536/296  554/537/296
usemtl kenney_prototype_textures/purple/texture_07
f  566/37/45  567/36/45  569/195/45  570/194/45  571/199/45  568/198/45  564/114/45  565/113/45  572/538/45  556/123/45  558/122/45  560/533/45  554/537/45  555/512/45

o entity0_brush42
usemtl kenney_prototype_textures/purple/texture_07
f  573/196/11  574/218/11  575/512/11  576/38/11  577/367/11  578/28/11  579/29/11  580/30/11  581/539/11  582/540/11
usemtl kenney_prototype_textures/purple/texture_07
f  577/338/297  576/541/297  583/542/297
usemtl kenney_prototype_textures/purple/texture_07
f  584/517/298  583/542/298  576/541/298  575/515/298
usemtl kenney_prototype_textures/purple/texture_07
f  585/543/299  583/542/299  584/517/299  586/520/299
usemtl kenney_prototype_textures/purple/texture_07
f  587/40/300  578/365/300  577/338/300  583/542/300  585/543/300  588/544/300
usemtl kenney_prototype_textures/purple/texture_07
f  582/223/4  581/545/4  589/546/4
usemtl kenney_prototype_textures/purple/texture_07
f  590/528/301  591/527/301  579/170/301  578/171/301  587/69/301
usemtl kenney_prototype_textures/purple/texture_07
f  592/547/302  574/445/302  573/444/302
usemtl kenney_prototype_textures/purple/texture_07
f  593/548/303  580/176/303  579/170/303  591/527/303
usemtl kenney_prototype_textures/purple/texture_07
f  594/525/304  586/524/304  584/523/304  575/522/304  574/445/304  592/547/304  595/200/304
usemtl kenney_prototype_textures/purple/texture_07
f  589/546/305  581/545/305  580/176/305  593/548/305
usemtl kenney_prototype_textures/purple/texture_07
f  596/80/306  585/543/306  586/520/306  594/532/306
usemtl kenney_prototype_textures/purple/texture_07
f  588/544/307  585/543/307  596/80/307
usemtl kenney_prototype_textures/purple/texture_07
f  595/537/308  592/218/308  573/549/308  582/550/308  589/551/308  593/552/308  591/29/308  590/553/308
usemtl kenney_prototype_textures/purple/texture_07
f  588/367/45  596/38/45  594/512/45  595/537/45  590/553/45  587/28/45

o entity0_brush43
usemtl kenney_prototype_textures/purple/texture_07
f  597/266/11  598/554/11  599/218/11
usemtl kenney_prototype_textures/purple/texture_07
f  600/555/309  598/556/309  597/454/309  601/557/309
usemtl kenney_prototype_textures/purple/texture_07
f  602/547/310  599/445/310  598/463/310  600/558/310
usemtl kenney_prototype_textures/purple/texture_07
f  601/559/311  597/466/311  599/445/311  602/547/311
usemtl kenney_prototype_textures/purple/texture_07
f  602/218/312  600/554/312  601/560/312

o entity0_brush44
usemtl kenney_prototype_textures/purple/texture_07
f  603/267/11  604/245/11  605/554/11
usemtl kenney_prototype_textures/purple/texture_07
f  606/561/313  604/458/313  603/471/313  607/562/313
usemtl kenney_prototype_textures/purple/texture_07
f  608/558/314  605/463/314  604/466/314  606/559/314
usemtl kenney_prototype_textures/purple/texture_07
f  607/562/315  603/471/315  605/556/315  608/555/315
usemtl kenney_prototype_textures/purple/texture_07
f  606/563/316  607/267/316  608/554/316

o entity0_brush45
usemtl kenney_prototype_textures/purple/texture_07
f  609/271/11  610/272/11  611/267/11
usemtl kenney_prototype_textures/purple/texture_07
f  612/564/3  610/470/3  609/476/3  613/565/3
usemtl kenney_prototype_textures/purple/texture_07
f  614/562/317  611/471/317  610/470/317  612/564/317
usemtl kenney_prototype_textures/purple/texture_07
f  613/565/318  609/476/318  611/471/318  614/562/318
usemtl kenney_prototype_textures/purple/texture_07
f  614/267/319  612/272/319  613/271/319

o entity0_brush46
usemtl kenney_prototype_textures/purple/texture_07
f  615/285/11  616/286/11  617/271/11
usemtl kenney_prototype_textures/purple/texture_07
f  618/565/9  617/476/9  616/481/9  619/566/9
usemtl kenney_prototype_textures/purple/texture_07
f  619/566/320  616/481/320  615/484/320  620/567/320
usemtl kenney_prototype_textures/purple/texture_07
f  620/567/321  615/484/321  617/476/321  618/565/321
usemtl kenney_prototype_textures/purple/texture_07
f  619/286/322  620/285/322  618/271/322

o entity0_brush47
usemtl kenney_prototype_textures/purple/texture_07
f  621/272/11  622/293/11  623/294/11
usemtl kenney_prototype_textures/purple/texture_07
f  624/568/9  622/480/9  621/470/9  625/564/9
usemtl kenney_prototype_textures/purple/texture_07
f  626/569/323  623/477/323  622/480/323  624/568/323
usemtl kenney_prototype_textures/purple/texture_07
f  625/564/324  621/470/324  623/477/324  626/569/324
usemtl kenney_prototype_textures/purple/texture_07
f  626/294/325  624/293/325  625/272/325

o entity0_brush48
usemtl kenney_prototype_textures/purple/texture_07
f  627/535/326  628/119/326  629/570/326  630/218/326  631/536/326
usemtl kenney_prototype_textures/purple/texture_07
f  632/537/327  630/218/327  629/570/327  633/534/327  634/121/327  635/533/327
usemtl kenney_prototype_textures/purple/texture_07
f  631/203/328  630/547/328  632/200/328
usemtl kenney_prototype_textures/purple/texture_07
f  636/43/329  633/529/329  629/222/329  628/215/329  637/47/329
usemtl kenney_prototype_textures/purple/texture_07
f  637/47/2  628/215/2  627/216/2
usemtl kenney_prototype_textures/purple/texture_07
f  638/44/330  634/527/330  633/529/330  636/43/330
usemtl kenney_prototype_textures/purple/texture_07
f  635/528/331  634/527/331  638/44/331
usemtl kenney_prototype_textures/purple/texture_07
f  638/121/45  636/120/45  637/119/45  627/511/45  631/217/45  632/537/45  635/533/45

o entity0_brush49
usemtl kenney_prototype_textures/purple/texture_07
f  639/549/332  640/218/332  641/571/332  642/551/332  643/550/332
usemtl kenney_prototype_textures/purple/texture_07
f  644/553/333  645/29/333  646/572/333  641/571/333  640/218/333  647/537/333
usemtl kenney_prototype_textures/purple/texture_07
f  648/220/334  640/547/334  639/203/334
usemtl kenney_prototype_textures/purple/texture_07
f  649/573/335  642/574/335  641/222/335  646/529/335  650/43/335
usemtl kenney_prototype_textures/purple/texture_07
f  650/43/336  646/529/336  645/527/336  651/44/336
usemtl kenney_prototype_textures/purple/texture_07
f  651/44/337  645/527/337  644/528/337
usemtl kenney_prototype_textures/purple/texture_07
f  643/216/4  642/574/4  649/573/4
usemtl kenney_prototype_textures/purple/texture_07
f  647/200/338  640/547/338  648/220/338
usemtl kenney_prototype_textures/purple/texture_07
f  644/553/45  647/537/45  648/218/45  639/196/45  643/540/45  649/575/45  650/30/45  651/29/45

o entity0_brush50
usemtl kenney_prototype_textures/purple/texture_07
f  652/560/339  653/554/339  654/218/339
usemtl kenney_prototype_textures/purple/texture_07
f  655/576/340  653/577/340  652/497/340  656/239/340
usemtl kenney_prototype_textures/purple/texture_07
f  657/220/341  654/547/341  653/578/341  655/254/341
usemtl kenney_prototype_textures/purple/texture_07
f  656/246/342  652/579/342  654/547/342  657/220/342
usemtl kenney_prototype_textures/purple/texture_07
f  657/218/45  655/554/45  656/266/45

o entity0_brush51
usemtl kenney_prototype_textures/purple/texture_07
f  658/563/343  659/554/343  660/267/343
usemtl kenney_prototype_textures/purple/texture_07
f  661/264/344  660/503/344  659/577/344  662/576/344
usemtl kenney_prototype_textures/purple/texture_07
f  662/254/345  659/578/345  658/579/345  663/246/345
usemtl kenney_prototype_textures/purple/texture_07
f  663/249/346  658/504/346  660/503/346  661/264/346
usemtl kenney_prototype_textures/purple/texture_07
f  662/554/45  663/245/45  661/267/45

o entity0_brush52
usemtl kenney_prototype_textures/purple/texture_07
f  664/271/347  665/272/347  666/267/347
usemtl kenney_prototype_textures/purple/texture_07
f  667/264/348  666/503/348  665/505/348  668/261/348
usemtl kenney_prototype_textures/purple/texture_07
f  668/261/3  665/505/3  664/506/3  669/273/3
usemtl kenney_prototype_textures/purple/texture_07
f  669/273/349  664/506/349  666/503/349  667/264/349
usemtl kenney_prototype_textures/purple/texture_07
f  668/272/45  669/271/45  667/267/45

o entity0_brush53
usemtl kenney_prototype_textures/purple/texture_07
f  670/285/350  671/286/350  672/271/350
usemtl kenney_prototype_textures/purple/texture_07
f  673/288/351  671/509/351  670/510/351  674/289/351
usemtl kenney_prototype_textures/purple/texture_07
f  675/273/9  672/506/9  671/509/9  673/288/9
usemtl kenney_prototype_textures/purple/texture_07
f  674/289/352  670/510/352  672/506/352  675/273/352
usemtl kenney_prototype_textures/purple/texture_07
f  673/286/45  674/285/45  675/271/45

o entity0_brush54
usemtl kenney_prototype_textures/purple/texture_07
f  676/293/353  677/294/353  678/272/353
usemtl kenney_prototype_textures/purple/texture_07
f  679/261/354  678/505/354  677/507/354  680/280/354
usemtl kenney_prototype_textures/purple/texture_07
f  680/280/355  677/507/355  676/508/355  681/281/355
usemtl kenney_prototype_textures/purple/texture_07
f  681/281/9  676/508/9  678/505/9  679/261/9
usemtl kenney_prototype_textures/purple/texture_07
f  680/294/45  681/293/45  679/272/45

o entity0_brush55
usemtl kenney_prototype_textures/purple/texture_07
f  682/184/11  683/183/11  684/426/11  685/425/11  686/486/11
usemtl kenney_prototype_textures/purple/texture_07
f  687/191/356  685/181/356  684/180/356
usemtl kenney_prototype_textures/purple/texture_07
f  686/193/2  685/181/2  687/191/2  688/192/2
usemtl kenney_prototype_textures/purple/texture_07
f  688/580/3  687/581/3  684/412/3  683/431/3  689/582/3
usemtl kenney_prototype_textures/purple/texture_07
f  689/583/357  683/356/357  682/427/357
usemtl kenney_prototype_textures/purple/texture_07
f  686/486/358  688/485/358  689/183/358  682/184/358

o entity0_brush56
usemtl kenney_prototype_textures/purple/texture_07
f  690/492/11  691/370/11  692/369/11  693/225/11  694/224/11
usemtl kenney_prototype_textures/purple/texture_07
f  695/191/359  692/180/359  691/181/359
usemtl kenney_prototype_textures/purple/texture_07
f  696/584/3  693/447/3  692/364/3  695/585/3  697/586/3
usemtl kenney_prototype_textures/purple/texture_07
f  697/192/4  695/191/4  691/181/4  690/193/4
usemtl kenney_prototype_textures/purple/texture_07
f  694/427/360  693/356/360  696/583/360
usemtl kenney_prototype_textures/purple/texture_07
f  696/225/361  697/493/361  690/492/361  694/224/361

o entity0_brush57
usemtl kenney_prototype_textures/purple/texture_07
f  698/232/11  699/225/11  700/233/11
usemtl kenney_prototype_textures/purple/texture_07
f  701/583/362  699/356/362  698/451/362  702/587/362
usemtl kenney_prototype_textures/purple/texture_07
f  703/588/3  700/452/3  699/447/3  701/584/3
usemtl kenney_prototype_textures/purple/texture_07
f  702/557/363  698/454/363  700/457/363  703/589/363
usemtl kenney_prototype_textures/purple/texture_07
f  703/233/364  701/225/364  702/232/364

o entity0_brush58
usemtl kenney_prototype_textures/purple/texture_07
f  704/257/11  705/233/11  706/183/11  707/258/11
usemtl kenney_prototype_textures/purple/texture_07
f  708/590/365  705/467/365  704/470/365  709/591/365
usemtl kenney_prototype_textures/purple/texture_07
f  710/587/366  707/451/366  706/356/366  711/583/366
usemtl kenney_prototype_textures/purple/texture_07
f  711/582/3  706/431/3  705/452/3  708/588/3
usemtl kenney_prototype_textures/purple/texture_07
f  709/562/367  704/471/367  707/458/367  710/561/367
usemtl kenney_prototype_textures/purple/texture_07
f  711/183/368  708/233/368  709/257/368  710/258/368

o entity0_brush59
usemtl kenney_prototype_textures/purple/texture_07
f  712/275/11  713/257/11  714/276/11
usemtl kenney_prototype_textures/purple/texture_07
f  715/564/369  714/470/369  713/471/369  716/562/369
usemtl kenney_prototype_textures/purple/texture_07
f  716/562/370  713/471/370  712/476/370  717/565/370
usemtl kenney_prototype_textures/purple/texture_07
f  717/565/9  712/476/9  714/470/9  715/564/9
usemtl kenney_prototype_textures/purple/texture_07
f  716/257/371  717/275/371  715/276/371

o entity0_brush60
usemtl kenney_prototype_textures/purple/texture_07
f  718/277/11  719/276/11  720/278/11
usemtl kenney_prototype_textures/purple/texture_07
f  721/569/372  720/477/372  719/470/372  722/564/372
usemtl kenney_prototype_textures/purple/texture_07
f  722/564/3  719/470/3  718/480/3  723/568/3
usemtl kenney_prototype_textures/purple/texture_07
f  723/568/373  718/480/373  720/477/373  721/569/373
usemtl kenney_prototype_textures/purple/texture_07
f  722/276/374  723/277/374  721/278/374

o entity0_brush61
usemtl kenney_prototype_textures/purple/texture_07
f  724/297/11  725/275/11  726/298/11
usemtl kenney_prototype_textures/purple/texture_07
f  727/565/375  725/476/375  724/484/375  728/567/375
usemtl kenney_prototype_textures/purple/texture_07
f  729/566/3  726/481/3  725/476/3  727/565/3
usemtl kenney_prototype_textures/purple/texture_07
f  728/567/376  724/484/376  726/481/376  729/566/376
usemtl kenney_prototype_textures/purple/texture_07
f  729/298/377  727/275/377  728/297/377

o entity0_brush62
usemtl kenney_prototype_textures/purple/texture_07
f  730/571/378  731/551/378  732/592/378  733/560/378  734/593/378
usemtl kenney_prototype_textures/purple/texture_07
f  732/256/4  731/546/4  735/13/4
usemtl kenney_prototype_textures/purple/texture_07
f  734/594/379  733/557/379  736/577/379
usemtl kenney_prototype_textures/purple/texture_07
f  737/255/380  735/13/380  731/546/380  730/222/380
usemtl kenney_prototype_textures/purple/texture_07
f  736/595/381  733/596/381  732/597/381  735/2/381  737/598/381
usemtl kenney_prototype_textures/purple/texture_07
f  730/571/382  734/593/382  736/554/382  737/599/382

o entity0_brush63
usemtl kenney_prototype_textures/purple/texture_07
f  738/593/383  739/267/383  740/563/383  741/600/383  742/119/383  743/570/383
usemtl kenney_prototype_textures/purple/texture_07
f  744/577/384  745/601/384  739/562/384  738/594/384
usemtl kenney_prototype_textures/purple/texture_07
f  746/8/2  742/221/2  741/256/2
usemtl kenney_prototype_textures/purple/texture_07
f  740/561/385  739/562/385  745/601/385
usemtl kenney_prototype_textures/purple/texture_07
f  743/222/386  742/221/386  746/8/386  747/255/386
usemtl kenney_prototype_textures/purple/texture_07
f  747/602/387  746/5/387  741/603/387  740/604/387  745/605/387  744/595/387
usemtl kenney_prototype_textures/purple/texture_07
f  744/554/388  738/593/388  743/570/388  747/606/388

o entity0_brush64
usemtl kenney_prototype_textures/purple/texture_07
f  748/271/389  749/272/389  750/267/389
usemtl kenney_prototype_textures/purple/texture_07
f  751/601/390  750/562/390  749/564/390  752/607/390
usemtl kenney_prototype_textures/purple/texture_07
f  752/607/3  749/564/3  748/565/3  753/608/3
usemtl kenney_prototype_textures/purple/texture_07
f  753/608/391  748/565/391  750/562/391  751/601/391
usemtl kenney_prototype_textures/purple/texture_07
f  752/609/392  753/610/392  751/611/392

o entity0_brush65
usemtl kenney_prototype_textures/purple/texture_07
f  754/285/393  755/286/393  756/271/393
usemtl kenney_prototype_textures/purple/texture_07
f  757/612/394  755/566/394  754/567/394  758/613/394
usemtl kenney_prototype_textures/purple/texture_07
f  759/608/9  756/565/9  755/566/9  757/612/9
usemtl kenney_prototype_textures/purple/texture_07
f  758/613/395  754/567/395  756/565/395  759/608/395
usemtl kenney_prototype_textures/purple/texture_07
f  757/614/396  758/615/396  759/610/396

o entity0_brush66
usemtl kenney_prototype_textures/purple/texture_07
f  760/294/397  761/272/397  762/293/397
usemtl kenney_prototype_textures/purple/texture_07
f  763/607/398  761/564/398  760/569/398  764/616/398
usemtl kenney_prototype_textures/purple/texture_07
f  765/617/9  762/568/9  761/564/9  763/607/9
usemtl kenney_prototype_textures/purple/texture_07
f  764/616/399  760/569/399  762/568/399  765/617/399
usemtl kenney_prototype_textures/purple/texture_07
f  765/618/400  763/609/400  764/619/400

o entity0_brush67
usemtl kenney_prototype_textures/purple/texture_07
f  766/620/401  767/621/401  768/622/401  769/623/401
usemtl kenney_prototype_textures/purple/texture_07
f  769/497/402  768/624/402  770/498/402
usemtl kenney_prototype_textures/purple/texture_07
f  770/499/3  768/625/3  767/626/3  771/495/3
usemtl kenney_prototype_textures/purple/texture_07
f  771/231/4  767/242/4  766/243/4
usemtl kenney_prototype_textures/purple/texture_07
f  766/627/403  769/232/403  770/233/403  771/493/403

o entity0_brush68
usemtl kenney_prototype_textures/purple/texture_07
f  772/628/404  773/605/404  774/622/404  775/629/404  776/630/404
usemtl kenney_prototype_textures/purple/texture_07
f  777/503/405  773/601/405  772/504/405
usemtl kenney_prototype_textures/purple/texture_07
f  776/243/2  775/242/2  778/231/2
usemtl kenney_prototype_textures/purple/texture_07
f  778/490/3  775/631/3  774/625/3  779/499/3
usemtl kenney_prototype_textures/purple/texture_07
f  779/501/406  774/632/406  773/633/406  777/502/406
usemtl kenney_prototype_textures/purple/texture_07
f  777/257/407  772/258/407  776/634/407  778/485/407  779/233/407

o entity0_brush69
usemtl kenney_prototype_textures/purple/texture_07
f  780/605/408  781/635/408  782/636/408
usemtl kenney_prototype_textures/purple/texture_07
f  783/506/9  782/637/9  781/638/9  784/505/9
usemtl kenney_prototype_textures/purple/texture_07
f  784/505/409  781/638/409  780/601/409  785/503/409
usemtl kenney_prototype_textures/purple/texture_07
f  785/503/410  780/601/410  782/637/410  783/506/410
usemtl kenney_prototype_textures/purple/texture_07
f  784/276/411  785/257/411  783/275/411

o entity0_brush70
usemtl kenney_prototype_textures/purple/texture_07
f  786/639/412  787/635/412  788/640/412
usemtl kenney_prototype_textures/purple/texture_07
f  789/507/413  788/641/413  787/638/413  790/505/413
usemtl kenney_prototype_textures/purple/texture_07
f  790/505/3  787/638/3  786/642/3  791/508/3
usemtl kenney_prototype_textures/purple/texture_07
f  791/508/414  786/642/414  788/641/414  789/507/414
usemtl kenney_prototype_textures/purple/texture_07
f  789/278/415  790/276/415  791/277/415

o entity0_brush71
usemtl kenney_prototype_textures/purple/texture_07
f  792/643/416  793/636/416  794/644/416
usemtl kenney_prototype_textures/purple/texture_07
f  795/509/3  794/645/3  793/637/3  796/506/3
usemtl kenney_prototype_textures/purple/texture_07
f  796/506/417  793/637/417  792/646/417  797/510/417
usemtl kenney_prototype_textures/purple/texture_07
f  797/510/418  792/646/418  794/645/418  795/509/418
usemtl kenney_prototype_textures/purple/texture_07
f  795/298/419  796/275/419  797/297/419

o entity0_brush72
usemtl kenney_prototype_textures/purple/texture_07
f  798/623/420  799/605/420  800/1/420  801/17/420  802/620/420
usemtl kenney_prototype_textures/purple/texture_07
f  803/598/421  800/1/421  799/605/421  804/595/421
usemtl kenney_prototype_textures/purple/texture_07
f  802/270/4  801/14/4  805/647/4
usemtl kenney_prototype_textures/purple/texture_07
f  804/648/422  799/649/422  798/650/422
usemtl kenney_prototype_textures/purple/texture_07
f  805/647/423  801/14/423  800/15/423  803/255/423
usemtl kenney_prototype_textures/purple/texture_07
f  804/554/424  798/560/424  802/592/424  805/651/424  803/599/424

o entity0_brush73
usemtl kenney_prototype_textures/purple/texture_07
f  806/630/425  807/16/425  808/6/425  809/605/425  810/628/425
usemtl kenney_prototype_textures/purple/texture_07
f  811/595/426  809/605/426  808/6/426  812/602/426
usemtl kenney_prototype_textures/purple/texture_07
f  813/652/427  809/649/427  811/648/427
usemtl kenney_prototype_textures/purple/texture_07
f  812/255/428  808/15/428  807/7/428  814/215/428
usemtl kenney_prototype_textures/purple/texture_07
f  814/215/2  807/7/2  806/270/2
usemtl kenney_prototype_textures/purple/texture_07
f  810/650/429  809/649/429  813/652/429
usemtl kenney_prototype_textures/purple/texture_07
f  810/563/430  813/267/430  811/554/430  812/606/430  814/119/430  806/600/430

o entity0_brush74
usemtl kenney_prototype_textures/purple/texture_07
f  815/635/431  816/605/431  817/636/431
usemtl kenney_prototype_textures/purple/texture_07
f  818/506/432  817/637/432  816/601/432  819/503/432
usemtl kenney_prototype_textures/purple/texture_07
f  819/652/433  816/649/433  815/653/433  820/654/433
usemtl kenney_prototype_textures/purple/texture_07
f  820/505/3  815/638/3  817/637/3  818/506/3
usemtl kenney_prototype_textures/purple/texture_07
f  819/267/434  820/272/434  818/271/434

o entity0_brush75
usemtl kenney_prototype_textures/purple/texture_07
f  821/644/435  822/636/435  823/643/435
usemtl kenney_prototype_textures/purple/texture_07
f  824/510/436  823/646/436  822/637/436  825/506/436
usemtl kenney_prototype_textures/purple/texture_07
f  825/506/9  822/637/9  821/645/9  826/509/9
usemtl kenney_prototype_textures/purple/texture_07
f  826/509/437  821/645/437  823/646/437  824/510/437
usemtl kenney_prototype_textures/purple/texture_07
f  825/271/438  826/286/438  824/285/438

o entity0_brush76
usemtl kenney_prototype_textures/purple/texture_07
f  827/639/439  828/640/439  829/635/439
usemtl kenney_prototype_textures/purple/texture_07
f  830/654/440  829/653/440  828/655/440  831/656/440
usemtl kenney_prototype_textures/purple/texture_07
f  831/507/441  828/641/441  827/642/441  832/508/441
usemtl kenney_prototype_textures/purple/texture_07
f  832/508/9  827/642/9  829/638/9  830/505/9
usemtl kenney_prototype_textures/purple/texture_07
f  831/294/442  832/293/442  830/272/442

o entity0_brush77
usemtl kenney_prototype_textures/purple/texture_07
f  833/627/443  834/493/443  835/233/443  836/232/443
usemtl kenney_prototype_textures/purple/texture_07
f  837/633/444  836/657/444  835/590/444  838/632/444
usemtl kenney_prototype_textures/purple/texture_07
f  838/625/3  835/588/3  834/586/3  839/626/3
usemtl kenney_prototype_textures/purple/texture_07
f  839/242/4  834/192/4  833/265/4  840/24/4
usemtl kenney_prototype_textures/purple/texture_07
f  840/25/445  833/597/445  836/596/445  837/605/445
usemtl kenney_prototype_textures/purple/texture_07
f  839/658/446  840/21/446  837/659/446  838/660/446

o entity0_brush78
usemtl kenney_prototype_textures/purple/texture_07
f  841/258/447  842/257/447  843/233/447  844/485/447  845/634/447
usemtl kenney_prototype_textures/purple/texture_07
f  846/601/448  842/562/448  841/561/448
usemtl kenney_prototype_textures/purple/texture_07
f  847/24/2  845/265/2  844/192/2  848/242/2
usemtl kenney_prototype_textures/purple/texture_07
f  848/631/3  844/580/3  843/588/3  849/625/3
usemtl kenney_prototype_textures/purple/texture_07
f  849/632/449  843/590/449  842/591/449  846/633/449
usemtl kenney_prototype_textures/purple/texture_07
f  846/605/450  841/604/450  845/603/450  847/26/450
usemtl kenney_prototype_textures/purple/texture_07
f  849/660/451  846/659/451  847/18/451  848/661/451

o entity0_brush79
usemtl kenney_prototype_textures/purple/texture_07
f  850/257/452  851/276/452  852/275/452
usemtl kenney_prototype_textures/purple/texture_07
f  853/608/9  852/565/9  851/564/9  854/607/9
usemtl kenney_prototype_textures/purple/texture_07
f  854/607/453  851/564/453  850/562/453  855/601/453
usemtl kenney_prototype_textures/purple/texture_07
f  855/601/454  850/562/454  852/565/454  853/608/454
usemtl kenney_prototype_textures/purple/texture_07
f  854/662/455  855/605/455  853/663/455

o entity0_brush80
usemtl kenney_prototype_textures/purple/texture_07
f  856/278/456  857/277/456  858/276/456
usemtl kenney_prototype_textures/purple/texture_07
f  859/617/457  857/568/457  856/569/457  860/616/457
usemtl kenney_prototype_textures/purple/texture_07
f  861/607/3  858/564/3  857/568/3  859/617/3
usemtl kenney_prototype_textures/purple/texture_07
f  860/616/458  856/569/458  858/564/458  861/607/458
usemtl kenney_prototype_textures/purple/texture_07
f  861/662/459  859/664/459  860/665/459

o entity0_brush81
usemtl kenney_prototype_textures/purple/texture_07
f  862/275/460  863/298/460  864/297/460
usemtl kenney_prototype_textures/purple/texture_07
f  865/612/3  863/566/3  862/565/3  866/608/3
usemtl kenney_prototype_textures/purple/texture_07
f  867/613/461  864/567/461  863/566/461  865/612/461
usemtl kenney_prototype_textures/purple/texture_07
f  866/666/462  862/667/462  864/668/462  867/669/462
usemtl kenney_prototype_textures/purple/texture_07
f  865/670/463  866/663/463  867/671/463

o entity0_brush82
usemtl kenney_prototype_textures/purple/texture_07
f  868/665/464  869/664/464  870/4/464  871/672/464
usemtl kenney_prototype_textures/purple/texture_07
f  871/284/2  870/23/2  872/283/2
usemtl kenney_prototype_textures/purple/texture_07
f  872/673/3  870/674/3  869/617/3  873/675/3
usemtl kenney_prototype_textures/purple/texture_07
f  873/675/465  869/617/465  868/616/465
usemtl kenney_prototype_textures/purple/texture_07
f  868/665/466  871/672/466  872/676/466  873/677/466

o entity0_brush83
usemtl kenney_prototype_textures/purple/texture_07
f  874/678/467  875/3/467  876/670/467  877/671/467
usemtl kenney_prototype_textures/purple/texture_07
f  877/613/468  876/612/468  878/679/468
usemtl kenney_prototype_textures/purple/texture_07
f  878/679/3  876/612/3  875/680/3  879/681/3
usemtl kenney_prototype_textures/purple/texture_07
f  879/283/4  875/23/4  874/284/4
usemtl kenney_prototype_textures/purple/texture_07
f  874/678/469  877/671/469  878/682/469  879/683/469

o entity0_brush84
usemtl kenney_prototype_textures/purple/texture_07
f  880/643/470  881/684/470  882/685/470  883/686/470
usemtl kenney_prototype_textures/purple/texture_07
f  884/645/471  881/687/471  880/646/471
usemtl kenney_prototype_textures/purple/texture_07
f  885/688/9  882/689/9  881/687/9  884/645/9
usemtl kenney_prototype_textures/purple/texture_07
f  883/292/4  882/291/4  885/10/4
usemtl kenney_prototype_textures/purple/texture_07
f  883/686/472  885/12/472  884/644/472  880/643/472

o entity0_brush85
usemtl kenney_prototype_textures/purple/texture_07
f  886/690/473  887/691/473  888/692/473  889/640/473
usemtl kenney_prototype_textures/purple/texture_07
f  889/641/474  888/693/474  890/642/474
usemtl kenney_prototype_textures/purple/texture_07
f  891/10/2  887/291/2  886/292/2
usemtl kenney_prototype_textures/purple/texture_07
f  890/642/9  888/693/9  887/694/9  891/695/9
usemtl kenney_prototype_textures/purple/texture_07
f  886/690/475  889/640/475  890/639/475  891/11/475

o entity0_brush86
usemtl kenney_prototype_textures/purple/texture_07
f  892/640/476  893/692/476  894/691/476  895/690/476
usemtl kenney_prototype_textures/purple/texture_07
f  895/302/2  894/301/2  896/22/2
usemtl kenney_prototype_textures/purple/texture_07
f  896/695/3  894/694/3  893/693/3  897/642/3
usemtl kenney_prototype_textures/purple/texture_07
f  897/642/477  893/693/477  892/641/477
usemtl kenney_prototype_textures/purple/texture_07
f  892/640/478  895/690/478  896/11/478  897/639/478

o entity0_brush87
usemtl kenney_prototype_textures/purple/texture_07
f  898/686/479  899/685/479  900/684/479  901/643/479
usemtl kenney_prototype_textures/purple/texture_07
f  901/646/480  900/687/480  902/645/480
usemtl kenney_prototype_textures/purple/texture_07
f  902/645/3  900/687/3  899/689/3  903/688/3
usemtl kenney_prototype_textures/purple/texture_07
f  903/22/4  899/301/4  898/302/4
usemtl kenney_prototype_textures/purple/texture_07
f  898/686/481  901/643/481  902/644/481  903/12/481

o entity0_brush88
usemtl kenney_prototype_textures/purple/texture_07
f  904/671/482  905/670/482  906/3/482  907/678/482
usemtl kenney_prototype_textures/purple/texture_07
f  908/679/483  905/612/483  904/613/483
usemtl kenney_prototype_textures/purple/texture_07
f  909/681/9  906/680/9  905/612/9  908/679/9
usemtl kenney_prototype_textures/purple/texture_07
f  907/296/4  906/9/4  909/295/4
usemtl kenney_prototype_textures/purple/texture_07
f  908/682/484  904/671/484  907/678/484  909/683/484

o entity0_brush89
usemtl kenney_prototype_textures/purple/texture_07
f  910/672/485  911/4/485  912/664/485  913/665/485
usemtl kenney_prototype_textures/purple/texture_07
f  914/295/2  911/9/2  910/296/2
usemtl kenney_prototype_textures/purple/texture_07
f  915/675/9  912/617/9  911/674/9  914/673/9
usemtl kenney_prototype_textures/purple/texture_07
f  913/616/486  912/617/486  915/675/486
usemtl kenney_prototype_textures/purple/texture_07
f  913/665/487  915/677/487  914/676/487  910/672/487

